Query,Soft Skills
Artificial Intelligence,"['problem solving', 'communication', 'organizational']"
Artificial Intelligence,"['proactive attitude', 'collaboration', 'creativity', 'self direction', 'problem solving', 'adaptability']"
Artificial Intelligence,"['participation in international standard', 'independence', 'interpersonal', 'consortia', 'teamwork', 'communication', 'or industry fora']"
Artificial Intelligence,"['time management', 'client management', 'strategic mindset', 'problem solving', 'relationship building', 'thought leadership', 'teamwork', 'communication', 'confidence', 'adaptability']"
Artificial Intelligence,"['proactive mindset', 'accountability', 'team player', 'entrepreneurial mindset', 'problem solving', 'communication', 'adaptability']"
Artificial Intelligence,"['innovation', 'visionary leadership', 'collaboration', 'team coaching', 'resource allocation']"
Artificial Intelligence,"['problem solving', 'collaboration', 'communication', 'project and time management']"
Artificial Intelligence,"['customer engagement', 'accountability', 'collaboration', 'leadership', 'problem solving', 'communication']"
Artificial Intelligence,"['team management', 'relationship management', 'influencing', 'pragmatism', 'learning agility', 'leadership', 'good judgment', 'communication']"
Artificial Intelligence,"['strong communication', 'ethical standard', 'attention to detail', 'collaboration', 'leadership', 'problem solving', 'strong time management', 'flexibility']"
Artificial Intelligence,"['team management', 'self starter', 'deadline oriented', 'collaboration', 'creativity', 'leadership', 'problem solving', 'communication', 'emotional intelligence', 'adaptability']"
Artificial Intelligence,"['judgment', 'situational awareness', 'self motivation', 'communication', 'adaptability']"
Artificial Intelligence,"['client relationship management', 'time management', 'analytical', 'strategic growth planning', 'problem solving', 'teamwork', 'communication']"
Artificial Intelligence,"['time management', 'entrepreneurship', 'collaboration', 'creativity', 'passion for', 'leadership', 'problem solving', 'communication']"
Artificial Intelligence,"['problem solving', 'teamwork', 'communication', 'initiative']"
Artificial Intelligence,"['problem solving', 'collaboration', 'communication', 'project management']"
Artificial Intelligence,"['enthusiasm', 'leadership quality', 'versatility', 'problem solving', 'communication']"
Artificial Intelligence,"['team collaboration', 'accountability', 'entrepreneurial mindset', 'problem solving', 'communication']"
Artificial Intelligence,"['time management', 'decision making', 'integrity', 'leadership', 'adaptability']"
Artificial Intelligence,"['presentation', 'analytical', 'team management and influence', 'conflict resolution', 'communication (written and oral)', 'negotiation', 'interpersonal']"
Artificial Intelligence,['strong publication record']
Artificial Intelligence,"['resourcefulness', 'prioritization', 'empathy', 'building relationship', 'positive attitude', 'teamwork', 'learning mindset', 'adaptability']"
Artificial Intelligence,"['strategic thinking', 'sale', 'presentation', 'collaboration', 'relationship building', 'leadership', 'problem solving', 'communication', 'networking']"
Artificial Intelligence,"['strategic thinking', 'sale', 'motivation', 'coaching', 'problem solving', 'collaboration', 'relationship building', 'leadership', 'mentoring', 'teaching', 'communication']"
Artificial Intelligence,"['attention to detail', 'independence', 'collaboration', 'creativity', 'leadership', 'teamwork']"
Artificial Intelligence,"['deadline consciousness', 'attention to detail', 'organizational', 'professionalism', 'leadership', 'problem solving', 'teamwork', 'flexibility', 'management']"
Artificial Intelligence,"['effective communication', 'time management', 'organizational', 'client focused mindset', 'creativity', 'self confidence', 'strong problem solving', 'interpersonal', 'flexibility', 'superior analytical']"
Artificial Intelligence,"['energetic in seeking source', 'clear and concise writing', 'idea generation', 'collaboration']"
Artificial Intelligence,"['problem solving', 'collaboration', 'creativity', 'originality', 'communication', 'adaptability']"
Artificial Intelligence,"['time management', 'attention to detail', 'research', 'independent work', 'critical thinking', 'discretion', 'problem solving', 'teamwork', 'communication', 'analytical thinking', 'adaptability']"
Artificial Intelligence,"['strong communication', 'self motivated', 'team player', 'detail oriented', 'critical thinking', 'continuous improvement mindset']"
Artificial Intelligence,"['articulate design decision', 'communication']"
Artificial Intelligence,"['leadership', 'attention to detail', 'budget management', 'project management', 'cross cultural understanding', 'strategic thinking', 'problem solving', 'thought leadership', 'communication']"
Artificial Intelligence,"['independence in work', 'effective relationship building', 'report writing and documentation', 'problem solving', 'communication']"
Artificial Intelligence,"['action oriented', 'friendliness', 'humility', 'creativity', 'communication', 'creative writing', 'organization']"
Artificial Intelligence,"['professionalism', 'attention to detail', 'team player', 'self motivation', 'excellent customer service', 'problem solving', 'deadline conscious']"
Artificial Intelligence,"['presentation', 'problem solving', 'collaboration', 'creativity', 'inspiration', 'self starter', 'teamwork', 'communication', 'adaptability']"
Artificial Intelligence,"['collaboration', 'positive attitude', 'integrity', 'strategic thinking', 'communication', 'adaptability']"
Artificial Intelligence,"['deliver under tight deadline', 'leadership and followership', 'entrepreneurial mindset', 'comfort with ambiguity', 'prioritization', 'project management', 'team first attitude', 'communication', 'cross functional collaboration']"
Artificial Intelligence,"['strong communication', 'analytical', 'research', 'editing', 'writing', 'proofreading', 'interpersonal communication']"
Artificial Intelligence,"['leadership', 'stakeholder management', 'patience', 'organizational', 'decision making', 'collaboration', 'strategic thinking', 'self sufficiency', 'communication', 'ambition']"
Artificial Intelligence,"['judgment', 'organizational', 'team player', 'risk taking', 'pitching', 'event management', 'collaboration', 'creativity', 'relationship building', 'strategic thinking', 'self starter', 'communication', 'adaptability']"
Artificial Intelligence,['self motivated team player']
Artificial Intelligence,"['business development', 'project management', 'problem solving', 'teamwork', 'communication', 'adaptability']"
Artificial Intelligence,"['decision making', 'interpersonal communication', 'mentoring', 'problem solving', 'teamwork', 'leadership']"
Artificial Intelligence,"['team collaboration', 'integrity', 'efficiency', 'leadership', 'communication', 'flexibility']"
Artificial Intelligence,"['time management', 'analytical', 'verbal and written communication', 'remain calm under pressure', 'self motivation', 'computer', 'problem solving', 'teamwork']"
Artificial Intelligence,"['self discipline', 'interpersonal', 'autonomy', 'problem solving', 'teamwork', 'communication']"
Artificial Intelligence,"['analytical', 'attention to detail', 'soft skills:', 'written and verbal communication', 'interpersonal', 'flexibility', 'adaptability']"
Artificial Intelligence,"['team collaboration', 'new business development', 'relationship building', 'negotiation', 'problem solving', 'communication', 'strategic sales planning']"
Artificial Intelligence,"['interdisciplinary collaboration', 'team management', 'presentation', 'safety management', 'research grant writing', 'project management', 'proposal development', 'initiative', 'leadership', 'communication']"
Artificial Intelligence,"['collaboration', 'presentation']"
Artificial Intelligence,"['strong emotional intelligence', 'humility', 'competitive and entrepreneurial mindset', 'team first attitude', 'hunger to succeed', 'adaptability']"
Artificial Intelligence,"['analytic ability', 'coaching', 'communication']"
Artificial Intelligence,"['team management', 'leadership', 'presentation', 'organizational', 'customer management', 'negotiation', 'strategic thinking', 'communication', 'passion for startup environment']"
Artificial Intelligence,"['presentation', 'decision making', 'collaboration', 'problem solving', 'communication', 'analytical thinking']"
Artificial Intelligence,"['customer service', 'action oriented', 'urgency', 'patience', 'open and honest communication', 'empathy', 'drive', 'problem solving', 'communication', 'organization']"
Artificial Intelligence,"['customer service', 'time management', 'attention to detail', 'leadership', 'problem solving', 'teamwork', 'communication', 'adaptability']"
Artificial Intelligence,"['time management', 'attention to detail', 'storytelling', 'ability to visually communicate', 'flexibility']"
Artificial Intelligence,"['client relationship development', 'innovation', 'agility', 'project management', 'collaboration', 'creativity', 'problem solving', 'teamwork', 'communication']"
Artificial Intelligence,"['strong execution', 'professionalism', 'attention to detail', 'dependable and reliable', 'collaboration', '""can do"" attitude', 'flexibility', 'strong start up spirit', 'excellent work ethic', 'multi tasking']"
Artificial Intelligence,"['time management', 'presentation', 'attention to detail', 'organizational', 'collaboration', 'communication', 'problem solving', 'facilitation', 'interpersonal']"
Artificial Intelligence,"['team management', 'resourcefulness', 'client relationship management', 'time management', 'analytical', 'attention to detail', 'entrepreneurial spirit', 'mentorship', 'collaboration', 'strategic thinking', 'problem solving', 'fast paced environment', 'communication', 'adaptability']"
Artificial Intelligence,"['goal driven', 'sale', 'analytical', 'interpersonal', 'start up experience', 'positive attitude', 'relationship building', 'business acumen', 'communication', 'ability to adapt']"
Artificial Intelligence,"['collaboration', 'creativity', 'leadership', 'problem solving', 'communication', 'analytical thinking']"
Artificial Intelligence,"['leadership through influence', 'change management', 'financial acumen', 'attention to detail', 'project management', 'collaboration', 'relationship building', 'communication']"
Artificial Intelligence,"['customer service', 'teamwork', 'communication']"
Artificial Intelligence,"['building relationships with client', 'providing feedback', 'project economics management', 'leadership', 'managing engagement', 'teamwork', 'communication', 'monitoring workload']"
Artificial Intelligence,"['effective communication', 'entrepreneurial mindset', 'competitive mindset', 'team first attitude', 'positive attitude', 'interpersonal']"
Artificial Intelligence,"['agile mindset', 'creative thinking', 'collaboration', 'leadership', 'problem solving', 'communication']"
Artificial Intelligence,"['presentation', 'diversity', 'innovation', 'knowledge sharing', 'corporate social responsibility', 'collaboration', 'communication', 'teamwork', 'entrepreneurial attitude']"
Artificial Intelligence,"['trustworthiness', 'prioritization', 'soft skills:', 'project management', 'collaboration', 'creativity', 'relationship building', 'problem solving', 'communication', 'proactive counseling', 'adaptability']"
Artificial Intelligence,"['strong communication', 'innovation', 'collaboration', 'lifelong learning', 'leadership']"
Artificial Intelligence,"['team management', 'presentation', 'innovation', 'influence', 'vendor management', 'collaboration', 'negotiation', 'leadership', 'problem solving', 'communication']"
Artificial Intelligence,"['resourcefulness', 'presentation', 'consensus building', 'innovation', 'team player', 'entrepreneurial mindset', 'collaboration', 'creativity', 'integrity', 'positive attitude', 'relationship building', 'leadership', 'problem solving', 'communication', 'flexibility', 'ambition']"
Artificial Intelligence,"['commercial acumen', 'collaboration', 'negotiation', 'leadership', 'problem solving', 'communication']"
Artificial Intelligence,"['meeting deadline', 'effective workload management', 'excellent attention to detail', 'receptiveness to feedback', 'good interpersonal', 'communication']"
Artificial Intelligence,"['team management', 'entrepreneurial mindset', 'proposal writing', 'creativity', 'leadership', 'customer interaction', 'interpersonal']"
Artificial Intelligence,"['time management', 'attention to detail', 'collaboration', 'creativity', 'problem solving', 'communication', 'analytical thinking']"
Artificial Intelligence,"['problem solving', 'creativity', 'passion']"
Artificial Intelligence,"['strong communication', 'people', 'cross functional team collaboration', 'multi tasking', 'social awareness']"
Artificial Intelligence,"['leadership', 'partnership', 'self driven', 'collaboration', 'strategic thinking', 'passion', 'communication', 'adaptability']"
Artificial Intelligence,"['diversity and inclusion', 'collaboration', 'st century', 'technical vision', 'strong commitment to teaching']"
Artificial Intelligence,"['ability to work independently', 'communication']"
Artificial Intelligence,"['proactiveness', 'resilience', 'collaboration', 'creativity', 'leadership', 'problem solving', 'analytical thinking']"
Artificial Intelligence,"['problem solving/analysis', 'project management', 'autonomy', 'communication', 'documentation']"
Artificial Intelligence,"['strategic thinking', 'time management', 'attention to detail', 'collaboration', 'client liaison', 'leadership', 'problem solving', 'communication', 'flexibility']"
Artificial Intelligence,"['leadership', 'entrepreneurial mindset', 'prioritization', 'relationship building', 'strategic thinking', 'problem solving', 'communication', 'cross functional collaboration']"
Artificial Intelligence,"['team management', 'recruitment', 'employee development', 'presentation', 'financial acumen', 'strategic planning', 'coaching', 'retention', 'collaboration', 'leadership', 'problem solving', 'budget management', 'communication']"
Artificial Intelligence,"['high energy', 'time management', 'influencing', 'interpersonal', 'project management', 'trust building', 'creativity', 'strategic thinking', 'teamwork', 'communication', 'analytical thinking']"
Artificial Intelligence,"['time management', 'initiative', 'continuous learning', 'leadership', 'problem solving', 'communication', 'quality orientation']"
Artificial Intelligence,"['consultative', 'communication', 'project management', 'leadership']"
Artificial Intelligence,"['discretionary judgment', 'time management', 'attention to detail', 'independence', 'adaptability', 'intellectual curiosity', 'initiative', 'problem solving', 'teamwork', 'communication', 'organization']"
Artificial Intelligence,"['collaboration', 'communication', 'innovation', 'leadership']"
Artificial Intelligence,"['self motivated', 'verbal and written communication', 'multilingual proficiency', 'telephone communication', 'adaptability']"
Artificial Intelligence,"['team management', 'leadership', 'multitasking', 'communication', 'cross functional collaboration']"
Artificial Intelligence,"['work ethic', 'relationship management', 'continuous improvement', 'prioritization', 'collaboration', 'creativity', 'positive attitude', 'strategic thinking', 'dependability', 'communication', 'team building']"
Artificial Intelligence,"['collaboration', 'communication', 'adaptability']"
Artificial Intelligence,"['analytical', 'detail oriented', 'adaptability', 'innovative', 'interpersonal communication', 'problem solver', 'strong project management', 'multi tasking', 'curious']"
Artificial Intelligence,"['time management', 'attention to detail', 'organizational', 'self motivation', 'collaboration', 'leadership', 'problem solving', 'communication', 'flexibility']"
Artificial Intelligence,"['motivated', 'transparent', 'energetic', 'collaborative', 'inspired']"
Artificial Intelligence,"['innovation', 'drive for result', 'open and frequent communication', 'inspiration for action', 'strategic thinking', 'communication']"
Artificial Intelligence,"['time management', 'detail oriented', 'strong interpersonal', 'creativity', 'problem solving', 'teamwork', 'communication', 'strong work ethic']"
Artificial Intelligence,"['adaptability', 'fast iteration', 'creativity', 'self management', 'analytical problem solving', 'communication', 'data analysis', 'commitment']"
Artificial Intelligence,"['innovative thinking', 'collaboration', 'written communication', 'problem solving', 'interpersonal']"
Artificial Intelligence,"['team collaboration', 'strategic planning', 'leadership', 'problem solving', 'written and verbal communication']"
Artificial Intelligence,"['well organized', 'action oriented mindset', 'influencing', 'strong leadership', 'problem solving', 'interpersonal']"
Artificial Intelligence,"['customer satisfaction', 'analytical', 'teamwork', 'relationship building', 'strategic thinking', 'problem solving', 'consultative selling', 'communication']"
Artificial Intelligence,"['relationship development', 'time management', 'presentation', 'customer obsession', 'innovation', 'coaching', 'trustworthiness', 'empathy', 'collaboration', 'leadership', 'problem solving', 'communication', 'adaptability']"
Artificial Intelligence,"['teamwork', 'communication', 'fast paced work environment']"
Artificial Intelligence,"['team management', 'presentation', 'business development', 'eminence development', 'client management', 'problem solving', 'communication', 'mentoring', 'leadership', 'engagement management', 'practice development', 'people development']"
Artificial Intelligence,"['analytical', 'organizational', 'problem solving', 'dependability', 'adaptability']"
Artificial Intelligence,"['problem solving', 'collaboration', 'analytical', 'leadership']"
Artificial Intelligence,"['ability to work independently', 'time management', 'attention to detail', 'organization', 'teamwork', 'adaptability']"
Artificial Intelligence,"['strategic thinking', 'project management', 'collaboration', 'relationship building', 'candidate care', 'leadership', 'problem solving', 'communication']"
Artificial Intelligence,"['ability to work independently', 'presentation', 'analytical', 'creative thinking', 'team collaboration', 'problem solving ability', 'global mobility', 'desire for innovation', 'interest in', 'communication', 'team spirit', 'leadership', 'interpersonal']"
Artificial Intelligence,"['collaboration', 'effective communication']"
Artificial Intelligence,"['effective communication', 'time management', 'team collaboration', 'knowledge sharing', 'creativity', 'leadership', 'problem solving', 'goal oriented', 'flexibility', 'analytical thinking', 'adaptability']"
Artificial Intelligence,"['credibility', 'energy', 'relationship management', 'poise', 'drive', 'polished executive presence', 'negotiation', 'interpersonal']"
Artificial Intelligence,"['presentation', 'collaboration', 'creativity', 'usability design', 'problem solving', 'communication']"
Big Data Engineer,"['collaboration', 'creativity', 'innovation']"
Big Data Engineer,"['results oriented', 'planning', 'independence', 'communication (written and oral)', 'leadership', 'problem solving', 'teamwork', 'adaptability']"
Big Data Engineer,"['flexibility and dependability', 'and stakeholder', 'enthusiasm for', 'optimism', 'positive attitude', 'engineer']"
Big Data Engineer,"['fast learner', 'collaboration', 'creativity', 'communication', 'hardworking']"
Big Data Engineer,"['analytical', 'self motivated', 'detail oriented', 'multi tasking ability', 'collaboration', 'problem solving', 'communication', 'adaptability']"
Big Data Engineer,"['monitoring', 'strategic planning', 'interpersonal', 'collaboration', 'automation', 'creativity', 'relationship building', 'problem solving', 'communication', 'analytical thinking']"
Big Data Engineer,"['customer service', 'strategic thinking', 'presentation', 'accountability', 'collaboration', 'autonomy', 'mentorship', 'problem solving', 'communication', 'adaptability']"
Big Data Engineer,"['remote communication', 'logical thinking', 'prioritization', 'building relationship', 'critical thinking', 'virtual teamwork', 'passion for', 'leadership', 'communication']"
Big Data Engineer,"['stakeholder management', 'team development', 'collaboration', 'relationship building', 'leadership', 'problem solving', 'budget management', 'communication']"
Big Data Engineer,"['attention to detail', 'excellent communication', 'strong mentorship capability', 'high standard of excellence', 'commitment to excellence']"
Big Data Engineer,"['problem solving', 'teamwork']"
Big Data Engineer,"['persistence', 'logical thinking', 'cleverness', 'curiosity']"
Big Data Engineer,"['quick learner', 'self motivated', 'excellent problem solving', 'teamwork', 'organized and detail oriented', 'analytical thinking']"
Big Data Engineer,"['determination', 'time management', 'presentation', 'attention to detail', 'prioritization', 'collaboration', 'creativity', 'inspiration', 'autonomy', 'responsibility', 'problem solving', 'teamwork', 'communication', 'proactivity']"
Big Data Engineer,"['leadership', 'presentation', 'decision making', 'creativity', 'strategic thinking', 'problem solving', 'teamwork', 'communication', 'adaptability']"
Big Data Engineer,['detail oriented']
Big Data Engineer,"['design', 'team collaboration', 'conceptual thinking', 'continuous improvement mindset', 'mentoring', 'problem solving', 'communication', 'analytical thinking']"
Big Data Engineer,"['research', 'collaboration', 'mentoring', 'problem solving', 'communication', 'project planning']"
Big Data Engineer,"['effective communication', 'interfacing with different areas', 'collaboration', 'mentoring', 'project planning']"
Big Data Engineer,"['time management', 'ownership', 'team player', 'people management', 'prioritization', 'analysis', 'project management', 'proactive approach', 'responsibility', 'problem solving', 'communication']"
Big Data Engineer,"['problem solving', 'communication', 'analytical']"
Big Data Engineer,"['time management', 'attention to detail', 'problem solving', 'teamwork', 'communication', 'analytical thinking']"
Big Data Engineer,"['strong communication', 'willingness to learn', 'ability to prepare presentation', 'self starter', 'teamwork', 'adaptability']"
Big Data Engineer,"['problem solving', 'analytical']"
Big Data Engineer,"['attention to detail', 'innovation', 'prioritization', 'decision making', 'critical thinking', 'self motivation', 'collaboration', 'creativity', 'leadership', 'problem solving', 'communication']"
Big Data Engineer,"['strategic thinking', 'teamworking', 'organizational', 'business liaison', 'project management', 'self reliance', 'mentoring', 'sense of urgency', 'leadership', 'enthusiastic style', 'communication']"
Big Data Engineer,"['collaboration', 'creativity', 'strategic thinking', 'problem solving', 'coaching and mentoring', 'communication']"
Big Data Engineer,"['problem solving', 'communication', 'analytical', 'critical thinking']"
Big Data Engineer,"['active listening', 'professional curiosity', 'creativity', 'continuous learning', 'teamwork', 'communication', 'willingness to travel']"
Big Data Engineer,"['training and mentoring', 'attention to detail', 'critical thinking', 'problem solving', 'interpersonal', 'adaptability']"
Big Data Engineer,"['time management', 'decision making', 'problem solving', 'continuous improvement mentality', 'leadership', 'mentoring', 'communication', 'adaptability']"
Big Data Engineer,"['innovation', 'decision making', 'critical thinking', 'agile development', 'leadership', 'problem solving', 'teamwork', 'communication', 'adaptability']"
Big Data Engineer,"['ownership', 'attention to detail', 'collaboration', 'problem solving', 'communication', 'analytical thinking', 'adaptability']"
Big Data Engineer,"['problem solving', 'collaboration', 'documentation', 'adaptability']"
Big Data Engineer,"['liaison', 'collaboration', 'customer interaction', 'requirement translation', 'agile methodology (scrum)', 'communication', 'subject matter expertise', 'interest in video gaming']"
Big Data Engineer,"['team management', 'communication', 'strong analytical', 'reporting']"
Big Data Engineer,"['presentation', 'curiosity', 'written/verbal communication', 'coordination', 'travel willingness', 'creativity', 'continuous learning', 'problem solving', 'teamwork', 'client communication']"
Big Data Engineer,"['client engagement and consultation', 'continuous improvement', 'project management', 'communication and collaboration', 'team leadership', 'problem solving', 'networking']"
Big Data Engineer,"['innovation driven', 'creative thinking', 'persuasive communication', 'collaboration', 'leadership']"
Big Data Engineer,"['stakeholder management', 'innovation', 'client management', 'strong interpersonal', 'building and leading team', 'collaboration', 'hands on engineering leadership', 'deep understanding', 'problem solving', 'communication']"
Big Data Engineer,['team collaboration']
Big Data Engineer,"['strong communication', 'self motivated', 'creativity', 'teamwork', 'flexibility']"
Big Data Engineer,"['attention to detail', 'global team player', 'prioritization', 'collaboration', 'sense of urgency', 'written and verbal communication', 'interpersonal', 'multi tasking', 'quality orientation']"
Big Data Engineer,"['client relationship management', 'verbal and written communication', 'innovation', 'agile project management', 'collaboration', 'problem solving']"
Big Data Engineer,"['attention to detail', 'organizational', 'teamwork', 'verbal communication', 'customer relationship management', 'problem solving', 'dependability', 'multi tasking', 'adaptability']"
Big Data Engineer,"['continuous development', 'accountability', 'ownership', 'openness', 'customer focus', 'passion for engineering', 'speed', 'transparency', 'teamwork', 'intrapreneurial']"
Big Data Engineer,"['time management', 'collaboration', 'problem solving', 'communication', 'adaptability']"
Big Data Engineer,"['innovative thinking', 'attention to detail', 'collaboration', 'problem solving', 'communication']"
Big Data Engineer,['communication']
Big Data Engineer,"['strategic planning', 'agile teamwork', 'problem solving', 'continuous learning', 'leadership', 'mentoring']"
Big Data Engineer,"['time management', 'attention to detail', 'mentorship', 'decision making', 'critical thinking', 'collaboration', 'leadership', 'problem solving', 'teamwork', 'communication', 'analytical thinking', 'adaptability']"
Big Data Engineer,"['professional demeanor', 'innovation', 'customer focus', 'integrity & trust', 'performance excellence', 'collaboration', 'respect', 'sense of urgency', 'interpersonal', 'inclusion & diversity']"
Big Data Engineer,"['attention to detail', 'strong organizational', 'agile software development methodology', 'problem analysis technique', 'analytical ability', 'teamwork', 'interpersonal']"
Big Data Engineer,"['leadership', 'quick learner', 'attention to detail', 'innovation', 'curiosity', 'collaboration', 'creativity', 'strategic thinking', 'problem solving', 'teamwork', 'communication', 'flexibility', 'analytical thinking', 'adaptability']"
Big Data Engineer,"['training and mentoring', 'team collaboration', 'leadership', 'problem solving', 'communication']"
Big Data Engineer,['strong communication']
Big Data Engineer,"['collaboration', 'communication', 'leadership', 'problem solving', 'consultative approach']"
Big Data Engineer,"['effective communication', 'risk assessment and communication', 'self motivated', 'soft skills:', 'passion for', 'interpersonal']"
Big Data Engineer,"['team collaboration', 'analytical', 'change management', 'risk analysis', 'decision making', 'mentorship', 'problem solving', 'communication', 'code development standard']"
Big Data Engineer,['communication']
Big Data Engineer,"['time management', 'analytical', 'relationship building', 'mentoring', 'problem solving', 'teamwork', 'communication']"
Big Data Engineer,"['remote communication', 'team collaboration', 'prioritization', 'logical and critical thinking', 'passion for', 'relationship building', 'leadership', 'communication']"
Big Data Engineer,"['problem solving', 'collaboration', 'communication']"
Big Data Engineer,"['self starter', 'teamwork', 'communication', 'problem solving']"
Big Data Engineer,"['work ethic', 'self motivation', 'interpersonal communication', 'problem solving', 'innovation passion']"
Big Data Engineer,"['analytical', 'project management', 'collaboration', 'relationship building', 'problem solving', 'multitasking', 'communication', 'coaching/mentoring']"
Big Data Engineer,"['attention to detail', 'problem solving', 'teamwork', 'communication', 'analytical thinking']"
Big Data Engineer,[]
Big Data Engineer,"['dependable', 'positive and optimistic', 'flexible', 'team player', 'open and honest', 'willingness to improve', 'collaborative', 'enthusiastic']"
Big Data Engineer,[]
Big Data Engineer,"['team management', 'strategic planning', 'relationship building', 'leadership', 'problem solving', 'communication']"
Big Data Engineer,['not specified']
Big Data Engineer,"['verbal and written communication', 'research', 'leadership', 'problem solving', 'teamwork', 'communication', 'analytical thinking', 'adaptability']"
Big Data Engineer,"['adherence to project timeline', 'results oriented', 'problem solving', 'quality focused', 'self starter', 'cost conscious']"
Big Data Engineer,"['analytical', 'team player', 'integrity', 'problem solving', 'communication']"
Big Data Engineer,"['problem solving', 'collaboration', 'communication', 'leadership']"
Big Data Engineer,"['problem solving', 'collaborative team environment']"
Big Data Engineer,"['action oriented', 'interpersonal', 'collaboration', 'leadership', 'problem solving', 'communication']"
Big Data Engineer,"['fast learner', 'technical leadership', 'project management', 'collaboration', 'problem solving']"
Big Data Engineer,"['consultative approach', 'stakeholder management', 'project management', 'team leadership', 'collaboration', 'problem solving', 'communication', 'networking', 'proactivity', 'adaptability']"
Big Data Engineer,"['prioritization', 'collaboration', 'leadership', 'problem solving', 'self starting', 'communication']"
Big Data Engineer,"['collaborative teamwork', 'attention to detail', 'strong ownership', 'problem solving', 'communication', 'analytical thinking']"
Big Data Engineer,"['systems integration', 'entrepreneurial mindset', 'excellent practice', 'influence based', 'collaboration', 'flexibility', 'agile development', 'confidence']"
Big Data Engineer,"['collaboration', 'communication', 'time management', 'flexibility']"
Big Data Engineer,"['time management', 'collaboration', 'problem solving', 'communication', 'adaptability']"
Big Data Engineer,"['ownership', 'innovation', 'auditing', 'error logging', 'project management', 'collaboration', 'leadership', 'problem solving', 'communication']"
Big Data Engineer,['communication']
Big Data Engineer,"['strong collaborative', 'analytical', 'problem solving', 'communication', 'flexibility']"
Big Data Engineer,"['leadership', 'mentorship', 'problem solving', 'communication', 'analytical thinking']"
Big Data Engineer,"['problem solving', 'communication', 'analytical', 'interpersonal']"
Big Data Engineer,"['problem solving', 'communication', 'team leadership']"
Big Data Engineer,"['analytical', 'attention to detail', 'creative thinking', 'service orientation', 'project management', 'collaboration', 'strategic thinking', 'problem solving', 'communication', 'quality orientation']"
Big Data Engineer,"['customer service orientation', 'prioritization', 'decision making', 'interpersonal', 'collaboration', 'self reliance', 'problem solving', 'communication', 'flexibility', 'adaptability']"
Big Data Engineer,"['dynamic team environment', 'multi tasking']"
Big Data Engineer,"['analytical', 'high achiever', 'collaboration', 'passion for clean energy', 'communication']"
Big Data Engineer,"['project management', 'collaboration', 'mentoring', 'problem solving', 'communication']"
Big Data Engineer,"['collaborative teamwork', 'strong communication', 'time management', 'enthusiasm', 'attention to detail', 'team player', 'positive attitude', 'creativity', 'initiative and ownership', 'problem solving', 'curiosity for data', 'adaptability']"
Big Data Engineer,"['client relationship development', 'verbal/written communication', 'collaboration', 'creativity', 'problem solving']"
Big Data Engineer,"['strong ability to research', 'accountability', 'excellent communication', 'innovation', 'both verbal and written', 'integrity', 'respect', 'excellent analytical', 'teamwork', 'ability to multitask']"
Big Data Engineer,"['passion for data', 'analytical', 'organizational', 'interpersonal', 'creativity', 'continuous learning', 'problem solving', 'teamwork', 'communication', 'flexibility']"
Big Data Engineer,"['problem solving', 'collaboration', 'thinking outside the box', 'communication']"
Big Data Engineer,"['strong communication', 'attention to detail', 'self motivated', 'collaboration', 'positive attitude', 'willingness to learn']"
Big Data Engineer,"['leadership', 'presentation', 'relationship management', 'interpersonal', 'strategic thinking', 'communication']"
Big Data Engineer,['good communication']
Big Data Engineer,[]
Big Data Engineer,"['written communication', 'oral communication']"
Big Data Engineer,"['incremental development', 'relationship building', 'continuous learning', 'mentorship', 'teamwork']"
Big Data Engineer,"['self motivation', 'collaboration', 'care for proper solution', 'problem solving', 'passion for growth', 'communication']"
Big Data Engineer,"['problem solving', 'communication', 'analytical']"
Big Data Engineer,"['customer service', 'meeting deadline', 'training', 'problem solving', 'teamwork', 'communication', 'documentation', 'adaptability']"
Big Data Engineer,"['quick learner', 'sense of ownership', 'training and mentoring', 'strong team player', 'self motivation', 'collaboration', 'leadership', 'problem solving', 'confidentiality', 'communication', 'flexibility', 'business ethics']"
Big Data Engineer,"['training and mentoring', 'attention to detail', 'critical thinking', 'continuous learning', 'problem solving', 'teamwork', 'analytical thinking']"
Big Data Engineer,"['team player', 'communication', 'hands on', 'problem solving']"
Big Data Engineer,"['cooperation', 'ability to work unsupervised', 'safety consciousness', 'communication', 'safety leadership', 'organization']"
Big Data Engineer,"['strong work ethic', 'effective communication', 'initiative taking']"
Big Data Engineer,"['motivation', 'consultative', 'collaboration', 'creativity', 'autonomy', 'communication']"
Business Analyst,"['analytical', 'attention to detail', 'customer service orientation', 'research', 'prioritization', 'interpersonal', 'self motivation', 'collaboration', 'high pressure task execution', 'problem solving', 'communication']"
Business Analyst,"['conflict management', 'prioritization', 'relationship building', 'sense of urgency', 'interpersonal']"
Business Analyst,"['team management', 'budget and deadline management', 'client implementation', 'process improvement', 'collaboration', 'project scope management', 'problem solving', 'documentation']"
Business Analyst,[]
Business Analyst,"['collaboration', 'leadership', 'problem solving', 'communication', 'adaptability']"
Business Analyst,"['resourcefulness', 'verbal and written communication', 'ethical character', 'collaboration', 'team engagement', 'emotional intelligence', 'fast paced project management']"
Business Analyst,"['team collaboration', 'attention to detail', 'decision making', 'project management', 'data interpretation', 'problem solving', 'communication', 'analytical thinking']"
Business Analyst,[]
Business Analyst,"['effective communication', 'team collaboration', 'analytical', 'problem solving', 'multi tasking']"
Business Analyst,"['analytical', 'professionalism', 'planning', 'adaptability', 'decision making', 'communication', 'collaboration', 'problem solving', 'interpersonal', 'organization']"
Business Analyst,"['time management', 'attention to detail', 'research ethics', 'independent judgment', 'education', 'critical thinking', 'collaboration', 'problem solving', 'communication']"
Business Analyst,"['communication', 'time management', 'flexibility', 'adaptability']"
Business Analyst,"['project management ability', 'presentation', 'attention to detail', 'strong organizational', 'problem solving', 'communication', 'analytical thinking']"
Business Analyst,"['time management', 'organization', 'prioritization)', 'critical thinking', 'collaboration', 'skills related to education:', 'communication', 'adaptability']"
Business Analyst,"['time management', 'analytical', 'attention to detail', 'deadline oriented', 'problem solving', 'teamwork', 'communication', 'adaptability']"
Business Analyst,"['presentation', 'critical thinking', 'problem solving', 'facilitation', 'communication']"
Business Analyst,"['prioritization', 'process improvement', 'project management', 'communication', 'analytical thinking', 'operational traceability']"
Business Analyst,"['analytical/problem solving', 'time management', 'interpersonal', 'assertiveness', 'creativity', 'persuasion', 'communication', 'flexibility', 'organization']"
Business Analyst,"['customer service', 'business process management', 'negotiation', 'problem solving', 'teamwork', 'communication', 'adaptability']"
Business Analyst,"['cross functional coordination', 'prioritization', 'interpersonal', 'collaboration', 'creativity', 'problem solving', 'communication']"
Business Analyst,"['detail oriented', 'collaboration', 'strategic thinking', 'problem solving', 'communication']"
Business Analyst,"['analytical', 'organizational', 'decision making', 'interpersonal', 'critical thinking', 'problem solving', 'multitasking', 'communication']"
Business Analyst,"['customer service', 'analytical', 'organizational', 'collaboration', 'problem solving', 'teamwork', 'communication']"
Business Analyst,"['business process modeling', 'team collaboration', 'group facilitation', 'project management concept', 'backlog management', 'communication']"
Business Analyst,"['translation', 'analytical', 'liaison', 'collaboration', 'problem solving', 'communication']"
Business Analyst,"['ability to work independently', 'analytical', 'organizational', 'interpersonal/verbal communication', 'written communication']"
Business Analyst,"['attention to detail', 'clear communication', 'independence', 'self discipline', 'perseverance', 'autonomy', 'thoughtful approach', 'strong commitment']"
Business Analyst,"['time management', 'attention to detail', 'soft skills:', 'problem solving', 'communication']"
Business Analyst,"['time management', 'innovation', 'results driven', 'collaboration', 'team building', 'leadership', 'problem solving', 'communication', 'service centric orientation', 'decisiveness', 'adaptability']"
Business Analyst,"['working with business user', 'project management', 'collaboration', 'working with minimal supervision', 'business/', 'communication']"
Business Analyst,"['independent judgment', 'initiative']"
Business Analyst,"['customer service', 'analytical', 'results oriented', 'attention to detail', 'verbal communication', 'critical thinking', 'written communication', 'strong customer relationship', 'problem solving', 'self starting', 'multitasking', 'communication', 'presentational']"
Business Analyst,"['time management', 'analytical', 'curiosity', 'numerical', 'problem solving', 'communication', 'adaptability']"
Business Analyst,"['time management', 'organizational', 'detail oriented', 'collaboration', 'problem solving', 'communication', 'analytical thinking', 'adaptability']"
Business Analyst,['excellent customer service']
Business Analyst,"['strategic thinking', 'analytical thinking', 'collaboration', 'tactical thinking', 'communication', 'project execution']"
Business Analyst,"['customer service', 'time management', 'analytical', 'organizational', 'prioritization', 'project management', 'interpersonal', 'leadership', 'problem solving', 'teamwork', 'communication', 'adaptability']"
Business Analyst,"['client relationship management', 'accountability', 'organizational', 'continuous improvement', 'adaptability to changing priority', 'interpersonal', 'commitment to quality', 'client service orientation', 'problem solving', 'teamwork', 'communication', 'flexibility']"
Business Analyst,"['ability to interpret instruction', 'telephone etiquette', 'judgment and decision making', 'sales strategy development', 'excellent oral communication', 'revenue target achievement', 'relationship building', 'forecasting', 'strategic thinking', 'problem solving', 'fast paced adaptability', 'customer requirements definition']"
Business Analyst,"['manages risk', 'problem management', 'workflow analysis', 'it environment knowledge', 'customer focus', 'it project management.', 'business assessment']"
Business Analyst,"['customer service', 'time management', 'stress management', 'prioritization', 'collaboration', 'motivated and organized', 'discretion', 'problem solving', 'self management', 'communication', 'diplomacy', 'trust and credibility', 'adaptability']"
Business Analyst,"['time management', 'strong closing', 'motivation', 'analytical', 'prioritization', 'creativity', 'positive attitude', 'solutions oriented mindset', 'communication']"
Business Analyst,"['analytical', 'organizational', 'verbal communication', 'detail oriented', 'self motivation', 'written communication', 'interpersonal', 'multi tasking', 'adaptability']"
Business Analyst,"[') critical thinking', ') innovation', ') stress management', ') adaptability', ') stakeholder engagement', ') documentation', ') communication', ') customer service', ') detail orientation', ') problem solving', ') presentation']"
Business Analyst,"['professionalism', 'passionate', 'outside the box thinking', 'collaboration', 'proactive', 'self direction', 'leadership']"
Business Analyst,"['strong communication', 'time management', 'team collaboration', 'attention to detail', 'problem solving', 'analytical thinking', 'adaptability']"
Business Analyst,"['time management', 'attention to detail', 'storytelling', 'collaboration', 'problem solving', 'communication', 'analytical thinking', 'project planning']"
Business Analyst,"['persuasion', 'interpersonal', 'collaboration', 'leadership', 'problem solving', 'communication']"
Business Analyst,"['relationship building & influencing', 'talent management', 'consulting', 'inspirational leadership', 'customer focus', 'process improvement', 'communication', 'results focus', 'strategic thinking', 'change & innovation']"
Business Analyst,"['communication', 'interpersonal', 'ability to multi task', 'organizational']"
Business Analyst,"['time management', 'attention to detail', 'report writing', 'prioritization', 'critical thinking', 'collaboration', 'problem solving', 'multitasking', 'communication', 'analytical thinking', 'teamwork promotion']"
Business Analyst,"['team player', 'humility', 'interpersonal', 'critical thinking', 'fast paced environment adaptability', 'creativity', 'communication', 'cross functional collaboration']"
Business Analyst,"['determination', 'analytical', 'influence', 'project management', 'collaboration', 'intellectual curiosity', 'efficiency proposal', 'business acumen', 'communication', 'program strategy development', 'adaptability']"
Business Analyst,"['customer service', 'discretion', 'professionalism', 'prioritization', 'decision making', 'autonomy', 'leadership', 'communication', 'team building', 'adaptability']"
Business Analyst,"['analytical', 'collaboration', 'business planning', 'problem solving', 'communication']"
Business Analyst,"['independent judgment', 'teamwork', 'communication']"
Business Analyst,"['training', 'attention to detail', 'formatting', 'partnership building', 'collaboration', 'consultation', 'problem solving', 'documentation management', 'communication', 'analytical thinking']"
Business Analyst,"['strong commitment to learning', 'flexible', 'social responsibility', 'detail oriented', 'strong interpersonal communication', 'creative', 'ability to maintain confidentiality']"
Business Analyst,"['customer service', 'collaboration', 'communication']"
Business Analyst,"['strong communication', 'personal drive and motivation', 'dealing with ambiguity', 'international experience or background', 'strong analytical', 'planning and organizational', 'strategic thinking', 'problem solving', 'proactive thinking', 'teamwork']"
Business Analyst,"['business productivity enhancement', 'team collaboration', 'innovation', 'client focus', 'strategic partnership', 'impact driven approach']"
Business Analyst,"['excellent written communication', 'time management', 'professionalism', 'detail oriented', 'collaboration', 'positive attitude', 'excellent analytical', 'multitasking', 'effective verbal communication', 'organization']"
Business Analyst,"['listening', 'time management', 'presentation', 'client engagement', 'questioning technique', 'proactive', 'attention to quality', 'feedback incorporation', 'recommendation making', 'communication', 'leadership exposure']"
Business Analyst,"['attention to detail', 'collaboration', 'accuracy', 'problem solving', 'teamwork', 'communication', 'organization']"
Business Analyst,"['teamwork', 'verbal communication', 'written communication', 'facilitation', 'communication', 'proactivity']"
Business Analyst,"['communication (written and verbal)', 'client focused approach', 'consulting experience', 'problem solving', 'teamwork', 'learning mindset', 'adaptability']"
Business Analyst,"['presentation', 'analytical', 'fast learner', 'organizational', 'motivational', 'independence', 'communication', 'adaptability']"
Business Analyst,"['independence in work', 'organizational', 'team player', 'detail oriented', 'collaboration']"
Business Analyst,"['customer service', 'strategic thinking', 'stakeholder management', 'professionalism', 'self motivation', 'vision setting', 'relationship building', 'leadership']"
Business Analyst,"['time management', 'verbal and written communication', 'influencing', 'mentorship', 'problem solving', 'teamwork']"
Business Analyst,"['follow through', 'analytical', 'attention to detail', 'verbal and written communication', 'multitasking', 'interpersonal']"
Business Analyst,"['organization and planning', 'attention to detail', 'strong decision making', 'prioritization', 'relationship building', 'problem solving', 'interpersonal']"
Business Analyst,"['problem solving', 'time management', 'communication', 'organizational']"
Business Analyst,"['organizational', 'verbal communication', 'creativity', 'written communication', 'excellent analytical']"
Business Analyst,"['time management', 'analytical', 'interpersonal', 'collaboration', 'problem solving', 'communication']"
Business Analyst,"['customer service oriented', 'analytical', 'task management', 'team player', 'interpersonal', 'driven and goal oriented', 'problem solving', 'communication']"
Business Analyst,"['ethics', 'time management', 'analytical', 'prioritization', 'problem solving', 'confidentiality', 'teamwork', 'communication']"
Business Analyst,"['customer service', 'listening', 'organizational', 'writing', 'interpersonal', 'initiative', 'observational', 'modeling', 'negotiation', 'problem solving', 'teamwork', 'communication', 'analytical thinking', 'facilitation', 'adaptability']"
Business Analyst,"['problem solving', 'teamwork', 'communication', 'attention to detail']"
Business Analyst,"['time management', 'attention to detail', 'customer focus', 'critical thinking', 'collaboration', 'problem solving', 'communication', 'adaptability']"
Business Analyst,"['customer service orientation', 'prioritization', 'problem solving', 'multitasking', 'reasoning', 'commitment to quality', 'confidentiality', 'teamwork', 'documentation']"
Business Analyst,"['communication', 'core competence in analysis', 'independent work style']"
Business Analyst,"['analytical', 'collaboration', 'synthesizing', 'problem solving', 'communication']"
Business Analyst,"['problem solving', 'self motivation', 'leadership', 'multi disciplinary team collaboration', 'teamwork', 'communication', 'flexibility', 'adaptability']"
Business Analyst,"['resourcefulness', 'navigating structured environment', 'consensus building', 'presentation', 'creative problem solving', 'innovation', 'detail oriented', 'interpersonal', 'self motivation', 'managing ambiguity', 'quantitative', 'communication', 'managing stakeholder expectation']"
Business Analyst,"['ability to work independently', 'analytical', 'attention to detail', 'organizational', 'multi tasking ability', 'prioritization', 'interpersonal', 'collaboration', 'problem solving', 'training', 'communication', 'documentation']"
Business Analyst,"['presentation', 'organizational', 'collaboration', 'leadership', 'problem solving', 'communication']"
Business Analyst,"['customer service', 'time management', 'analytical', 'organizational', 'problem solving', 'communication']"
Business Analyst,"['strong communication', 'presentation', 'collaboration', 'problem solving', 'analytical thinking']"
Business Analyst,"['results driven', 'influence without authority', 'strategic thinking', 'executive communication', 'adaptability']"
Business Analyst,"['problem solving', 'time management', 'communication', 'conflict resolution']"
Business Analyst,"['time management', 'analytical capability', 'planning', 'collaboration', 'communication (written and oral)', 'negotiation', 'facilitation']"
Business Analyst,"['collaborative teamwork', 'effective communication', 'attention to detail', 'customer service orientation', 'diversity awareness', 'problem solving', 'adaptability']"
Business Analyst,"['time management', 'analytical', 'innovation', 'customer focus', 'creativity', 'problem solving', 'teamwork', 'communication', 'adaptability']"
Business Analyst,"['quantitative analysis', 'attention to detail', 'independence', 'motivational', 'interpersonal', 'problem solving', 'multitasking', 'communication']"
Business Analyst,"['time management', 'collaboration', 'problem solving', 'communication', 'adaptability']"
Business Analyst,"['time management', 'presentation', 'stakeholder management', 'collaboration', 'problem solving', 'teamwork', 'communication', 'analytical thinking']"
Business Analyst,"['time management', 'attention to detail', 'organizational', 'decision making', 'critical thinking', 'collaboration', 'proactive approach', 'problem solving', 'team support', 'communication']"
Business Analyst,"['commitment to learning', 'attention to detail', 'curiosity', 'prioritization', 'collaboration', 'positive attitude', 'efficiency', 'process oriented', 'initiative', 'problem solving', 'flexibility']"
Business Analyst,"['effective communication', 'team collaboration', 'advanced troubleshooting', 'soft skills:', 'critical thinking', 'adaptability and flexibility', 'planning and organization']"
Business Analyst,"['attention to detail', 'adaptability', 'interpersonal', 'communication', 'flexibility', 'organization']"
Business Analyst,"['excellent customer service', 'strong analytical']"
Business Analyst,"['change management', 'collaboration', 'leadership', 'problem solving', 'communication']"
Business Analyst,"['relationship building & influencing', 'leadership ability', 'inspirational leadership', 'detail oriented', 'customer focus', 'results focus', 'collaborative team player', 'strategic thinking', 'change & innovation']"
Business Analyst,"['time management', 'accountability', 'attention to detail', 'decision making', 'critical thinking', 'interpersonal communication', 'oral and written communication', 'initiative', 'client service orientation', 'problem solving', 'teamwork', 'adaptability']"
Business Analyst,"['problem solving', 'interpersonal', 'multi tasking ability', 'detail oriented']"
Business Analyst,"['time management', 'stakeholder management', 'presentation', 'excellent communication', 'conceptual thinking', 'team leadership', 'commitment to follow through', 'problem solving', 'planning and organizing', 'analytical thinking']"
Business Analyst,"['time management', 'teamwork', 'communication', 'detail oriented']"
Business Analyst,"['analytical', 'attention to detail', 'research', 'prioritization', 'soft skills:', 'self motivation', 'communication', 'project delivery', 'problem solving', 'interpersonal']"
Business Analyst,"['change management', 'decision making', 'project management', 'problem solving', 'teamwork', 'interpersonal', 'soft skills communication']"
Business Analyst,"['customer service', 'analytical', 'attention to detail', 'research', 'respect', 'relationship building', 'problem solving', 'confidentiality', 'communication', 'multi tasking', 'adaptability']"
Business Analyst,"['excellent written communication', 'team player', 'excellent interpersonal', 'excellent listening', 'self starter']"
Business Analyst,"['prioritization', 'critical thinking', 'collaboration', 'problem solving', 'communication']"
Business Analyst,"['time management', 'critical thinking', 'problem solving', 'teamwork', 'communication', 'adaptability']"
Business Analyst,"['time management', 'team collaboration', 'attention to detail', 'decision making', 'critical thinking', 'problem solving', 'adaptable', 'leadership', 'mentoring', 'communication', 'organization']"
Business Analyst,"['analytical', 'attention to detail', 'client interaction', 'problem solving', 'teamwork', 'communication', 'adaptability']"
Business Analyst,"['motivation', 'prioritization', 'collaboration', 'initiative', 'responsibility', 'problem solving', 'communication', 'adaptability']"
Business Analyst,"['customer service', 'collaboration', 'written communication', 'interpersonal communication', 'multi tasking', 'oral communication']"
Business Intelligence Analyst,"['presentation', 'analytical', 'attention to detail', 'problem solving', 'communication']"
Business Intelligence Analyst,"['strategic partnering', 'time management', 'leadership', 'problem solving', 'teamwork', 'communication', 'flexibility']"
Business Intelligence Analyst,"['time management', 'professionalism', 'organizational', 'information management and analysis', 'critical thinking', 'leadership', 'problem solving', 'communication']"
Business Intelligence Analyst,"['time management', 'analytical', 'financial acumen', 'problem solving', 'communication']"
Business Intelligence Analyst,"['analytical', 'organizational', 'self starter', 'strong business writing', 'communication', 'leadership', 'problem solving', 'interpersonal']"
Business Intelligence Analyst,"['client intimacy', 'agile team', 'presentation', 'self motivated', 'collaboration', 'fast paced environment', 'teamwork', 'communication']"
Business Intelligence Analyst,"['ability to multitask', 'strong stakeholder relationship management', 'excellent communication']"
Business Intelligence Analyst,"['customer service', 'initiative', 'strategic thinking', 'problem solving', 'communication']"
Business Intelligence Analyst,"['time management', 'analytical', 'interpersonal', 'communication', 'troubleshooting', 'problem solving', 'teamwork', 'customer interaction', 'documentation']"
Business Intelligence Analyst,"['strong communication', 'strong analytical skills.', 'exceptional leadership', 'strong interpersonal', 'outstanding organizational']"
Business Intelligence Analyst,"['analytical', 'execution focused', 'self starter', 'detail oriented', 'collaboration', 'strategic thinking', 'problem solving', 'communication', 'adaptability']"
Business Intelligence Analyst,"['collaboration', 'leadership', 'problem solving', 'communication', 'team building']"
Business Intelligence Analyst,"['presentation', 'analytical', 'collaboration', 'problem solving', 'teamwork', 'communication', 'adaptability']"
Business Intelligence Analyst,"['presentation', 'stakeholder management', 'curiosity', 'project management', 'collaboration', 'strategic thinking', 'problem solving', 'teamwork', 'communication', 'multi tasking', 'analytical thinking', 'adaptability']"
Business Intelligence Analyst,"['planning', 'process management', 'relationship building', 'problem solving', 'communication']"
Business Intelligence Analyst,"['communication', 'analytical']"
Business Intelligence Analyst,"['time management', 'detail orientation', 'critical thinking', 'self motivation', 'collaboration', 'integrity', 'communication', 'flexibility']"
Business Intelligence Analyst,"['creative thinking', 'leadership', 'problem solving', 'training', 'communication']"
Business Intelligence Analyst,"['customer service', 'collaboration', 'interpersonal', 'communication']"
Business Intelligence Analyst,"['problem solving', 'collaboration', 'communication', 'project management']"
Business Intelligence Analyst,"['motivation', 'analytical mindset', 'creativity', 'positive attitude', 'teamwork', 'fast paced adaptability', 'track record', 'intelligence']"
Business Intelligence Analyst,"['creative thinking', 'humility', 'critical thinking', 'initiative', 'problem solving', 'teamwork', 'interpersonal', 'cross functional collaboration', 'adaptability']"
Business Intelligence Analyst,"['attention to detail', 'organizational', 'problem solving', 'communication', 'analytical thinking']"
Business Intelligence Analyst,"['problem solving', 'communication', 'interdepartmental coordination', 'customer focused approach']"
Business Intelligence Analyst,"['confidence', 'time management', 'creative thinking', 'relationship management', 'independence', 'decision making', 'strategic partnership building', 'communication', 'flexibility', 'adaptability']"
Business Intelligence Analyst,"['time management', 'attention to detail', 'independence', 'soft skills:', 'problem solving', 'teamwork', 'customer interaction', 'adaptability']"
Business Intelligence Analyst,"['time management', 'verbal and written communication', 'detail oriented', 'simplifying complex concept', 'project management', 'collaboration', 'training and development', 'critical analysis', 'problem solving', 'learning mindset']"
Business Intelligence Analyst,"['good listener', 'analytical', 'project management', 'integrity & professionalism', 'ability to prioritize', 'communication']"
Business Intelligence Analyst,"['time management', 'change management', 'influencing', 'decision making', 'interpersonal', 'strategic thinking', 'problem solving', 'communication']"
Business Intelligence Analyst,"['customer service', 'time management', 'organizational', 'decision making', 'training and development', 'leadership', 'problem solving', 'communication']"
Business Intelligence Analyst,"['quantitative analysis', 'entrepreneurial spirit', 'critical thinking', 'fast paced environment', 'communication']"
Business Intelligence Analyst,"['creativity', 'time management', 'prioritization', 'proactivity']"
Business Intelligence Analyst,"['organizational', 'team player', 'self motivation', 'initiative', 'leadership', 'business acumen', 'interpersonal', 'adaptability']"
Business Intelligence Analyst,['experience:']
Business Intelligence Analyst,"['high level of productivity', 'attention to detail', 'positive and professional attitude', 'interpersonal', 'excellent customer service', 'initiative and leadership', 'effective under time pressure']"
Business Intelligence Analyst,"['strong communication', 'self starter', 'proactive problem solving', 'analytical']"
Business Intelligence Analyst,"['time management', 'analytical', 'customer focus', 'relationship building', 'leadership', 'problem solving', 'teamwork', 'communication', 'adaptability']"
Business Intelligence Analyst,"['team collaboration', 'time management.', 'attention to detail', 'critical thinking', 'problem solving', 'communication']"
Business Intelligence Analyst,"['time management', 'attention to detail', 'prioritization', 'critical thinking', 'collaboration', 'problem solving', 'communication']"
Business Intelligence Analyst,"['time management', 'presentation', 'self starter', 'interpersonal', 'problem solving', 'teamwork', 'communication', 'analytical thinking', 'adaptability']"
Business Intelligence Analyst,"['time management', 'attention to detail', 'customer relationship management', 'leadership', 'teamwork', 'communication']"
Business Intelligence Analyst,"['analytical', 'project management', 'collaboration', 'problem solving', 'communication', 'documentation']"
Business Intelligence Analyst,"['teamwork', 'communication']"
Business Intelligence Analyst,"['presentation', 'analytical', 'curiosity', 'independence', 'interpersonal', 'results driven', 'collaboration', 'problem solving', 'communication']"
Business Intelligence Analyst,"['problem solving', 'motivated by customer success']"
Business Intelligence Analyst,"['time management', 'analytical', 'prioritization', 'problem solving', 'communication', 'cross functional teamwork']"
Business Intelligence Analyst,"['fast learner', 'analytical', 'self motivated', 'problem solving', 'communication']"
Business Intelligence Analyst,"['effective communication', 'time management', 'analytical', 'independence', 'prioritization', 'collaboration', 'relationship building', 'problem solving', 'interpersonal']"
Business Intelligence Analyst,"['presentation', 'accountability', 'attention to detail', 'relationship management', 'critical thinking', 'collaboration', 'problem solving', 'communication', 'analytical thinking', 'adaptability']"
Business Intelligence Analyst,"['critical thinking', 'collaboration', 'problem solving', 'communication', 'flexibility']"
Business Intelligence Analyst,"['communication', 'cross functional collaboration']"
Business Intelligence Analyst,"['problem solving', 'detail oriented']"
Business Intelligence Analyst,"['time management', 'accountability', 'organizational', 'prioritization', 'collaboration', 'leadership', 'communication', 'flexibility', 'documentation', 'adaptability']"
Business Intelligence Analyst,"['strategic planning', 'collaboration', 'consultation', 'empowerment', 'leadership', 'communication']"
Business Intelligence Analyst,"['strong communication', 'presentation']"
Business Intelligence Analyst,"['team management', 'expertise in technology/industry domain', 'project delivery', 'communication in english']"
Business Intelligence Analyst,"['self learning', 'curiosity', 'critical thinking', 'problem solving', 'communication']"
Business Intelligence Analyst,"['strategic thinking', 'decision making', 'project management', 'initiative', 'leadership', 'cross functional collaboration']"
Business Intelligence Analyst,"['process driven culture', 'attention to detail', 'curiosity', 'consultative mindset', 'prioritization', 'observational', 'self starter', 'fast paced environment', 'teamwork', 'communication', 'flexibility']"
Business Intelligence Analyst,"['analytical', 'consultative', 'collaboration', 'problem solving', 'communication']"
Business Intelligence Analyst,"['research', 'communication', 'collaboration', 'analytical']"
Business Intelligence Analyst,"['attention to detail', 'prioritization', 'collaboration', 'problem solving', 'teamwork', 'communication']"
Business Intelligence Analyst,"['self leadership', 'analytical', 'customer oriented', 'attention to detail', 'project/program management', 'collaboration', 'relationship building', 'teamwork', 'communication', 'continuous improvement mindset']"
Business Intelligence Analyst,"['customer service', 'analytical', 'prioritization', 'project management', 'problem resolution', 'teamwork', 'communication', 'adaptability']"
Business Intelligence Analyst,"['deployment management', 'innovation', 'organizational', 'prioritization', 'business process optimization', 'collaboration', 'strategic thinking', 'problem solving', 'solution design', 'teamwork', 'communication', 'flexibility', 'analytical thinking', 'adaptability']"
Business Intelligence Analyst,"['attention to detail', 'coordination', 'analysis', 'communication', 'supervision']"
Business Intelligence Analyst,"['customer service orientation', 'troubleshooting', 'problem solving', 'teamwork', 'interpersonal']"
Business Intelligence Analyst,"['problem solving', 'communication', 'team coordination', 'analytical thinking']"
Business Intelligence Analyst,"['analytical', 'self reliance', 'problem solving', 'teamwork', 'communication', 'adaptability']"
Business Intelligence Analyst,"['presentation', 'mentorship', 'collaboration', 'leadership', 'communication']"
Business Intelligence Analyst,"['time management', 'analytical', 'decision making', 'critical thinking', 'project management', 'leadership', 'problem solving', 'written and oral communication', 'teamwork', 'communication']"
Business Intelligence Analyst,"['time management', 'attention to detail', 'strategic planning', 'collaboration', 'problem solving', 'communication', 'analytical thinking', 'adaptability']"
Business Intelligence Analyst,"['strong communication', 'bilingual (english/russian)', 'collaborative teamwork', 'independence in work', 'analytical', 'attention to detail', 'organizational', 'administrative proficiency']"
Business Intelligence Analyst,"['attention to detail', 'teamwork', 'analytical mindset', 'initiative', 'strong work ethic', 'multitasking', 'communication']"
Business Intelligence Analyst,"['analytical', 'attention to detail', 'organizational', 'prioritization', 'critical thinking', 'project management', 'self motivation', 'problem solving', 'communication']"
Business Intelligence Analyst,"['presentation', 'fast learner', 'self starter', 'problem solving', 'high energy and drive', 'excellent analytical']"
Business Intelligence Analyst,"['effective communication', 'analytical capability', 'deadline management', 'customer service orientation', 'ability to work unsupervised', 'adaptability to changing need', 'problem solving', 'team oriented']"
Business Intelligence Analyst,"['attention to detail', 'team player', 'critical thinking', 'flexibility', 'adaptability']"
Business Intelligence Analyst,"['motivated by customer success', 'strong negotiation', 'and priority simultaneously', 'project management', 'scale', 'problem solving']"
Business Intelligence Analyst,['analytical']
Business Intelligence Analyst,"['presentation', 'interpersonal', 'collaboration', 'teamwork', 'communication']"
Business Intelligence Analyst,"['critical thinking', 'collaboration', 'problem solving', 'teamwork', 'communication']"
Business Intelligence Analyst,"['time management', 'analytical', 'organizational', 'written communication', 'interpersonal communication', 'problem solving', 'flexibility']"
Business Intelligence Analyst,"['analytical', 'attention to detail', 'problem solving', 'business acumen', 'communication']"
Business Intelligence Analyst,"['time management', 'analytical', 'accountability', 'innovation', 'continuous improvement', 'self starter mentality', 'collaboration', 'positive attitude', 'problem solving']"
Business Intelligence Analyst,"['analytical', 'attention to detail', 'project management', 'problem solving', 'communication', 'adaptability']"
Business Intelligence Analyst,"['problem solving', 'strong analytical', 'attention to detail']"
Business Intelligence Analyst,"['proactiveness', 'self motivation', 'compliance', 'problem solving', 'teamwork', 'communication']"
Business Intelligence Analyst,"['customer service', 'time management', 'design', 'analytical', 'presentation', 'research', 'mathematics', 'statistical deployment', 'leadership', 'problem solving', 'communication']"
Business Intelligence Analyst,"['customer service', 'attention to detail', 'organizational', 'judgment', 'confidentiality', 'project management', 'critical thinking', 'collaboration', 'leadership', 'problem solving', 'written and verbal communication', 'interpersonal']"
Business Intelligence Analyst,"['critical thinking', 'leadership', 'problem solving', 'teamwork', 'communication', 'adaptability']"
Business Intelligence Analyst,"['customer service', 'time management', 'communication', 'problem solving', 'teamwork', 'interpersonal']"
Business Intelligence Analyst,"['collaboration', 'leadership', 'problem solving', 'teamwork', 'communication', 'multi tasking']"
Business Intelligence Analyst,"['workload and roadmap prioritization', 'organizational', 'independence', 'detail oriented', 'problem solving', 'communication']"
Business Intelligence Analyst,"['logical thinking', 'analytical', 'attention to detail', 'organizational', 'self motivated', 'detail oriented', 'problem solving', 'inquisitive', 'communication', 'adaptability']"
Business Intelligence Analyst,"['time management', 'presentation', 'project management', 'collaboration', 'strategic thinking', 'problem solving', 'training', 'communication', 'analytical thinking']"
Business Intelligence Analyst,"['analytical', 'collaboration', 'problem solving', 'communication', 'teaching/training']"
Business Intelligence Analyst,"['relationship management', 'mentorship', 'prioritization', 'interpersonal', 'ethical behavior', 'critical thinking', 'collaboration', 'leadership', 'problem solving', 'teamwork', 'communication', 'adaptability']"
Business Intelligence Analyst,"['analytical', 'process improvement', 'soft skills:', 'collaboration', 'problem solving']"
Business Intelligence Analyst,"['strong written', 'multi tasking ability', 'verbal', 'problem solving', 'and interpersonal communication']"
Business Intelligence Analyst,"['team player', 'strong organizational', 'relationship management', 'mentorship', 'leadership', 'problem solving']"
Business Intelligence Analyst,"['time management', 'analytical', 'focus', 'responsibility', 'teamwork', 'communication']"
Business Intelligence Analyst,"['attention to detail', 'working under pressure', 'decision making', 'critical thinking', 'interpersonal', 'relationship building', 'leadership', 'problem solving', 'communication']"
Business Intelligence Analyst,"['confidence', 'time management', 'presentation', 'training', 'innovation', 'decision making', 'interpersonal', 'self motivation', 'creativity', 'positive outlook', 'leadership', 'problem solving', 'teamwork', 'communication', 'flexibility', 'analytical thinking', 'adaptability']"
Business Intelligence Analyst,"['attention to detail', 'teamwork', 'analytical mindset', 'initiative', 'problem solving', 'business acumen', 'communication']"
Business Intelligence Analyst,"['problem solving', 'time management', 'communication', 'collaboration']"
Business Intelligence Analyst,"['continuous improvement', 'user experience design', 'project management', 'collaboration', 'data visualization', 'technical standards enforcement', 'problem solving', 'communication', 'stakeholder engagement']"
Business Intelligence Analyst,"['interpersonal', 'collaboration', 'proactive approach', 'leadership', 'problem solving', 'strong presentation', 'communication', 'adaptability']"
Business Intelligence Analyst,"['quick learner', 'work ethic', 'leadership', 'team collaboration', 'presentation', 'project management', 'strategic thinking', 'problem solving', 'communication', 'flexibility']"
Business Intelligence Analyst,"['client management', 'people management', 'team leadership', 'relationship building', 'strategic thinking', 'problem solving', 'communication']"
Business Intelligence Analyst,"['leadership', 'mentorship', 'problem solving', 'communication', 'organization']"
Business Intelligence Analyst,"['training and support', 'reliable', 'time management', 'self motivated', 'decision making', 'project management', 'collaboration', 'creativity', 'leadership', 'problem solving', 'communication', 'analytical thinking', 'adaptability']"
Business Intelligence Analyst,"['analytical', 'interpersonal', 'project management', 'problem solving', 'communication', 'adaptability']"
Business Intelligence Analyst,"['presentation', 'strategic planning', 'critical thinking', 'relationship building', 'communication']"
Business Intelligence Analyst,"['presentation', 'decision making', 'collaboration', 'project coordination', 'strategic thinking', 'problem solving', 'communication', 'analytical thinking', 'adaptability']"
Business Intelligence Analyst,"['ethical standard', 'attention to detail', 'organizational', 'interpersonal', 'collaboration', 'integrity', 'leadership', 'problem solving', 'teamwork', 'communication']"
Business Intelligence Analyst,"['collaboration', 'written/verbal communication', 'interpersonal', 'analytical']"
Business Intelligence Analyst,"['stakeholder management', 'team collaboration', 'attention to detail', 'project management', 'problem solving', 'goal oriented', 'communication']"
Business Intelligence Analyst,"['innovative thinking', 'analytical', 'clear communication', 'trustworthiness', 'prioritization', 'decision making', 'honesty', 'positive attitude', 'continuous learning', 'problem solving', 'teamwork', 'communication']"
Cloud Architect,"['customer service', 'excellent communication', 'client management', 'strong business', 'collaboration', 'relationship building', 'problem solving', 'team oriented']"
Cloud Architect,"['competence', 'proven capability']"
Cloud Architect,"['presentation', 'problem solving', 'collaboration', 'leadership', 'mentoring', 'stability management', 'communication', 'attitude towards improvement']"
Cloud Architect,"['innovation', 'independence', 'initiative', 'problem solving', 'flexibility', 'adaptability']"
Cloud Architect,"['originality', 'innovation', 'creativity', 'initiative', 'problem solving', 'teamwork', 'communication']"
Cloud Architect,"['strong communication', 'quick learner', 'team player', 'strong analytical', 'adaptability to new', 'willingness to code', 'leadership', 'problem solving', 'strong individual contributor']"
Cloud Architect,"['customer service', 'presentation', 'strategic planning', 'people management', 'collaboration', 'leadership', 'problem solving', 'communication', 'flexibility']"
Cloud Architect,"['analytical', 'change management', 'team development', 'strategic planning', 'continuous improvement', 'organizational', 'process management', 'influencing', 'leadership', 'management']"
Cloud Architect,"['time management', 'organizational', 'self motivated', 'self starter', 'influencing', 'decision making', 'interpersonal', 'project management', 'english communication', 'leadership', 'problem solving', 'teamwork', 'communication', 'hardworking', 'adaptability']"
Cloud Architect,"['effective communication', 'presentation', 'global collaboration', 'creativity and innovation', 'documentation']"
Cloud Architect,"['metric driven culture', 'innovation', 'strategic planning', 'influence and guidance', 'collaboration', 'passion for', 'business insight', 'leadership', 'problem solving', 'communication', 'team building', 'adaptability']"
Cloud Architect,"['presentation', 'self motivation', 'collaboration', 'problem solving', 'teamwork', 'communication']"
Cloud Architect,"['customer service', 'innovation', 'results driven', 'collaboration', 'leadership', 'problem solving', 'communication', 'adaptability']"
Cloud Architect,"['presentation', 'innovation', 'customer focus', 'collaboration', 'relationship building', 'leadership', 'problem solving', 'communication', 'crisis management', 'adaptability']"
Cloud Architect,"['innovation', 'market feedback', 'public speaking', 'collaboration', 'customer relationship management', 'leadership', 'problem solving', 'thought leadership', 'communication', 'adaptability']"
Cloud Architect,"['urgency', 'prioritization', 'interpersonal', 'project management', 'leadership', 'teamwork', 'communication', 'multi tasking']"
Cloud Architect,"['sale', 'collaboration', 'leadership', 'problem solving', 'communication']"
Cloud Architect,"['excellent written communication', 'training and mentoring', 'attention to detail', 'collaboration', 'globalization best practice']"
Cloud Architect,"['open mindedness', 'architectural knowledge', 'technical leadership', 'team collaboration']"
Cloud Architect,"['collaboration', 'continuous learning', 'leadership', 'problem solving', 'communication', 'mentoring and support']"
Cloud Architect,"['problem solving ability', 'effective communication', 'client consulting experience', 'strategic thinking']"
Cloud Architect,"['high energy', 'time management', 'conflict resolution', 'creative problem solving', 'consultation', 'customer empathy', 'learning agility', 'problem solving', 'teamwork', 'communication', 'adaptability']"
Cloud Architect,"['excellent communication', 'self motivated', 'strong organizational', 'ability to prioritize effectively', 'customer service focus', 'collaboration', 'proactive', 'positive attitude', 'event planning', 'adaptability']"
Cloud Architect,"['team management', 'client relationship management', 'analytical', 'business development', 'strong leadership', 'problem solving', 'executive presence', 'business acumen']"
Cloud Architect,"['customer service', 'collaboration', 'compliance', 'leadership', 'problem solving', 'teamwork', 'communication', 'multi tasking', 'documentation', 'adaptability']"
Cloud Architect,"['teamwork', 'communication', 'customer focus', 'project management']"
Cloud Architect,"['innovation & capability growth', 'technology awareness & leveraging', 'client acquisition & development', 'people leadership', 'business leadership']"
Cloud Architect,"['quick learner', 'analytical', 'team player', 'problem solving', 'communication', 'flexibility', 'adaptability']"
Cloud Architect,"['leadership', 'customer centric', 'analytical', 'team player', 'project management', 'consulting experience', 'strategic thinking', 'problem solving', 'communication', 'adaptability']"
Cloud Architect,"['recommendation', 'communication', 'technical consulting']"
Cloud Architect,"['presentation', 'verbal communication', 'written communication', 'customer interaction', 'stakeholder engagement']"
Cloud Architect,"['critical feedback', 'vision building', 'self motivation', 'continuous learning', 'leadership', 'problem solving', 'teamwork', 'communication', 'adaptability']"
Cloud Architect,"['collaboration', 'communication', 'results driven mindset', 'organizational']"
Cloud Architect,"['best practice', 'interpersonal and analytical', 'building strong business relationship', 'architectural alignment)', 'leadership (establishing design pattern']"
Cloud Architect,"['market feedback', 'public speaking', 'decision making', 'collaboration', 'leadership', 'thought leadership', 'business acumen', 'communication', 'adaptability']"
Cloud Architect,"['leadership', 'presentation', 'planning', 'execution', 'strategic thinking', 'communication', 'documentation']"
Cloud Architect,['ability to learn/adapt quickly']
Cloud Architect,"['strong communication', 'high energy', 'analytical', 'results driven', 'collaboration', 'adaptability']"
Cloud Architect,"['influencing', 'communication', 'decision making', 'relationship building']"
Cloud Architect,"['communication', 'continuous learning', 'problem solving', 'customer interaction', 'adaptability']"
Cloud Architect,"['strategic thinking', 'entrepreneurial spirit', 'communication', 'creativity', 'relationship building', 'leadership', 'problem solving', 'teamwork', 'customer interaction']"
Cloud Architect,"['leadership', 'optimism', 'continuous learning', 'mentoring', 'problem solving', 'dependability', 'communication', 'flexibility']"
Cloud Architect,['strong prioritization']
Cloud Architect,"['leadership', 'collaboration', 'strategic thinking', 'business acumen', 'communication']"
Cloud Architect,"['attention to detail', 'organizational', 'team player', 'independence', 'prioritization', 'sense of urgency', 'communication']"
Cloud Architect,"['innovative design solution', 'hand sketching', 'design process']"
Cloud Architect,"['strong communication', 'presentation', 'team collaboration', 'business savvy', 'decision making', 'analytical thinker', 'ethical behavior', 'relationship building', 'self starter']"
Cloud Architect,"['precise communication', 'team player', 'strong problem solving', 'continuous learning mindset', 'professional']"
Cloud Architect,"['passionate about work', 'consensus building', 'consulting', 'strong leadership', 'negotiation', 'thought leadership', 'coaching and mentoring', 'facilitation', 'flexibility', 'curious']"
Cloud Architect,"['team development', 'decision making', 'collaboration', 'creativity', 'communication', 'mentoring', 'strategic thinking', 'problem solving', 'leadership']"
Cloud Architect,"['teamwork', 'customer facing role', 'influencing', 'collaboration', 'continuous learning', 'leadership', 'problem solving', 'training', 'communication']"
Cloud Architect,"['stakeholder management', 'presentation', 'strategic partnership development', 'project management', 'customer advocacy', 'customer relationship management', 'leadership', 'customer support', 'communication', 'organization']"
Cloud Architect,"['attention to detail', 'collaboration', 'leadership', 'problem solving', 'teamwork', 'communication', 'continuous learning and development', 'adaptability']"
Cloud Architect,"['presentation', 'client needs analysis', 'business development', 'demand generation', 'proposal writing', 'relationship building', 'teamwork', 'communication', 'strategic account planning']"
Cloud Architect,"['presentation', 'prioritization', 'collaboration', 'written communication', 'interpersonal communication', 'relationship building', 'problem solving']"
Cloud Architect,"['client relationship management', 'time management', 'presentation', 'accountability', 'attention to detail', 'technology application knowledge', 'stress management', 'perseverance', 'communication', 'collaboration', 'leadership', 'goal oriented', 'business orientation']"
Cloud Architect,"['problem solving', 'time management', 'communication', 'project management']"
Cloud Architect,"['team collaboration', 'hiring', 'self motivation', 'pragmatism', 'leadership', 'problem solving', 'communication', 'adaptability']"
Cloud Architect,"['time management', 'attention to detail', 'organizational', 'interpersonal communication', 'initiative', 'problem solving', 'written and oral communication', 'multitasking', 'flexibility', 'adaptability']"
Cloud Architect,"['client relationship management', 'time management', 'presentation', 'team collaboration', 'reporting', 'innovation', 'requirement gathering', 'leadership', 'problem solving', 'written and verbal communication', 'budget management']"
Cloud Architect,"['presentation', 'change management', 'risk taking', 'collaboration', 'leadership', 'making a difference', 'communication']"
Cloud Architect,"['presentation', 'stakeholder management', 'technical leadership', 'collaboration', 'relationship building', 'consultative sale', 'cloud advocacy', 'communication']"
Cloud Architect,"['problem solving', 'collaboration', 'communication', 'ownership']"
Cloud Architect,"['effective communication', 'team collaboration', 'customer orientation', 'problem solving', 'analytical thinking', 'willingness to travel', 'adaptability']"
Cloud Architect,"['itil', 'continuous improvement', 'client service', 'automation', 'proactive', 'growth mindset', 'problem solving', 'teamwork', 'communication', 'documentation']"
Cloud Architect,"['team player attitude', 'strong written communication', 'strong verbal communication']"
Cloud Architect,"['integrity and trustworthiness', 'presentation', 'motivation', 'innovation', 'interpersonal', 'collaboration', 'leadership', 'problem solving', 'team orientation', 'communication', 'adaptability']"
Cloud Architect,"['agile mindset', 'result orientation', 'feedback reception', 'collaboration', 'problem solving', 'teamwork', 'communication', 'adaptability']"
Cloud Architect,"['conceptualization', 'articulation', 'conflict resolution', 'attention to detail', 'presentation', 'adaptability', 'quality focus', 'mentoring', 'leadership', 'problem solving', 'multitasking', 'communication', 'professional representation', 'validation']"
Cloud Architect,"['time management', 'analytical', 'self motivated', 'client focus', 'independence', 'teamwork', 'communication', 'organization']"
Cloud Architect,"['organizational', 'problem analysis technique', 'analytical ability', 'troubleshooting', 'teamwork', 'interpersonal']"
Cloud Architect,"['self initiative/drive', 'consultative behavior', 'team player', 'cooperation amongst key stakeholder', 'customer facing', 'visionary', 'mentoring', 'leadership', 'self sufficient']"
Cloud Architect,"['attention to detail', 'organizational', 'collaboration', 'problem solving', 'communication']"
Cloud Architect,"['time management', 'planning', 'analytical', 'organizational', 'decision making', 'process improvement', 'collaboration', 'continuous learning', 'teamwork', 'communication']"
Cloud Architect,"['leadership', 'collaboration', 'mentoring', 'problem solving', 'communication']"
Cloud Architect,"['prioritization', 'project management', 'collaboration', 'leadership', 'analytical thinking', 'adaptability']"
Cloud Architect,"['dedication', 'client interaction', 'time management', 'client engagement', 'attention to detail', 'professionalism', 'problem solving', 'interpersonal', 'learning agility', 'leadership', 'mentoring', 'teamwork', 'communication', 'adaptability']"
Cloud Architect,"['system thinking', 'team work', 'learning', 'mandarin speaking/reading/writing', 'problem solving']"
Cloud Architect,"['communication', 'innovative thinking']"
Cloud Architect,"['ownership of customer resolution', 'attention to detail', 'drive for continuous learning']"
Cloud Architect,"['customer success', 'motivation', 'organizational', 'customer relationship management', 'leadership', 'problem solving', 'teamwork', 'communication']"
Cloud Architect,"['executive relationship building', 'business development', 'open mindedness', 'humility', 'travel willingness', 'creativity', 'client interaction', 'thought leadership']"
Cloud Architect,"['high intensity team collaboration', 'kpis & reporting', 'business process consultation', 'communication', 'problem solving', 'teamwork', 'business change management', 'flexibility', 'adaptability']"
Cloud Architect,"['team facilitation', 'listening', 'time management', 'travel readiness', 'client management', 'passion for learning', 'business acumen', 'communication']"
Cloud Architect,"['client service requests handling', 'contract management', 'meeting facilitation', 'team collaboration', 'decision making', 'service improvement plan', 'customer relationship management', 'problem solving', 'communication', 'account governance']"
Cloud Architect,"['relationship development', 'presentation', 'analytical', 'collaboration', 'problem solving', 'communication']"
Cloud Architect,"['troubleshooting and issue escalation', 'attention to detail', 'organizational', 'collaboration with customer', 'learning agility', 'multitasking and prioritization']"
Cloud Architect,"['strong interpersonal', 'soft skills:']"
Cloud Architect,['excellent communication']
Cloud Architect,"['business understanding', 'presentation', 'understanding competing agendas', 'client hierarchies navigation', 'problem solving', 'teamwork', 'communication']"
Cloud Architect,"['leadership', 'creativity', 'learning agility', 'strategic thinking', 'problem solving', 'teamwork', 'communication', 'adaptability']"
Cloud Architect,"['analytical', 'logical reasoning', 'problem solving', 'pragmatism', 'perseverance', 'creativity', 'leadership', 'mentoring']"
Cloud Architect,"['stakeholder communication', 'education and training', 'collaboration', 'business acumen', 'documentation']"
Cloud Architect,"['clarification of expectation', 'meeting facilitation', 'customer engagement', 'results orientation', 'continuous improvement', 'emerging technology focus', 'collaboration', 'self direction', 'team evangelization', 'written and verbal communication']"
Cloud Architect,"['strong communication', 'disciplined approach to work', 'sales oriented mindset', 'ownership mentality', 'team leadership', 'delivery leadership', 'client success', 'business acumen', 'stakeholder engagement']"
Cloud Architect,"['strategic thinking', 'influence', 'critical thinking', 'pragmatism', 'agile methodology', 'collaboration', 'creativity', 'relationship building', 'continuous learning', 'leadership', 'problem solving', 'communication']"
Cloud Architect,"['customer service', 'consulting', 'business development', 'relationship management', 'interpersonal', 'project management', 'strategic thinking', 'teamwork', 'communication']"
Cloud Architect,"['communication effectiveness', 'analysis', 'collaboration', 'leadership', 'problem solving', 'teamwork', 'interpersonal', 'adaptability']"
Cloud Architect,"['leadership', 'communication', 'industry knowledge', 'innovation']"
Cloud Architect,"['service oriented mentality', 'accountability', 'judgment', 'curiosity', 'creative thinking', 'setting standard', 'detail oriented', 'influencing', 'collaboration', 'strategic agility', 'relationship building', 'leadership', 'problem solving', 'teamwork', 'communication', 'analytical thinking']"
Cloud Architect,"['time management', 'resilience', 'attention to detail', 'project management', 'optimism', 'sense of urgency', 'problem solving', 'teamwork', 'communication', 'proactivity']"
Cloud Architect,"['collaboration', 'expert advice', 'relationship building', 'leadership', 'thought leadership', 'communication']"
Cloud Architect,"['presentation', 'curiosity', 'interpersonal', 'leadership', 'problem solving', 'teamwork', 'communication', 'adaptability']"
Cloud Architect,"['innovative thinking', 'conceptual thinking', 'design thinking', 'strategic thinking', 'thought leadership', 'strong consulting']"
Cloud Architect,"['collaboration', 'expert advice', 'relationship building', 'leadership', 'thought leadership', 'communication']"
Cloud Architect,"['planning', 'prioritization', 'collaboration', 'automation', 'estimation', 'leadership', 'teaching/mentoring']"
Cloud Architect,"['technical writing', 'presentation', 'problem solving', 'customer interaction', 'communication']"
Cloud Architect,"['customer empowerment mindset', 'passion for automation', 'and systems administration', 'creative problem solving ability', 'learning new']"
Cloud Architect,"['continuous improvement', 'collaboration', 'leadership', 'problem solving', 'teamwork', 'communication']"
Cloud Architect,"['strong communication', 'dedication', 'ability to overcome adversity', 'collaboration', 'problem solving', 'hard work', 'adaptability']"
Cloud Architect,"['strategic planning', 'prioritization', 'project management', 'team organization', 'leadership', 'problem solving', 'confidentiality', 'budget management', 'communication', 'adaptability']"
Cloud Architect,"['team management', 'analytical', 'coaching', 'mentoring', 'communication']"
Cloud Architect,"['presentation', 'demonstration', 'creative problem solving', 'passion for', 'communication']"
Cloud Architect,"['customer service', 'presentation', 'collaboration', 'leadership', 'problem solving', 'training', 'communication', 'adaptability']"
Cloud Architect,"['detail oriented', 'collaboration', 'analytical reasoning', 'problem solving', 'communication', 'adaptability']"
Cloud Architect,"['verbal and written communication', 'learning agility', 'leadership', 'interpersonal', 'teaching and mentoring', 'adaptability']"
Cloud Architect,"['strong communication', 'strong planning', 'self motivated', 'ability to maintain professionalism', 'strong organizational', 'ability to prioritize effectively', 'excellent customer service', 'sense of humor', 'sense of responsibility']"
Cloud Architect,"['leadership', 'collaboration', 'relationship building', 'mentoring', 'strategic thinking', 'problem solving', 'teamwork', 'communication', 'facilitation']"
Cloud Services Developer,"['risk management', 'innovation', 'mentorship', 'business knowledge', 'collaboration', 'client centric approach', 'compliance', 'leadership', 'problem solving', 'teamwork', 'communication', 'adaptability']"
Cloud Services Developer,"['problem solving', 'collaboration', 'communication']"
Cloud Services Developer,"['problem solving', 'communication', 'organization', 'mentoring']"
Cloud Services Developer,[]
Cloud Services Developer,"['team collaboration', 'accountability', 'innovation', 'problem solving', 'communication', 'flexibility']"
Cloud Services Developer,"['attention to detail', 'design thinking', 'quality focus', 'collaboration', 'fast paced environment experience', 'problem solving', 'communication', 'adaptability']"
Cloud Services Developer,"['time management', 'training', 'analytical', 'attention to detail', 'mentoring', 'leadership', 'problem solving', 'teamwork', 'communication', 'project planning']"
Cloud Services Developer,"['listening', 'self development', 'collaboration', 'relationship building', 'problem solving', 'feedback responsiveness', 'communication', 'adaptability']"
Cloud Services Developer,"['conceptual thinking', 'innovation', 'customer focus', 'operational excellence', 'problem solving', 'communication']"
Cloud Services Developer,"['time management', 'interpersonal', 'collaboration', 'creativity', 'strategic thinking', 'problem solving', 'communication']"
Cloud Services Developer,"['strong written', 'oral', 'and presentation']"
Cloud Services Developer,"['analytical', 'collaboration', 'agile development', 'problem solving', 'teamwork', 'communication']"
Cloud Services Developer,"['agile mindset', 'innovation', 'customer focus', 'collaboration', 'ambiguity management', 'operational excellence', 'problem solving', 'communication']"
Cloud Services Developer,['strong communicator']
Cloud Services Developer,"['ability to work independently', 'positive attitude', 'communication']"
Cloud Services Developer,"['interpersonal', 'collaboration', 'negotiation', 'problem solving', 'communication']"
Cloud Services Developer,"['strategic planning', 'soft skills:', 'collaboration', 'relationship building', 'leadership', 'communication']"
Cloud Services Developer,"['customer service', 'problem solving', 'teamwork', 'communication', 'adaptability']"
Cloud Services Developer,"['collaboration', 'career development planning']"
Cloud Services Developer,"['time management', 'organizational', 'verbal communication', 'self motivation', 'written communication']"
Cloud Services Developer,"['strong communication', 'collaborative mindset']"
Cloud Services Developer,"['teamwork', 'learning mindset', 'agile development']"
Cloud Services Developer,"['presentation', 'collaboration', 'problem solving', 'communication', 'documentation']"
Cloud Services Developer,"['planning', 'social', 'prioritization', 'self starter mentality', 'collaboration', 'communication (verbal and written)', 'negotiation', 'continuous learning mindset', 'interpersonal']"
Cloud Services Developer,"['resourcefulness', 'service orientation', 'quality work output', 'teamwork', 'adaptability']"
Cloud Services Developer,"['technology', 'creativity', 'design']"
Cloud Services Developer,"['analytical', 'attention to detail', 'innovation', 'verbal and written communication', 'self starter', 'project management', 'collaboration', 'problem solving', 'multitasking', 'documentation', 'adaptability']"
Cloud Services Developer,"['communication', 'multi tasking ability', 'project management', 'organizational']"
Cloud Services Developer,"['documenting and mentoring', 'collaboration', 'security best practice', 'problem solving', 'training', 'analytical thinking']"
Cloud Services Developer,"['design', 'coaching', 'agile development experience', 'hands on development experience', 'unit testing', 'code review']"
Cloud Services Developer,"['analytical', 'interpersonal', 'critical thinking', 'collaboration', 'creativity', 'problem solving', 'communication', 'coaching/mentoring']"
Cloud Services Developer,"['information communication', 'english proficiency', 'business sensibility', 'client interaction', 'problem solving', 'teamwork', 'communication']"
Cloud Services Developer,"['self starter', 'team player', 'excellent analytical']"
Cloud Services Developer,"['creative problem solving', 'self motivation', 'collaboration', 'strong teamwork orientation', 'leadership', 'mentoring']"
Cloud Services Developer,"['problem solving', 'communication', 'flexibility', 'organization']"
Cloud Services Developer,"['problem solving', 'collaboration', 'clear and concise communication']"
Cloud Services Developer,"['written and verbal communication', 'organizational agility', 'interpersonal', 'teamwork & collaboration']"
Cloud Services Developer,"['problem solving', 'collaboration', 'communication', 'leadership']"
Cloud Services Developer,"['consulting', 'market feedback dissemination', 'strategic planning', 'client executive interaction', 'management consulting', 'client service', 'troubleshooting', 'thought leadership', 'customer support', 'team structuring', 'communication', 'cross functional teamwork', 'data analysis']"
Cloud Services Developer,"['training and development opportunity', 'critical thinking', 'collaboration', 'leadership (entrepreneurial spirit)', 'problem solving', 'communication', 'career planning']"
Cloud Services Developer,"['work ethic', 'presentation', 'accountability', 'professionalism', 'attention to detail', 'collaboration', 'problem solving', 'communication', 'flexibility', 'adaptability']"
Cloud Services Developer,"['analytical', 'professionalism', 'technical leadership', 'decision making', 'problem solving', 'teamwork', 'communication', 'adaptability']"
Cloud Services Developer,"['strong communication', 'quick problem solving', 'innovative problem solving', 'highly motivated', 'detail oriented', 'independent worker']"
Cloud Services Developer,"['strong communication', 'ability to prioritize task', 'detail oriented', 'strong visual design', 'problem solving', 'strong time management', 'keen on detail', 'strong project management']"
Cloud Services Developer,['strong attention to detail']
Cloud Services Developer,"['business sensibility', 'communication', 'working in global team', 'client interaction']"
Cloud Services Developer,"['passionate', 'optimist', 'adaptable', 'independent']"
Cloud Services Developer,"['presentation', 'client management', 'relationship management', 'project management', 'customer facing communication']"
Cloud Services Developer,"['problem solving', 'agile software delivery methodology', 'soft skills:', 'prioritization and conflict resolution']"
Cloud Services Developer,"['decision making', 'critical thinking', 'strong english writing', 'team player mentality', 'strong verbal communication', 'problem solving']"
Cloud Services Developer,"['design decision making', 'collaboration', 'communication']"
Cloud Services Developer,"['ui and web development', 'prioritization and deadline management', 'application', 'self motivation', 'excellent interpersonal', 'growth mindset', 'teamwork']"
Cloud Services Developer,"['organizational', 'problem solving ability', 'prioritization', 'analytical mindset', 'communication']"
Cloud Services Developer,"['project management', 'collaboration', 'self reliance', 'communication', 'cross functional teamwork', 'adaptability']"
Cloud Services Developer,"['problem solving', 'communication', 'innovation']"
Cloud Services Developer,"['presentation', 'interpersonal', 'problem solving', 'communication', 'analytical thinking']"
Cloud Services Developer,"['systems perspective', 'team player', 'agile methodology', 'collaboration', 'passion for user experience', 'continuous learning', 'creative web development']"
Cloud Services Developer,[]
Cloud Services Developer,"['time management', 'organizational', 'initiative', 'teamwork', 'communication']"
Cloud Services Developer,"['accountability', 'analytical thinking', 'relationship building.', 'prioritization', 'self motivation', 'soft skills: communication', 'problem solving', 'teamwork', 'flexibility', 'proactivity']"
Cloud Services Developer,[]
Cloud Services Developer,"['non hierarchical', 'ego free', 'creative problem solving', 'self motivated', 'adaptability', 'collaborative', 'dynamic', 'entrepreneurial', 'communication', 'commitment']"
Cloud Services Developer,"['attention to detail', 'continuous learning mindset', 'communication', 'feedback oriented', 'adaptability']"
Cloud Services Developer,"['innovation', 'collaboration', 'problem solving', 'communication', 'analytical thinking']"
Cloud Services Developer,"['customer engagement', 'management consulting', 'market feedback', 'client service', 'thought leadership', 'teamwork', 'communication', 'consulting expertise']"
Cloud Services Developer,"['customer centric approach', 'time management', 'consultative mindset', 'problem solving', 'self motivation', 'quality focus', 'collaboration', 'interpersonal communication', 'proactive learning', 'teamwork', 'customer interaction', 'multi tasking', 'analytical thinking']"
Cloud Services Developer,"['problem solving', 'collaboration', 'communication', 'project planning']"
Cloud Services Developer,"['object oriented design', 'software development', 'relational database concept', 'nosql database concept', 'problem solving', 'teamwork', 'communication']"
Cloud Services Developer,"['strong communication', 'knowledge sharing', 'customer focus', 'team growth', 'continuous delivery']"
Cloud Services Developer,"['team management', 'strategic planning', 'interpersonal', 'leadership', 'communication']"
Cloud Services Developer,"['problem solving', 'communication', 'team collaboration', 'adaptability']"
Cloud Services Developer,"['innovative thinking', 'resilience', 'collaboration', 'problem solving', 'communication', 'adaptability']"
Cloud Services Developer,"['team collaboration', 'consulting', 'insightful', 'presentation', 'ambiguity navigation', 'critical thinking', 'client service', 'adaptive', 'executive engagement', 'thought leadership', 'communication']"
Cloud Services Developer,"['time management', 'planning', 'objectivity', 'critical thinking', 'collaboration', 'openness to feedback', 'leadership', 'team orientation', 'communication', 'stakeholder engagement', 'adaptability']"
Cloud Services Developer,"['problem solving', 'communication', 'analysis']"
Cloud Services Developer,"['time management', 'team collaboration', 'organizational', 'creative problem solving', 'positive attitude']"
Cloud Services Developer,"['ownership and drive', 'debugging', 'optimization', 'automation', 'problem solving', 'communication']"
Cloud Services Developer,"['resourcefulness', 'consulting acumen', 'innovation', 'curiosity', 'decision making', 'project management', 'willingness to travel', 'collaboration', 'positive attitude', 'strategic', 'and business analysis', 'technical', 'communication', 'stakeholder engagement']"
Cloud Services Developer,"['collaboration', 'communication']"
Cloud Services Developer,"['quality code delivery', 'innovation', 'defect resolution', 'collaboration', 'fast paced environment adaptation', 'problem solving', 'teamwork', 'communication', 'adaptability']"
Cloud Services Developer,"['analytical and logical thinking', 'teamwork', 'independence', 'detail oriented', 'careful nature', 'multitasking', 'high quality', 'driven']"
Cloud Services Developer,"['agile principles (scrum)', 'innovative thinking', 'team collaboration']"
Cloud Services Developer,"['communication', 'presentation', 'analytical thinking', 'interpersonal']"
Cloud Services Developer,"['innovation', 'diversity and inclusion', 'collaboration', 'problem solving', 'communication']"
Cloud Services Developer,"['consultative', 'project management', 'collaboration', 'problem solving', 'customer interaction', 'communication']"
Cloud Services Developer,"['user centered design', 'decision making', 'collaboration', 'continuous learning', 'problem solving', 'teaching and mentoring', 'communication', 'passion for public service', 'adaptability']"
Cloud Services Developer,"['patience', 'curiosity', 'team player', 'organizational', 'detail oriented', 'communication', 'tenacity', 'interpersonal']"
Cloud Services Developer,"['analytical', 'business intelligence', 'collaboration', 'customer relationship management', 'leadership', 'problem solving', 'communication', 'adaptability']"
Cloud Services Developer,"['innovation', 'collaboration', 'problem solving', 'productivity', 'communication', 'adaptability']"
Cloud Services Developer,"['client management', 'communication', 'project management']"
Cloud Services Developer,"['problem solving', 'collaboration', 'communication', 'analysis']"
Cloud Services Developer,"['presentation', 'community engagement', 'problem solving', 'open source contribution', 'communication']"
Cloud Services Developer,"['communication', 'analytical', 'interpersonal', 'adaptability']"
Cloud Services Developer,"['team collaboration', 'infrastructure management', 'agile methodology', 'consultation', 'documentation']"
Cloud Services Developer,"['communication', 'team collaboration']"
Cloud Services Developer,"['soft skills:', 'continuous learning', 'problem solving', 'teamwork', 'communication']"
Cloud Services Developer,"['time management', 'innovation', 'effective team player', 'leadership', 'problem solving', 'highly self motivated']"
Cloud Services Developer,"['business development', 'project management', 'leadership', 'written and verbal communication', 'teamwork']"
Cloud Services Developer,"['presentation', 'community engagement', 'blogging', 'communication', 'collaboration', 'troubleshooting', 'problem solving', 'technical writing', 'documentation', 'adaptability']"
Cloud Services Developer,"['presentation', 'management consulting', 'problem solving', 'strategic thinking', 'customer support', 'teamwork', 'communication', 'adaptability']"
Cloud Services Developer,"['teamwork', 'communication']"
Cloud Services Developer,"['professionalism', 'personal development', 'collaboration', 'initiative', 'solution oriented', 'continuous learning', 'leadership', 'problem solving', 'communication', 'analytical thinking']"
Cloud Services Developer,"['team player', 'decision making', 'critical thinking', 'self starter', 'strong problem solving']"
Cloud Services Developer,"['ability to think analytically', 'fluent in english']"
Cloud Services Developer,"['presentation', 'organizational', 'customer facing', 'strategic thinking', 'problem solving', 'teamwork', 'communication']"
Cloud Services Developer,"['learning agility', 'problem solving', 'teamwork', 'communication', 'adaptability']"
Cloud Services Developer,"['strong interpersonal', 'excellent communication']"
Cloud Services Developer,['communication']
Cloud Services Developer,"['problem solving', 'collaboration', 'presentation']"
Cloud Services Developer,"['issue debugging', 'learning agility', 'collaboration with multiple team']"
Cloud Services Developer,"['passion for helping developer', 'prioritization', 'self motivation', 'relationship building', 'communication', 'community building']"
Cloud Services Developer,"['time management', 'curiosity', 'collaboration', 'problem solving', 'communication', 'adaptability']"
Cloud Services Developer,"['coaching/mentoring/teaching', 'change management', 'agile methodology', 'leadership', 'problem solving', 'facilitation', 'communication', 'critical thinking/judgement']"
Cloud Services Developer,"['stakeholder management', 'advocacy', 'leadership', 'teamwork', 'communication']"
Cloud Services Developer,"['presentation', 'organizational', 'collaboration', 'leadership', 'problem solving', 'communication']"
Cloud Services Developer,"['curiosity', 'leadership quality', 'collaboration', 'creativity', 'enthusiasm for problem solving', 'passion for', 'communication', 'adaptability']"
Cloud Services Developer,"['strategic thinking', 'innovative thinking', 'problem solving', 'collaboration', 'relationship building', 'leadership', 'financial control', 'budget management']"
Cloud Services Developer,"['time management', 'decision making', 'collaboration', 'relationship building', 'leadership', 'problem solving', 'communication']"
Cloud Services Developer,"['client relationship management', 'consulting', 'problem solving', 'collaboration', 'customer support', 'strategic thinking', 'thought leadership', 'communication', 'cross functional teamwork', 'adaptability']"
Cloud Services Developer,"['team collaboration', 'agile task management', 'technical leadership', 'problem solving', 'communication']"
Data Analyst,"['curiosity', 'learning agility', 'problem solving', 'teamwork', 'communication', 'analytical thinking', 'adaptability']"
Data Analyst,"['well organized', 'detail oriented', 'self driven', 'collaborative mindset', 'pro active', 'systematic', 'can do attitude']"
Data Analyst,"['analytical', 'enthusiasm for learning', 'teamwork', 'influence', 'results driven', 'creativity', 'initiative', 'planning and organization', 'maturity', 'business acumen', 'communication']"
Data Analyst,"['self starter', 'strong organizational', 'strong problem solving', 'ability to think strategically/tactically']"
Data Analyst,"['collaboration', 'teamwork', 'attention to detail']"
Data Analyst,"['problem solving', 'collaboration', 'communication', 'analytical']"
Data Analyst,"['time management', 'client service orientation', 'problem solving', 'teamwork', 'communication', 'adaptability']"
Data Analyst,"['customer service', 'time management', 'attention to detail', 'collaboration', 'leadership', 'problem solving', 'communication', 'analytical thinking']"
Data Analyst,"['analytical', 'creative problem solving']"
Data Analyst,"['communication', 'decision making', 'leadership']"
Data Analyst,"['strong communication', 'presentation', 'interpersonal skills.', 'self motivation', 'creativity', 'problem solving', 'teamwork']"
Data Analyst,"['presentation', 'analytical', 'problem solving', 'communication', 'adaptability']"
Data Analyst,"['attention to detail', 'innovation', 'reporting', 'passion for game', 'collaboration', 'strategic thinking', 'problem solving', 'communication', 'analytical thinking']"
Data Analyst,"['time management', 'accountability', 'autonomous work', 'problem solving', 'teamwork', 'communication']"
Data Analyst,"['attention to detail', 'organizational', 'critical thinking', 'ability to meet deadline', 'problem solving']"
Data Analyst,"['time management', 'numerical', 'organization', 'detail oriented', 'collaboration', 'positive attitude', 'problem solving', 'teamwork', 'communication', 'adaptability']"
Data Analyst,"['problem solving', 'analytical', 'attention to detail']"
Data Analyst,"['problem solving', 'communication', 'interpersonal', 'organizational']"
Data Analyst,"['time management', 'attention to detail', 'self motivation', 'communication', 'strong customer facing', 'interpersonal', 'flexibility', 'adaptability']"
Data Analyst,"['attention to detail', 'project ownership', 'uncertainty tolerance', 'collaboration', 'fast paced environment', 'teamwork', 'communication', 'adaptability']"
Data Analyst,"['customer service', 'attention to detail', 'self motivation', 'strategic thinking', 'problem solving', 'teamwork', 'communication', 'organization']"
Data Analyst,"['attention to detail', 'communication', 'leadership', 'problem solving', 'interpersonal']"
Data Analyst,"['attention to detail', 'quality control', 'producing actionable insight', 'interpreting data', 'critical thinking', 'collaboration', 'best practice dissemination', 'strategic thinking', 'problem solving', 'communication', 'documentation']"
Data Analyst,"['problem solving', 'collaboration', 'communication']"
Data Analyst,"['professionalism', 'strong interpersonal', 'decision making', 'problem solving', 'teamwork', 'communication']"
Data Analyst,['strong communication']
Data Analyst,"['time management', 'analytical', 'interpersonal', 'collaboration', 'problem solving', 'teamwork', 'communication', 'networking']"
Data Analyst,"['communication', 'presentation']"
Data Analyst,"['conscientiousness', 'strong analytical', 'inquisitiveness', 'problem solving', 'teamwork', 'communication']"
Data Analyst,"['task estimation', 'independence', 'detail orientation', 'project management', 'self motivation', 'collaboration', 'consultation', 'teamwork', 'communication', 'flexibility']"
Data Analyst,"['hard working', 'self motivation', 'collaboration', 'fun loving', 'communication', 'flexibility', 'analytic consultative service']"
Data Analyst,"['adherence to project schedule', 'self starter', 'strong interpersonal communication', 'results oriented']"
Data Analyst,"['time management', 'decision making', 'problem solving', 'confidentiality', 'communication', 'analytical thinking', 'adaptability']"
Data Analyst,"['strong communication', 'attention to detail', 'team player', 'strong analytical', 'collaboration', 'problem solving']"
Data Analyst,"['teamwork', 'communication']"
Data Analyst,"['organizational', 'team player', 'self motivated', 'problem solving', 'adaptability']"
Data Analyst,"['self motivation', 'problem solving', 'teamwork', 'communication', 'adaptability']"
Data Analyst,"['analytical', 'organizational', 'researching', 'problem solving', 'communication']"
Data Analyst,"['attention to detail', 'verbal and written communication', 'organizational', 'innovation and creative thinking', 'outstanding customer service', 'problem solving', 'teamwork', 'logical and analytical thinking']"
Data Analyst,"['quick learner', 'organization', 'independence', 'data presentation', 'communication', 'multi tasking', 'adaptability']"
Data Analyst,"['communication', 'interpersonal']"
Data Analyst,"['presentation', 'prioritization', 'systems thinking', 'collaboration', 'consultation', 'leadership', 'problem solving', 'communication', 'adaptability']"
Data Analyst,"['dependable', 'resourcefulness', 'time management', 'detail oriented', 'self managing', 'problem solving', 'self starting', 'communication']"
Data Analyst,"['analytical', 'attention to detail', 'organizational', 'communication', 'multi tasking']"
Data Analyst,"['collaborative teamwork', 'customer facing', 'presentation']"
Data Analyst,"['detail oriented', 'soft skills:', 'written/oral communication', 'problem solving', 'teamwork']"
Data Analyst,"['attention to detail', 'fast paced environment management', 'prioritization', 'interpersonal', 'collaboration', 'communication', 'organization']"
Data Analyst,"['customer service', 'analytical capability', 'change management', 'verbal)', 'self starter', 'critical thinking', 'collaboration', 'communication (written', 'relationship building', 'problem solving', 'interpersonal']"
Data Analyst,"['quality standard', 'presentation', 'research', 'strategic thinking', 'problem solving', 'communication']"
Data Analyst,"['attention to detail', 'organizational', 'collaboration', 'written communication', 'teamwork', 'interpersonal', 'oral communication']"
Data Analyst,['communication']
Data Analyst,"['time management', 'organizational', 'relationship management', 'decision making', 'interpersonal', 'collaboration', 'initiative', 'problem solving', 'communication', 'analytical thinking', 'adaptability']"
Data Analyst,"['team collaboration', 'analytical', 'relationship building', 'strategic thinking', 'problem solving', 'communication']"
Data Analyst,"['time management', 'organizational', 'prioritization', 'teamwork', 'communication']"
Data Analyst,"['strategic planning', 'teamwork', 'verbal and written communication']"
Data Analyst,"['innovation', 'critical thinking', 'collaboration', 'problem solving', 'communication']"
Data Analyst,"['attention to detail', 'professionalism', 'independence', 'collaboration', 'meticulousness', 'discretion', 'flexibility', 'adaptability']"
Data Analyst,"['team collaboration', 'business judgment', 'data storytelling', 'self starter attitude', 'problem solving', 'business acumen', 'communication']"
Data Analyst,"['quick learner', 'mentoring', 'problem solving', 'communication', 'adaptability']"
Data Analyst,"['time management', 'attention to detail', 'teamwork', 'prioritization', 'articulate communication', 'bilingualism (spanish language proficiency)', 'problem solving', 'written and verbal communication', 'multitasking', 'organization']"
Data Analyst,"['time management', 'strong organizational', 'strong analytical', 'project management', 'communication', 'adaptability']"
Data Analyst,"['analytical', 'attention to detail', 'embracing change', 'team player', 'decision making', 'critical thinking', 'systems thinking', 'managing ambiguity', 'problem solving', 'communication', 'adaptability']"
Data Analyst,"['influence', 'problem solving', 'teamwork', 'communication', 'passion for helping other']"
Data Analyst,"['mathematics', 'communication', 'analytical']"
Data Analyst,"['customer service', 'conflict resolution', 'prioritization and multitasking', 'oral and written communication', 'leadership']"
Data Analyst,"['problem solving', 'communication', 'continuous learning and experimentation', 'attention to detail']"
Data Analyst,"['problem solving', 'communication', 'analytical', 'critical thinking']"
Data Analyst,"['problem solving', 'teamwork', 'communication', 'analytical']"
Data Analyst,"['presentation', 'analytical thinking', 'influencing', 'self driven', 'collaboration', 'creativity', 'written communication', 'problem solving', 'oral communication']"
Data Analyst,"['time management', 'self motivation', 'collaboration', 'problem solving', 'communication']"
Data Analyst,"['team collaboration', 'client focus', 'proactivity', 'detail oriented approach', 'commitment to client satisfaction', 'troubleshooting', 'communication', 'continuous improvement mindset']"
Data Analyst,"['willingness to learn', 'communication', 'analytical thinking', 'curiosity']"
Data Analyst,"['strong communication', 'time management', 'attention to detail', 'organizational', 'research learning', 'strong quantitative aptitude', 'self motivation', 'problem solving', 'teamwork', 'flexibility', 'adaptability']"
Data Analyst,"['leadership', 'analytical', 'compliance', 'mentoring', 'problem solving', 'training', 'communication']"
Data Analyst,"['time management', 'attention to detail', 'judgment', 'critical thinking', 'collaboration', 'discretion', 'problem solving', 'written and verbal communication', 'interpersonal', 'organization']"
Data Analyst,"['punctuality', 'analytical', 'attention to detail', 'strong writing', 'self motivation', 'collaboration', 'interpersonal communication', 'organization']"
Data Analyst,"['fast paced environment adaptation', 'strong interpersonal', 'strong analytical', 'project management']"
Data Analyst,"['passion for civil liberty', 'consensus building', 'prioritization', 'collaboration', 'problem solving', 'communication']"
Data Analyst,"['team collaboration', 'self motivation', 'problem solving', 'communication', 'adaptability']"
Data Analyst,"['curiosity', 'collaboration', 'problem solving', 'communication', 'analytical thinking']"
Data Analyst,"['punctuality', 'time management', 'attention to detail', 'innovation', 'stress management', 'collaboration', 'problem solving', 'communication', 'multi tasking', 'adaptability']"
Data Analyst,"['problem solving', 'communication', 'analytical', 'attention to detail']"
Data Analyst,"['time management', 'attention to detail', 'independent work', 'accuracy', 'communication']"
Data Analyst,"['action oriented', 'analytical', 'detail oriented', 'collaboration', 'creativity', 'relationship building', 'problem solving', 'communication']"
Data Analyst,"['customer service', 'attention to detail', 'critical thinking', 'interpersonal', 'project management', 'initiative', 'relationship building', 'strategic thinking', 'communication', 'flexibility', 'organization']"
Data Analyst,"['time management', 'analytical', 'attention to detail', 'organizational', 'verbal communication', 'self motivation', 'written communication', 'multi tasking']"
Data Analyst,"['customer service', 'cultural competency', 'time management', 'critical thinking', 'collaboration', 'leadership', 'problem solving', 'communication', 'adaptability']"
Data Analyst,"['time management', 'presentation', 'scalable solution', 'project management', 'stakeholder update', 'collaboration', 'problem solving', 'training', 'communication', 'subject matter expertise', 'documentation', 'cross training']"
Data Analyst,"['communication', 'project management', 'analytical', 'attention to detail']"
Data Analyst,"['presentation', 'analytical', 'attention to detail', 'problem solving', 'communication']"
Data Analyst,"['customer service', 'time management', 'accountability', 'organizational', 'decision making', 'collaboration', 'problem solving', 'communication']"
Data Analyst,"['data driven decision making', 'soft skills:', 'collaboration', 'leadership', 'problem solving', 'communication']"
Data Analyst,"['time management', 'relationship management', 'project management', 'problem solving', 'teamwork', 'communication', 'analytical thinking', 'training & development']"
Data Analyst,"['cooperation', 'time management', 'attention to detail', 'teamwork', 'communication', 'adaptability']"
Data Analyst,"['effective communication', 'time management', 'curiosity', 'detail oriented', 'analytical and quantitative', 'collaboration', 'problem solving', 'adaptability']"
Data Analyst,"['process improvement', 'interpretation', 'timeliness', 'accuracy', 'communication']"
Data Analyst,"['teamwork', 'communication', 'coordination']"
Data Analyst,"['customer service', 'analytical', 'organizational', 'multi tasking ability', 'critical thinking', 'training', 'interpersonal']"
Data Analyst,"['strong communication capability', 'identifying', 'and resolving discrepancy', 'researching', 'facilitating meetings and presentation']"
Data Analyst,"['team collaboration', 'conflict resolution', 'writing', 'communication', 'mediation']"
Data Analyst,['analytical']
Data Analyst,"['attention to detail', 'organizational', 'self motivation', 'written communication', 'oral communication']"
Data Analyst,"['strategic thinking', 'detail oriented', 'interpersonal', 'mentoring', 'problem solving', 'teamwork', 'communication', 'organization']"
Data Analyst,"['problem solving', 'time management', 'communication', 'project management']"
Data Analyst,"['customer service', 'leadership', 'attention to detail', 'establishing trusting relationship', 'sensitivity', 'analytical thinking', 'prioritization', 'active listening', 'collaboration', 'creativity', 'emotional support', 'crisis management', 'problem solving', 'teamwork', 'communication', 'motivational interviewing', 'organization']"
Data Analyst,"['time management', 'report writing', 'problem solving', 'communication', 'adaptability']"
Data Analyst,"['problem solving', 'mentoring and providing feedback', 'communication']"
Data Analyst,"['communication', 'presentation']"
Data Analyst,"['customer service', 'ability to work independently', 'consultation', 'persuasion and negotiation', 'problem solving', 'communication']"
Data Analyst,"['quality control', 'organizational', 'detail oriented', 'critical thinking', 'project management', 'collaboration', 'problem solving', 'communication', 'adaptability']"
Data Analyst,"['time management', 'problem solving', 'multitasking', 'communication', 'organization']"
Data Analyst,"['strong communication', 'appetite for learning', 'passionate', 'obsession for data accuracy', 'highly motivated', 'strong attention to detail', 'efficiency', 'goal oriented', 'flexibility']"
Data Analyst,"['strong communication', 'attention to detail', 'intellectual curiosity', 'problem solving', 'teamwork', 'adaptability']"
Data Analyst,"['time management', 'presentation', 'decision making', 'interpersonal communication', 'integrity', 'leadership', 'problem solving', 'confidentiality', 'business acumen', 'adaptability']"
Data Analyst,"['strong organizational', 'detail oriented', 'interpersonal', 'problem solving', 'communication']"
Data Analyst,"['client relationship management', 'time management', 'initiative', 'problem solving', 'communication']"
Data Analyst,"['time management', 'attention to detail', 'collaboration', 'strategic thinking', 'problem solving', 'communication']"
Data Analyst,"['time management', 'analytical', 'change management', 'client management', 'coaching', 'project management', 'relationship building', 'leadership', 'communication']"
Data Analyst,"['attention to detail', 'excellent communication', 'team player', 'strong analytical', 'critical thinking', 'intellectual curiosity', 'self starter']"
Data Analyst,"['time management', 'presentation', 'attention to detail', 'innovation', 'critical thinking', 'problem solving', 'teamwork', 'communication', 'adaptability']"
Data Architect,"['critical thinking ability', 'analytical', 'strong organizational', 'prioritization', 'project management', 'leadership', 'facilitation', 'interpersonal']"
Data Architect,"['interpersonal', 'project management', 'collaboration', 'leadership', 'problem solving', 'facilitation', 'communication']"
Data Architect,"['quality driven development', 'collaboration', 'leadership', 'problem solving', 'communication', 'multi tasking', 'business perspective']"
Data Architect,"['quick access to data', 'evaluating reusability of data']"
Data Architect,"['quick learner', 'time management', 'analytical', 'adaptability', 'self motivation', 'creativity', 'versatility', 'multitasking', 'teamwork', 'communication', 'organization']"
Data Architect,"['time management', 'conflict resolution', 'results oriented', 'attention to detail', 'decision making', 'interpersonal', 'self direction', 'leadership', 'teamwork', 'communication', 'confidence', 'analytical thinking', 'adaptability']"
Data Architect,"['high energy', 'time management', 'effective communication', 'self motivated', 'client oriented', 'enthusiastic', 'strategic thinking', 'teamwork', 'can do attitude']"
Data Architect,"['curiosity', 'advocacy', 'collaboration', 'mentorship', 'problem solving', 'training', 'communication', 'adaptability']"
Data Architect,"['presentation', 'teamwork', 'independent work', 'relationship building', 'problem solving', 'facilitation', 'communication', 'analytical thinking']"
Data Architect,"['presentation', 'and verbal communication', 'challenging work environment', 'and management', 'colleague', 'excellent written', 'and peer', 'professional', 'partner', 'product']"
Data Architect,"['excellent interpersonal', 'excellent presentation', 'ability to evangelize product']"
Data Architect,"['customer service', 'analytical', 'organizational', 'leadership', 'communication']"
Data Architect,"['clear communication', 'influence', 'negotiation']"
Data Architect,"['detail oriented', 'writing', 'proposal development', 'executive presentation', 'problem solving', 'experience in implementing solution', 'communication', 'simplifying complex information']"
Data Architect,"['communication (written and verbal)', 'resilience', 'enthusiasm', 'change management', 'decision making', 'team leadership', 'persistence', 'full spectrum leadership', 'leadership', 'problem solving', 'passion', 'interpersonal', 'cross functional collaboration', 'adaptability']"
Data Architect,"['strategic communication', 'presentation', 'team leadership', 'mentorship']"
Data Architect,"['resourcefulness', 'analytical', 'problem solving ability', 'creativity', 'strategic thinking']"
Data Architect,"['effective interpersonal', 'analyze data', 'ability to define problem', 'detail oriented', 'analysis', 'problem solving', 'teamwork', 'communication', 'and draw conclusion']"
Data Architect,"['analytical', 'verbal and written communication', 'collaboration', 'mentoring', 'leadership', 'problem solving', 'interpersonal']"
Data Architect,"['communication with stakeholder', 'player focused mindset', 'diverse skillset', 'collaboration', 'adaptability to ambiguity', 'business acumen', 'analytical thinking']"
Data Architect,"['customer focus', 'collaboration', 'relationship building', 'leadership', 'problem solving', 'communication']"
Data Architect,"['analytical', 'employee engagement', 'business partnership', 'communication', 'relationship building', 'leadership', 'problem solving', 'people development', 'team building']"
Data Architect,"['analytical', 'attention to detail', 'project management', 'leadership', 'communication']"
Data Architect,"['time management', 'client focus', 'leadership', 'problem solving', 'consultative approach', 'team coordination', 'adaptability']"
Data Architect,"['passionate', 'team player', 'experienced', 'mentoring']"
Data Architect,"['customer driven', 'analytical', 'collaboration', 'mentorship', 'problem solving', 'learning mindset', 'adaptability']"
Data Architect,"['meeting facilitation', 'presentation', 'diagramming', 'leadership in decision making', 'documentation']"
Data Architect,['good communication']
Data Architect,"['collaboration', 'presentation', 'research']"
Data Architect,"['problem solving', 'teamwork', 'communication', 'fast learner']"
Data Architect,"['team collaboration', 'business acumen', 'performance driven', 'analytical mindset', 'leadership', 'problem solving', 'coaching and mentoring', 'continuous learning mindset']"
Data Architect,"['problem solving', 'collaboration', 'technical leadership', 'documentation']"
Data Architect,"['presentation', 'teamwork', 'love for problem solving', 'building relationship', 'continuous learning', 'self starter', 'dependability', 'flexibility']"
Data Architect,"['time management', 'analytical', 'attention to detail', 'reporting', 'procedure development', 'soft skills:', 'policy development', 'collaboration', 'internal control implementation', 'problem solving', 'judgment', 'client communication']"
Data Architect,"['problem solving', 'time management', 'communication', 'attention to detail']"
Data Architect,"['multi disciplinary team collaboration', 'strategic planning', 'continuous improvement', 'information security', 'project management', 'critical thinking', 'agile methodology', 'collaboration', 'leadership', 'problem solving', 'communication', 'data governance', 'stakeholder engagement']"
Data Architect,"['attention to detail', 'project management', 'communication', 'initiative', 'leadership', 'problem solving', 'interpersonal', 'multi tasking']"
Data Architect,"['attention to detail', 'process management', 'critical thinking', 'communication', 'organization']"
Data Architect,"['presentation', 'problem solving', 'building business relationship', 'sales experience', 'self starter', 'teamwork', 'communication', 'adaptability']"
Data Architect,"['stakeholder management', 'attention to detail', 'coordination', 'collaboration', 'complaint management', 'problem solving']"
Data Architect,"['strategic business acumen', 'analytical', 'creative thinking', 'technical design', 'critical thinking', 'collaboration', 'leadership', 'problem solving', 'communication', 'flexibility and adaptability']"
Data Architect,"['influence without direct authority', 'team leadership', 'new method development', 'continuous self development', 'initiative', 'strategic thinking', 'problem solving', 'communication', 'adaptability']"
Data Architect,"['team management', 'time management', 'decision making', 'collaboration', 'leadership', 'problem solving', 'communication', 'adaptability']"
Data Architect,"['attention to detail', 'collaboration', 'continuous learning', 'leadership', 'problem solving', 'coaching and mentoring', 'communication', 'analytical thinking']"
Data Architect,"['client relationship management', 'time management', 'team collaboration', 'attention to detail', 'organizational', 'project management', 'positive attitude', 'problem solving', 'communication', 'responsive to feedback']"
Data Architect,"['innovation', 'verbal communication', 'empathy', 'customer service attitude', 'optimism', 'positive attitude', 'integrity', 'initiative']"
Data Architect,"['time management', 'critical thinking', 'self motivation', 'collaboration', 'problem solving', 'teamwork', 'interpersonal', 'adaptability']"
Data Architect,"['effective communication', 'strong analytical']"
Data Architect,"['product development', 'requirements analysis', 'solution architecture', 'communication and team collaboration', 'solution design', 'development challenges management', 'healthcare/pharmacy/supply chain environment knowledge']"
Data Architect,"['ability to work independently', 'time management', 'presentation', 'teamwork', 'communication', 'organization']"
Data Architect,"['problem solving', 'collaboration', 'passion for problem solving', 'mentorship']"
Data Architect,"['analytical', 'team leadership', 'problem solving', 'communication', 'management']"
Data Architect,"['supervisory', 'effective communication', 'analytical', 'ownership', 'innovation', 'project management', 'collaboration', 'creativity', 'leadership', 'problem solving', 'teamwork', 'communication', 'adaptability']"
Data Architect,"['client relationship management', 'effective communication', 'presentation', 'attention to detail', 'sound judgment', 'leadership quality', 'meeting leadership', 'travel flexibility', 'team motivation', 'design sense', 'continuous learning', 'establishing successful project team', 'quality control review']"
Data Architect,"['solution driven mindset', 'presentation', 'customer engagement', 'embracing change', 'innovation', 'team player', 'detail oriented', 'interpersonal', 'quality commitment', 'positive attitude', 'proactive approach', 'goal orientation', 'communication', 'adaptability']"
Data Architect,"['risk management', 'roadmapping', 'strategic consultation', 'verbal and written communication', 'analytical', 'customer focus', 'decision making', 'results driven', 'collaboration', 'relationship building', 'emotionally intelligent', 'leadership', 'communication', 'teaching and mentoring', 'adaptability']"
Data Architect,"['adaptability', 'communication', 'leadership']"
Data Architect,"['customer service', 'time management', 'organizational', 'interpersonal', 'relationship building', 'communication', 'multi tasking']"
Data Architect,"['organizational', 'strong interpersonal capability', 'creativity', 'teamwork', 'communication', 'flexibility', 'adaptability']"
Data Architect,"['self motivation', 'collaboration', 'leadership', 'problem solving', 'communication', 'adaptability']"
Data Architect,"['presentation', 'sales acumen', 'interpersonal', 'customer relationship management', 'initiative taking expertise', 'problem solving', 'teamwork', 'communication']"
Data Architect,"['presentation', 'analytical', 'organizational', 'detail oriented', 'project management', 'statistical', 'customer relationship management', 'communication']"
Data Architect,"['team management', 'innovation', 'collaboration', 'creativity', 'leadership', 'problem solving', 'communication', 'analytical thinking']"
Data Architect,"['refactoring', 'clean coding practice', 'collaboration', 'modular coding']"
Data Architect,"['presentation', 'strategic planning', 'coaching and training', 'interpersonal', 'decision making', 'relationship building', 'leadership', 'problem solving', 'communication', 'documentation']"
Data Architect,"['project management', 'collaboration', 'compliance', 'leadership', 'problem solving', 'communication', 'documentation']"
Data Architect,"['adaptability', 'customer focus', 'interpersonal', 'team oriented', 'communication', 'organization']"
Data Architect,['recommending appropriate technological alternative']
Data Architect,"['passion for data architecture', 'time management', 'attention to detail', 'project management', 'ability to spot trend', 'recommending course of action', 'communication']"
Data Architect,"['team management', 'leadership', 'change management', 'innovation', 'influence', 'collaboration', 'relationship building', 'strategic thinking', 'communication']"
Data Architect,"[') attention to detail', ') user advocacy', ') project management', 'soft skills:', ') communication', ') problem solving', ') collaboration']"
Data Architect,"['analytical', 'influencing', 'relationship building', 'strategic thinking', 'problem solving', 'facilitation', 'communication', 'cross functional teamwork']"
Data Architect,"['ability to work independently', 'time management', 'attention to detail', 'self motivation', 'collaboration', 'problem solving', 'communication', 'adaptability']"
Data Architect,"['risk taking mentality', 'presentation', 'team collaboration', 'customer facing experience', 'consultative', 'coaching', 'project management', 'problem solving mindset', 'relationship building', 'continuous learning', 'communication']"
Data Architect,"['managing vision and purpose', 'leadership', 'business acumen', 'communication', 'management']"
Data Architect,"['graphic', 'presentation', 'organizational', 'teamwork', 'communication']"
Data Architect,"['relationship building', 'leadership', 'problem solving', 'planning and organizing', 'communication']"
Data Architect,"['time management', 'self motivation', 'problem solving', 'communication', 'flexibility', 'analytical thinking']"
Data Architect,"['organizational', 'detail oriented', 'customer focus', 'strong analytical', 'collaboration', 'leadership', 'problem solving', 'teamwork', 'communication', 'adaptability']"
Data Architect,"['integration across the organization', 'technical vision implementation', 'architecture rationalization', 'project coordination', 'business requirements analysis', 'client customization', 'cross functional impact consideration']"
Data Architect,"['presentation', 'team collaboration', 'organizational', 'mentorship', 'leadership']"
Data Architect,"['risk management', 'fiscal management', 'decision making', 'legal and ethical understanding', 'critical analysis', 'strategic thinking', 'proactive thinking', 'communication']"
Data Architect,"['customer service', 'time management', 'presentation', 'problem solving', 'teamwork', 'communication']"
Data Architect,"['collaboration', 'flexibility', 'analytical mindset']"
Data Architect,"['conflict resolution', 'coaching', 'interpersonal', 'collaboration', 'negotiation', 'leadership', 'teamwork', 'communication', 'facilitation']"
Data Architect,"['resourcefulness', 'consulting acumen', 'entrepreneurial spirit', 'innovation', 'curiosity', 'equal opportunity mindset', 'open communication', 'work life balance', 'decision making', 'project management', 'business analysis', 'collaboration', 'positive attitude', 'willingness to travel', 'continuous learning', 'teamwork', 'communication', 'stakeholder engagement']"
Data Architect,"['attention to detail', 'continuous improvement', 'critical thinking', 'leadership', 'problem solving', 'communication']"
Data Architect,"['collaboration', 'leadership']"
Data Architect,"['team facilitation', 'time management', 'client management', 'passion for learning', 'consulting experience', 'business acumen', 'communication']"
Data Architect,"['communication', 'results driven mindset', 'team spirit']"
Data Architect,"['trend analysis', 'relationship management', 'influence', 'collaboration', 'strategic thinking', 'communication']"
Data Architect,"['strong communication', 'customer centered solution', 'collaboration', 'leadership', 'problem solving', 'adaptability']"
Data Architect,"['team management', 'time management', 'conflict resolution', 'attention to detail', 'task delegation', 'collaboration', 'leadership', 'problem solving', 'communication', 'flexibility']"
Data Architect,"['scalability', 'collaboration', 'efficiency', 'problem solving', 'communication', 'documentation']"
Data Architect,"['resourcefulness', 'presentation', 'analytical', 'accountability', 'organization', 'detail oriented', 'interpersonal', 'autonomy', 'relationship building', 'problem solving', 'multitasking', 'communication', 'adaptability']"
Data Architect,"['customer service', 'time management', 'attention to detail', 'excellent communication', 'team player', 'self motivation', 'strong work ethic']"
Data Architect,"['stakeholder management', 'organizational', 'influencing', 'project management', 'collaboration', 'communication', 'interpersonal']"
Data Architect,"['strategy & planning', 'delivery collaboration', 'relationship management', 'vendor management', 'budgeting', 'technical architecture', 'embedded security', 'design & build']"
Data Architect,"['problem solving', 'team collaboration', 'innovation', 'leadership']"
Data Architect,"['supervisory', 'innovative thinking', 'technical leadership', 'planning and organizational', 'collaboration', 'mentoring', 'problem solving', 'communication']"
Data Architect,"['team management', 'stakeholder management', 'adaptive learning', 'collaboration', 'leadership', 'problem solving', 'communication', 'data governance']"
Data Architect,"['results oriented', 'critical thinking', 'leadership', 'problem solving', 'teamwork', 'communication', 'adaptability']"
Data Architect,"['professional integrity', 'attention to detail', 'collaboration', 'creativity', 'problem solving', 'commitment to excellence', 'communication']"
Data Architect,"['attention to detail', 'advocacy', 'collaboration', 'creativity', 'learning agility', 'problem solving', 'communication', 'documentation']"
Data Architect,"['mentoring', 'communication (english language)', 'development', 'leadership']"
Data Architect,"['interpersonal', 'planning and organization', 'leadership', 'problem solving', 'teamwork', 'communication', 'facilitation and negotiation']"
Data Architect,"['customer service', 'time management', 'team collaboration', 'attention to detail', 'strategic planning', 'project management', 'problem solving', 'interpersonal', 'mentoring', 'communication', 'analytical thinking']"
Data Architect,"['mentoring', 'communication', 'team leadership', 'flexible']"
Data Architect,"['problem solving', 'interpersonal communication', 'analytical']"
Data Architect,"['strategic advising', 'presentation', 'relationship management', 'decision making', 'business problem solving', 'collaboration', 'creativity', 'problem solving', 'communication', 'stakeholder engagement']"
Data Architect,"['results oriented', 'self driven', 'analytical mindset', 'leadership', 'mentoring', 'excellent organizational']"
Data Architect,"['data integration architecture', 'branding and thought leadership', 'language skills: english language', 'solution architecture', 'dw data architecture', 'data integration design']"
Data Architect,"['decision making', 'project management', 'collaboration', 'leadership', 'problem solving', 'communication']"
Data Architect,"['independent judgment', 'communication', 'collaboration']"
Data Architect,"['quality control', 'independent judgment', 'collaboration', 'creativity', 'communication']"
Data Architect,"['project management', 'continuous learning', 'problem solving', 'teamwork', 'communication', 'data governance']"
Data Architect,"['collaboration', 'multitasking', 'communication', 'interpersonal']"
Data Architect,"['strong sense of ownership', 'analytical thinking', 'attention to detail', 'self starter mentality']"
Data Architect,"['data driven advertising', 'analytical', 'attention to detail', 'written communication', 'strategic thinking', 'interpersonal', 'client communication', 'organization']"
Data Engineer,"['time management', 'detail oriented', 'problem solving', 'self starter', 'teamwork', 'communication']"
Data Engineer,['communication']
Data Engineer,"['collaboration', 'problem solving', 'teamwork', 'communication', 'flexibility', 'analytical thinking', 'adaptability']"
Data Engineer,"['communication', 'ability to learn', 'detail oriented']"
Data Engineer,"['strong communication', 'customer service', 'motivated', 'passionate', 'team player', 'collaborative', 'proactive', 'problem solving']"
Data Engineer,"['creative thinking', 'interpersonal', 'analytical mindset', 'leadership', 'problem solving', 'communication', 'team oriented']"
Data Engineer,"['customer oriented', 'ability to set priority', 'team player', 'math competence', 'problem solving', 'interpersonal', 'cultural awareness', 'adaptability']"
Data Engineer,"['stakeholder management', 'analytical', 'organizational', 'collaboration', 'continuous innovation', 'ambiguity management', 'problem solving', 'multitasking', 'interpersonal', 'strong relationship building']"
Data Engineer,"['self driven', 'continuous learning', 'problem solving', 'evaluation of tradeoff', 'analytical thinking']"
Data Engineer,"['problem solving', 'team collaboration', 'curiosity']"
Data Engineer,"['technical support', 'communication', 'building effective relationship']"
Data Engineer,"['self starter', 'customer interfacing', 'great attitude']"
Data Engineer,"['attention to detail', 'innovation', 'creative thinking', 'collaboration', 'automation', 'strategic thinking', 'problem solving', 'mission driven attitude']"
Data Engineer,"['attention to detail', 'strong organizational', 'troubleshooting', 'tech savvy', 'problem solving', 'communication']"
Data Engineer,"['ethics & integrity', 'customer service', 'results oriented', 'quality control', 'verbal communication', 'conceptual thinking', 'teamwork & cooperation', 'self control', 'organizational commitment', 'interpersonal understanding', 'assertiveness', 'information seeking', 'written communication', 'initiative', 'self confidence', 'relationship building', 'flexibility/adaptability', 'analytical thinking']"
Data Engineer,"['risk management', 'customer satisfaction', 'analytical', 'continuous improvement', 'supplier relation', 'team dynamics', 'leadership', 'problem solving', 'training', 'communication']"
Data Engineer,"['problem solving', 'collaboration', 'attention to detail']"
Data Engineer,"['work ethic', 'excellent communication', 'attention to detail', 'professionalism', 'deadline oriented', 'collaboration', 'continuous process improvement', 'multi tasking', 'organization']"
Data Engineer,"['orderliness', 'time management', 'attention to detail', 'safety conscious', 'initiative', 'problem solving', 'teamwork', 'communication', 'adaptability']"
Data Engineer,"['confidentiality', 'teamwork', 'adaptability', 'leadership']"
Data Engineer,"['time management', 'can do attitude', 'problem solving', 'teamwork', 'communication']"
Data Engineer,"['attention to detail', 'agility', 'critical thinking', 'collaboration', 'problem solving', 'confidentiality', 'business acumen', 'communication', 'multi tasking', 'adaptability']"
Data Engineer,"['innovation', 'collaboration', 'problem solving', 'communication', 'adaptability']"
Data Engineer,"['scientific rigor', 'creativity', 'communication', 'problem solving']"
Data Engineer,"['analytical', 'root cause analysis', 'data integrity', 'troubleshooting', 'communication']"
Data Engineer,"['innovative thinking', 'team collaboration', 'documentation']"
Data Engineer,"['sound judgement', 'ingenuity', 'presentation', 'self motivated', 'independence', 'analysis', 'influencing', 'prioritization', 'client service', 'collaboration', 'problem solving', 'teamwork', 'communication', 'adaptability']"
Data Engineer,"['collaborative mindset', 'commitment to sustainability', 'verbal and written communication']"
Data Engineer,"['dedication', 'accountability', 'professionalism', 'self motivated', 'team player', 'strong analytical', 'negotiation', 'respect', 'integrity', 'strategic', 'interpersonal']"
Data Engineer,"['self management', 'directness']"
Data Engineer,"['customer service', 'attention to detail', 'decision making', 'critical thinking', 'communication']"
Data Engineer,"['team player', 'communication']"
Data Engineer,"['listening', 'self development', 'collaboration', 'relationship building', 'problem solving', 'communication', 'adaptability']"
Data Engineer,"['time management', 'accountability', 'attention to detail', 'consistency', 'active listening', 'honesty', 'assertiveness', 'collaboration', 'continuous learning', 'problem solving', 'teaching', 'communication', 'reliability']"
Data Engineer,"['attention to detail', 'relationship management', 'persuasion', 'negotiation', 'problem solving', 'communication', 'organization']"
Data Engineer,"['multitasking', 'problem solving', 'written and verbal communication', 'teamwork', 'interpersonal']"
Data Engineer,"['analytical', 'attention to detail', 'influence', 'prioritization', 'problem solving', 'teamwork', 'communication', 'teaching/mentoring experience']"
Data Engineer,"['analytical', 'consultative', 'customer orientation', 'technical expertise', 'problem solving', 'communication']"
Data Engineer,"['strong communication', 'effective time management', 'coordination', 'problem solving', 'teamwork']"
Data Engineer,"['business understanding', 'collaboration', 'communication', 'problem solving', 'data management']"
Data Engineer,"['storytelling', 'empathy', 'collaboration', 'creativity', 'integrity', 'problem solving', 'openness to learning', 'communication', 'analytical thinking']"
Data Engineer,"['urgency', 'self starter', 'collaboration', 'problem solving', 'communication', 'adaptability']"
Data Engineer,"['critical feedback provision', 'knowledge sharing', 'continuous learning', 'problem solving', 'teamwork', 'communication', 'adaptability']"
Data Engineer,"['collaboration', 'continuous learning', 'problem solving', 'communication', 'analytical thinking']"
Data Engineer,"['critical thinking', 'problem solving', 'teamwork', 'communication', 'adaptability']"
Data Engineer,"['problem solving', 'collaboration', 'communication', 'passion for education']"
Data Engineer,"['customer service', 'time management', 'analytical', 'organizational', 'leadership', 'problem solving', 'communication']"
Data Engineer,"['independent and self directed', 'organizational', 'prioritization', 'kindness', 'integrity', 'service oriented', 'excellence']"
Data Engineer,"['research', 'communication', 'analytical']"
Data Engineer,"['self motivated', 'dynamic', 'passion for success', 'communication', 'driven']"
Data Engineer,"['analytical', 'detail oriented', 'self motivation', 'collaboration', 'communication', 'willingness to travel']"
Data Engineer,"['building scalable platform', 'passion for tackling complexity', 'collaboration', 'problem solving', 'analytical thinking']"
Data Engineer,"['attention to detail', 'collaboration', 'problem solving', 'communication', 'adaptability']"
Data Engineer,"['problem solving', 'teamwork', 'communication']"
Data Engineer,"['collaboration', 'communication', 'leadership']"
Data Engineer,"['time management', 'attention to detail', 'collaboration', 'creativity', 'communication', 'flexibility']"
Data Engineer,"['team player', 'collaboration', 'sense of humor', 'problem solving', 'business acumen', 'interpersonal']"
Data Engineer,"['customer service orientation', 'prioritization', 'interpersonal', 'teamwork', 'communication', 'adaptability']"
Data Engineer,"['analytical', 'creative thinking', 'client focused mindset', 'strategic thinking', 'problem solving', 'communication']"
Data Engineer,[]
Data Engineer,"['planning and scheduling', 'customer interaction', 'collaboration']"
Data Engineer,"['team facilitation', 'customer service', 'self improvement pursuit', 'time management', 'innovation', 'decision making', 'interpersonal', 'collaboration', 'creativity', 'leadership', 'coaching and mentoring', 'feedback incorporation', 'communication', 'self awareness', 'analytical thinking', 'adaptability']"
Data Engineer,['team collaboration']
Data Engineer,"['self starter', 'project management', 'problem solving', 'communication', 'documentation', 'flexibility and adaptability']"
Data Engineer,"['modular thinking', 'innovation', 'prototype development', 'problem solving', 'experimentation', 'teamwork', 'communication', 'data analysis']"
Data Engineer,"['project management', 'collaboration', 'problem solving', 'communication', 'flexibility']"
Data Engineer,"['deadline oriented', 'results driven', 'collaboration', 'continuous learning', 'problem solving', 'communication', 'customer focused', 'adaptability']"
Data Engineer,"['project planning and execution', 'collaboration', 'troubleshooting and maintenance', 'leadership', 'flexibility']"
Data Engineer,"['analytical', 'critical thinking', 'problem solving', 'teamwork', 'communication', 'adaptability']"
Data Engineer,"['time management', 'collaboration', 'problem solving', 'communication', 'adaptability']"
Data Engineer,"['strong problem solving', 'communication', 'analytical', 'self motivation']"
Data Engineer,"['strategic thinking', 'collaborative', 'revenue driven', 'guiding principles oriented', 'relationship building', 'bias for action', 'leadership', 'problem solving', 'communication', 'customer focused', 'documentation', 'agile working']"
Data Engineer,"['customer service', 'motivation', 'creativity', 'problem solving', 'teamwork', 'communication']"
Data Engineer,"['self motivated', 'leadership', 'problem solving', 'communication', 'networking']"
Data Engineer,"['communication', 'flexibility', 'strong technical aptitude', 'adaptability']"
Data Engineer,"['startup environment', 'high growth', 'superior communication']"
Data Engineer,"['problem solving', 'creativity']"
Data Engineer,"['analytical agility', 'project management', 'training and development', 'leadership', 'problem solving', 'communication']"
Data Engineer,"['excellent communication', 'passion for learning', 'ambitious', 'collaboration', 'adaptable', 'autonomy', 'humble confidence', 'freedom & responsibility']"
Data Engineer,"['problem solving', 'collaboration', 'communication', 'adaptability']"
Data Engineer,"['stamina', 'fast learner', 'innovation', 'team player', 'trustworthiness', 'self motivation', 'initiative', 'communication', 'flexibility', 'adaptability']"
Data Engineer,"['organizational', 'self motivation', 'agile development', 'problem solving', 'teamwork', 'communication', 'analytical thinking']"
Data Engineer,"['customer service', 'project participation', 'needs assessment', 'problem solving', 'mentoring', 'customer support', 'communication']"
Data Engineer,"['self motivated', 'delivery mindset', 'entrepreneurial outlook', 'agile disposition', 'strong problem solving']"
Data Engineer,"['teamwork', 'innovation and creativity', 'project management']"
Data Engineer,"['time management', 'quality control', 'clear communication', 'entrepreneurial mindset', 'process management', 'passion for data', 'analytical thinking']"
Data Engineer,"['effective communication', 'time management', 'organizational', 'critical thinking', 'problem solving', 'self motivation', 'positive attitude', 'project process improvement']"
Data Engineer,"['problem solving', 'mentoring', 'teamwork', 'communication', 'adaptability']"
Data Engineer,"['problem solving', 'teamwork', 'communication', 'analytical']"
Data Engineer,"['time management', 'consulting', 'prioritization', 'empathy', 'collaboration', 'client facing communication', 'problem solving mindset', 'documentation']"
Data Engineer,"['strong communication', 'customer service', 'time management', 'teamwork', 'stress management', 'prioritization', 'critical thinking', 'collaboration', 'problem solving', 'de escalation', 'adaptability']"
Data Engineer,"['organizational', 'influence', 'decision making', 'critical thinking', 'interpersonal', 'proactive attitude', 'self driven', 'manufacturing sciences expertise', 'flow optimization', 'hands on problem solving', 'leadership', 'problem solving', 'communication']"
Data Engineer,"['time management', 'interpersonal', 'leadership', 'problem solving', 'teamwork', 'communication', 'adaptability']"
Data Engineer,"['team player', 'troubleshooting', 'problem solving']"
Data Engineer,"['analytical', 'soft skills:', 'leadership', 'problem solving', 'teamwork', 'communication']"
Data Engineer,['commitment to ethical standard']
Data Engineer,"['analytical', 'project management', 'leadership', 'problem solving', 'communication', 'cross functional collaboration', 'training and guidance']"
Data Engineer,"['reliable and punctual attendance', 'adaptability to changing priority', 'multi tasking', 'attention to detail']"
Data Engineer,"['team management', 'presentation', 'energy', 'project management', 'consultation', 'problem solving', 'business acumen', 'communication']"
Data Engineer,"['teamwork', 'professionalism']"
Data Engineer,['collaboration']
Data Engineer,"['time management', 'teamwork', 'communication']"
Data Engineer,"['problem solving', 'effective communication', 'data quality', 'ready to grow']"
Data Engineer,"['analytical', 'innovation', 'collaboration', 'problem solving', 'self starting', 'teamwork', 'communication', 'adaptability']"
Data Engineer,"['mechanical and technical understanding', 'influence', 'leadership', 'problem solving', 'strong presentation', 'communication', 'flexibility']"
Data Engineer,"['creative thinking', 'attention to detail', 'client relationship building', 'ethical responsibility', 'judgment', 'problem solving', 'teamwork', 'communication', 'networking', 'adaptability']"
Data Engineer,"['stakeholder management', 'team collaboration', 'presentation', 'process improvement', 'problem solving', 'requirements gathering', 'communication', 'documentation']"
Data Engineer,"['problem solving', 'conceptual thinking', 'teamwork', 'leadership']"
Data Engineer,"['problem solving', 'collaboration', 'energetic self starter', 'excellent organization']"
Data Engineer,"['design', 'stakeholder management', 'critical thinking', 'collaboration', 'creativity', 'interviewing', 'problem solving', 'communication', 'analytical thinking', 'high development standard']"
Data Engineer,"['customer service', 'project management', 'collaboration', 'problem solving', 'communication', 'adaptability']"
Data Engineer,"['time management', 'discipline', 'verbal and written communication', 'adaptability', 'prioritization', 'project management', 'self motivation', 'collaboration', 'organization']"
Data Engineer,"['strong organizational', 'travel readiness', 'on call rotation participation', 'attention to detail']"
Data Engineer,"['research', 'implementation']"
Data Engineer,"['time management', 'analytical', 'self motivation', 'collaboration', 'problem solving', 'communication']"
Data Engineer,"['time management', 'analytical', 'attention to detail', 'critical thinking', 'collaboration', 'problem solving', 'teamwork', 'communication', 'adaptability']"
Data Engineer,"['problem solving', 'communication', 'critical thinking']"
Data Engineer,"['customer service', 'strategic thinking', 'time management', 'attention to detail', 'creativity', 'positive attitude', 'analytical curiosity', 'problem solving', 'teamwork', 'flexibility']"
Data Quality Manager,"['time management', 'analytical', 'attention to detail', 'problem solving', 'teamwork', 'communication']"
Data Quality Manager,"['customer service', 'time management', 'conflict resolution', 'decision making', 'negotiation', 'leadership', 'problem solving', 'confidentiality', 'teamwork', 'communication', 'flexibility']"
Data Quality Manager,"['customer service', 'time management', 'team collaboration', 'attention to detail', 'problem solving', 'communication', 'adaptability']"
Data Quality Manager,"['conflict management', 'motivation', 'team development', 'coaching', 'decision making', 'leadership', 'problem solving', 'communication']"
Data Quality Manager,"['time management', 'conflict resolution', 'motivation', 'relationship management', 'coaching', 'detail oriented', 'decision making', 'leadership', 'problem solving', 'teamwork', 'communication', 'feedback delivery', 'organization']"
Data Quality Manager,"['team management', 'presentation', 'prioritization', 'decision making', 'critical thinking', 'interpersonal', 'leadership', 'problem solving', 'communication']"
Data Quality Manager,"['leadership', 'analytical', 'strategic thinking', 'problem solving', 'teamwork', 'communication']"
Data Quality Manager,"['team management', 'analytical', 'strategic planning', 'relationship management', 'interpersonal', 'leadership', 'problem solving', 'communication', 'cultural awareness', 'adaptability']"
Data Quality Manager,"['leadership', 'team collaboration', 'innovation', 'strategic thinking', 'problem solving', 'communication', 'organization']"
Data Quality Manager,"['problem solving', 'people management', 'communication', 'leadership']"
Data Quality Manager,"['time management', 'analytical', 'organizational', 'influencing', 'critical thinking', 'collaboration', 'relationship building', 'leadership', 'problem solving', 'multitasking', 'communication', 'adaptability']"
Data Quality Manager,"['effective communication', 'independence', 'risk assessment', 'critical thinking', 'problem solving']"
Data Quality Manager,"['team management', 'decision making', 'leadership', 'problem solving', 'communication']"
Data Quality Manager,"['effective communication', 'time management', 'adaptability', 'ethics compliance', 'relationship building', 'leadership', 'mentoring', 'team coordination', 'supervision']"
Data Quality Manager,"['strategic thinking', 'stakeholder management', 'analytical', 'presentation', 'innovation', 'decision making', 'collaboration', 'financial planning', 'customer centricity', 'leadership', 'problem solving', 'business acumen', 'communication']"
Data Quality Manager,"['decision making', 'critical thinking', 'collaboration', 'relationship building', 'communication']"
Data Quality Manager,"['punctuality', 'solid time management', 'organizational', 'ability to multi task', 'professional telephone', 'professional appearance', 'great customer service']"
Data Quality Manager,"['effective communication', 'weekend', 'excellent record keeping', 'and holiday', 'strong problem solving']"
Data Quality Manager,"['customer service', 'communication', 'interpersonal', 'organizational']"
Data Quality Manager,"['strong organization', 'strong communication']"
Data Quality Manager,"['customer service', 'follow up', 'training and education delivery', 'compliance monitoring', 'coordination', 'relationship building', 'communication']"
Data Quality Manager,"['time management', 'attention to detail', 'innovation', 'decision making', 'critical thinking', 'multitasking', 'problem solving', 'teamwork', 'communication', 'proactivity', 'commitment', 'adaptability']"
Data Quality Manager,"['written communication', 'problem solving', 'teamwork', 'interpersonal', 'oral communication']"
Data Quality Manager,"['financial oversight', 'strategic planning', 'team development', 'continuous improvement', 'adaptability', 'prioritization', 'decision making', 'vision', 'collaboration', 'relationship building', 'leadership', 'problem solving', 'communication', 'management']"
Data Quality Manager,"['customer service', 'time management', 'attention to detail', 'problem solving', 'teamwork', 'communication', 'adaptability']"
Data Quality Manager,"['strong communication', 'presentation', 'attention to detail', 'collaboration', 'interpersonal', 'excellent organizational', 'adaptability']"
Data Quality Manager,"['effective communication', 'time management', 'motivation', 'attention to detail', 'creative problem solving', 'numerical data presentation', 'delegation', 'process improvement', 'information analysis', 'decision making', 'project planning', 'team building']"
Data Quality Manager,"['time management', 'self motivated', 'open mindedness', 'strong computer', 'customer focus', 'positive attitude', 'flexibility', 'adaptability']"
Data Quality Manager,"['team management', 'customer service', 'employee development', 'strategic thinking', 'professionalism', 'coaching', 'decision making', 'vision setting', 'creativity', 'positive attitude', 'leadership', 'communication', 'data analysis', 'adaptability']"
Data Quality Manager,"['time management', 'attention to detail', 'interpersonal', 'collaboration', 'problem solving', 'communication', 'supervision']"
Data Quality Manager,"['urgency', 'influence', 'collaboration', 'communication', 'adaptability']"
Data Quality Manager,"['cooperation', 'conflict resolution', 'active listening', 'decision making', 'communication', 'positive attitude', 'teamwork', 'interpersonal', 'flexibility']"
Data Quality Manager,"['team management', 'time management', 'analytical', 'problem solving', 'interpersonal', 'leadership', 'mentoring', 'communication', 'flexibility']"
Data Quality Manager,"['time management', 'self motivation', 'leadership', 'problem solving', 'teamwork', 'communication']"
Data Quality Manager,"['leadership', 'agile environment experience', 'entrepreneurial mindset', 'collaboration', 'user centric approach', 'execution focus', 'relationship building', 'strategic thinking', 'problem solving', 'communication', 'adaptability']"
Data Quality Manager,"['presentation', 'motivation', 'structured work approach', 'strategic partnership', 'independence', 'negotiation', 'problem solving', 'teamwork', 'communication']"
Data Quality Manager,"['customer service', 'attention to detail', 'organizational', 'decision making', 'collaboration', 'leadership', 'problem solving', 'communication']"
Data Quality Manager,"['customer service', 'team collaboration', 'decision making', 'leadership', 'problem solving', 'confidentiality', 'communication', 'adaptability']"
Data Quality Manager,"['team management', 'time management', 'decision making', 'interpersonal', 'relationship building', 'problem solving', 'customer care', 'communication', 'team building', 'hospitality']"
Data Quality Manager,"['commercial awareness', 'attention to detail', 'prioritization', 'administration', 'problem solving', 'training', 'communication', 'willingness to travel', 'organization']"
Data Quality Manager,"['managerial ability', 'accountability', 'professionalism', 'self motivation', 'people', 'sense of urgency', 'business ethics', 'leadership']"
Data Quality Manager,"['team management', 'prioritization', 'problem solving', 'communication', 'organization']"
Data Quality Manager,"['cooperation', 'customer service', 'ethics', 'diversity sensitivity', 'conflict resolution', 'planning and organizing', 'innovation', 'safety and security awareness', 'customer focus', 'judgement', 'project management', 'initiative', 'continuous learning', 'problem solving', 'teamwork', 'communication', 'quality orientation', 'adaptability']"
Data Quality Manager,"['time management', 'attention to detail', 'continuous improvement', 'training development', 'critical thinking', 'leadership', 'teamwork', 'communication']"
Data Quality Manager,"['team management', 'customer service', 'coaching and training', 'relationship building', 'proactive approach', 'leadership', 'problem solving', 'communication']"
Data Quality Manager,"['dedication', 'ability to work independently', 'strong written communication', 'consistency', 'strong verbal communication', 'multi tasking']"
Data Quality Manager,"['stress tolerance', 'time management', 'attention to detail', 'interpersonal communication', 'self starter', 'teamwork', 'adaptability']"
Data Quality Manager,"['accountability', 'attention to detail', 'professionalism', 'excellent communication', 'relationship management', 'problem solving', 'flexibility', 'adaptability']"
Data Quality Manager,"['motivation', 'teamwork', 'people management', 'leadership', 'problem solving', 'talent development', 'communication']"
Data Quality Manager,"['independence', 'critical thinking', 'problem resolution', 'collaboration', 'leadership', 'communication']"
Data Quality Manager,"['deadline management', 'organizational', 'analysis', 'prioritization', 'project management', 'problem solving', 'teamwork', 'communication', 'multi tasking']"
Data Quality Manager,"['managing people', 'business acumen', 'written communication', 'process orientation', 'leadership', 'teamwork', 'oral communication']"
Data Quality Manager,"['professionalism', 'organizational', 'innovation', 'prioritization', 'interpersonal', 'self initiative', 'creativity', 'confidentiality', 'communication', 'multi tasking']"
Data Quality Manager,"['high energy', 'attention to detail', 'prioritization', 'perseverance', 'collaboration', 'initiative', 'problem solving', 'emotional intelligence']"
Data Quality Manager,"['business knowledge', 'project management', 'collaboration', 'interpersonal communication', 'teamwork', 'organization']"
Data Quality Manager,"['team development', 'strategic planning', 'collaboration', 'leadership', 'problem solving', 'communication']"
Data Quality Manager,"['resilience', 'innovation', 'collaboration', 'communication', 'flexibility']"
Data Quality Manager,"['adaptability', 'communication', 'motivation', 'leadership']"
Data Quality Manager,"['patience', 'initiative', 'teamwork', 'customer service', 'time management', 'accountability', 'decision making', 'problem solving', 'communication', 'organizational', 'detail oriented', 'training and development', 'flexibility', 'adaptability', 'conflict resolution', 'leadership', 'multitasking', 'proactivity', 'supervision']"
Data Quality Manager,"['cross functional team management', 'strategic vision', 'continuous improvement', 'interpersonal', 'business process optimization', 'leadership', 'problem solving', 'communication', 'analytical thinking']"
Data Quality Manager,"['training', 'analytical', 'attention to detail', 'interpersonal communication', 'problem solving', 'confidentiality', 'teamwork', 'multi tasking', 'adaptability']"
Data Quality Manager,"['conceptualization', 'time management', 'project management', 'visual communication', 'collaboration', 'leadership', 'problem solving', 'teamwork', 'communication']"
Data Quality Manager,"['time management', 'training', 'attention to detail', 'coordination', 'collaboration', 'leadership', 'problem solving', 'budget management', 'communication', 'adaptability']"
Data Quality Manager,"['project management.', 'time management', 'verbal communication', 'stress management', 'independence', 'report compilation', 'presentation development', 'workflow organization', 'letter composition']"
Data Quality Manager,"['team management', 'leadership ability', 'conflict resolution', 'organizational', 'interpersonal', 'problem solving', 'communication', 'resource allocation']"
Data Quality Manager,['organized and detail oriented']
Data Quality Manager,"['problem solving', 'communication', 'customer relationship management', 'accountability']"
Data Quality Manager,"['analytical', 'attention to detail', 'strategic planning', 'project management', 'problem solving', 'coaching and mentoring', 'budget management', 'communication']"
Data Quality Manager,"['customer service', 'effective communication', 'supervision and management', 'data collection and analysis', 'problem solving', 'multitasking']"
Data Quality Manager,"['conflict resolution', 'strategic vision', 'team development', 'innovation', 'people management', 'decision making', 'ethical behavior', 'collaboration', 'creativity', 'relationship building', 'leadership', 'problem solving', 'communication']"
Data Quality Manager,"['decision making', 'relationship building', 'leadership', 'problem solving', 'communication']"
Data Quality Manager,"['goal setting', 'coaching', 'collaboration', 'creativity', 'initiative', 'leadership', 'problem solving', 'communication', 'multi tasking', 'performance management', 'adaptability']"
Data Quality Manager,"['planning', 'collaboration', 'leadership', 'problem solving', 'communication', 'organization']"
Data Quality Manager,"['conflict resolution', 'change management', 'customer focus', 'decision making', 'interpersonal', 'collaboration', 'leadership', 'mentoring', 'teamwork', 'communication', 'adaptability']"
Data Quality Manager,"['strategic thinking', 'coaching', 'adaptability', 'project management', 'team leadership', 'collaboration', 'relationship building', 'mentorship', 'problem solving', 'communication', 'passion for customer success']"
Data Quality Manager,"['time management', 'attention to detail', 'independence', 'problem solving', 'teamwork', 'communication']"
Data Quality Manager,"['leadership', 'time management', 'prioritization', 'interpersonal', 'assertiveness', 'negotiation', 'teamwork', 'communication']"
Data Quality Manager,"['high pressure situation management', 'organizational', 'detail oriented', 'critical thinking', 'leadership', 'communication']"
Data Quality Manager,"['time management', 'customer service orientation', 'motivational', 'critical thinking', 'interpersonal', 'self motivation', 'relationship building', 'leadership', 'strong work ethic', 'integrity and respect', 'communication', 'adaptability']"
Data Quality Manager,"['customer service', 'time management', 'attention to detail', 'organizational', 'clear communication', 'problem solving', 'teamwork']"
Data Quality Manager,"['quality improvement culture promotion', 'team collaboration', 'conflict resolution', 'soft skills:', 'coaching and training', 'adaptability and flexibility', 'empowerment', 'education program development', 'leadership', 'communication', 'diversity and inclusion awareness']"
Data Quality Manager,"['customer satisfaction', 'accountability', 'change management', 'continuous improvement', 'collaboration', 'compliance', 'leadership', 'teamwork', 'communication']"
Data Quality Manager,"['risk management', 'presentation', 'verbal and written communication', 'leadership', 'cross functional collaboration']"
Data Quality Manager,"[') staff development', ') attention to detail', ') communication', ') teamwork', ') diversity and inclusion', ') cultural competency', ') ethics and integrity', ') problem solving']"
Data Quality Manager,"['time management', 'customer/client focus', 'collaboration', 'soft skills: problem solving/analytical', 'leadership', 'business acumen']"
Data Quality Manager,"['organizational', 'innovation', 'collaboration', 'problem solving', 'teamwork', 'communication']"
Data Quality Manager,"['high energy', 'attention to detail', 'perseverance', 'collaboration', 'initiative', 'troubleshooting', 'emotional intelligence']"
Data Quality Manager,"['attention to detail', 'research', 'product knowledge', 'collaboration', 'adaptability']"
Data Quality Manager,"['detail oriented', 'mathematical and/or analytical ability', 'professional attitude', 'communication', 'problem solving', 'interpersonal', 'management and organizational', 'reliable']"
Data Quality Manager,"['organizational', 'customer service orientation', 'work ethic and drive', 'drive for result', 'decision making', 'balance risk with opportunity', 'collaboration', 'communicate effectively and professionally', 'confidentiality', 'teamwork', 'influence and inspire others.', 'adaptability']"
Data Quality Manager,['team leadership']
Data Quality Manager,"['ability to work independently', 'time management', 'analytical', 'attention to detail', 'professionalism', 'organizational', 'judgment', 'maintaining confidentiality', 'critical thinking', 'interpersonal', 'relationship building', 'strategic thinking', 'teamwork', 'communication', 'flexibility', 'adaptability']"
Data Quality Manager,"['team management', 'attention to detail', 'focus and determination', 'autonomy', 'mechanical ability', 'problem solving', 'communication', 'analytical thinking']"
Data Quality Manager,"['team management', 'presentation', 'motivation', 'collaboration', 'leadership', 'problem solving', 'communication']"
Data Quality Manager,"['conflict resolution', 'adaptability', 'prioritization', 'decision making', 'management', 'collaboration', 'leadership', 'communication', 'strategic problem solving']"
Data Quality Manager,"['team management', 'time management', 'decision making', 'safety awareness', 'relationship building', 'continuous learning', 'leadership', 'problem solving', 'communication']"
Data Quality Manager,"['analytical', 'organizational', 'interpersonal communication', 'problem solving', 'teamwork']"
Data Quality Manager,"['strong communication', 'team cooperation', 'listening', 'consulting', 'change management', 'approachability', 'customer focus', 'strong analytical', 'learning on the fly', 'composure', 'integrity and trust', 'communication', 'adaptability']"
Data Quality Manager,"['analytical', 'attention to detail', 'teamwork', 'collaboration', 'problem solving', 'training', 'communication', 'multi tasking', 'adaptability']"
Data Quality Manager,"['analytical', 'attention to detail', 'collaboration', 'interpersonal communication', 'relationship building', 'leadership']"
Data Quality Manager,"['continuous improvement methodology (lean', 'monitoring', 'analytical', 'itil framework understanding', 'six sigma)', 'coordination', 'project management', 'critical thinking', 'leadership', 'problem solving', 'communication']"
Data Quality Manager,"['team management', 'conflict resolution', 'customer focus', 'optimism', 'relationship building', 'leadership', 'problem solving', 'communication']"
Data Quality Manager,"['conflict management', 'time management', 'coaching', 'leadership', 'communication']"
Data Quality Manager,"['team development', 'coaching', 'interpersonal', 'leadership', 'problem solving', 'budget management', 'communication']"
Data Quality Manager,"['employee development', 'creative problem solving', 'strategic planning', 'team development', 'recruitment and retention', 'leadership', 'customer support', 'cost management', 'team support', 'communication', 'performance management']"
Data Quality Manager,"['leadership', 'collaboration', 'strategic thinking', 'problem solving', 'communication', 'adaptability']"
Data Quality Manager,"['analytical', 'attention to detail', 'quality control', 'research', 'problem solving', 'communication', 'documentation']"
Data Quality Manager,"['presentation', 'training', 'organizational', 'customer interaction', 'teamwork', 'communication']"
Data Quality Manager,"['strategic planning', 'project management', 'problem solving', 'efficiency improvement', 'communication']"
Data Quality Manager,"['problem solving', 'collaboration', 'interpersonal', 'detail oriented']"
Data Quality Manager,"['attention to detail', 'collaboration', 'work instruction writing', 'report preparation', 'problem solving', 'communication', 'process documentation', 'organization']"
Data Quality Manager,"['attention to detail', 'prioritization', 'interpersonal', 'problem solving', 'teamwork', 'communication', 'adaptability']"
Data Quality Manager,"['leadership', 'judgment', 'prioritization', 'risk assessment', 'mentorship', 'problem solving', 'teamwork', 'communication', 'management']"
Data Quality Manager,"['analytical', 'change management', 'decision making', 'relationship building', 'leadership', 'problem solving', 'teamwork', 'communication']"
Data Quality Manager,"['attention to detail', 'organizational', 'collaboration', 'problem solving', 'communication']"
Data Quality Manager,"['strong planning/organizational', 'excellent time management', 'strong leadership', 'excellent interpersonal', 'strong presentation']"
Data Quality Manager,"['presentation', 'influence without direct authority', 'prioritization', 'decision making', 'interpersonal', 'negotiation', 'problem solving', 'multitasking', 'communication']"
Data Quality Manager,"['report generation', 'motivated', 'effective communication', 'time management', 'analytical', 'highly responsive', 'organized', 'team player', 'detail oriented', 'clear goal setting', 'problem solving', 'sense of urgency', 'strong work ethic', 'strong follow up', 'ability to multitask']"
Data Quality Manager,"['problem solving ability', 'teamwork', 'communication', 'attention to detail']"
Data Quality Manager,"['team management', 'analytical', 'innovation', 'strategic planning', 'self motivated', 'deadline oriented', 'critical thinking', 'problem solving', 'interpersonal', 'leadership', 'mentoring', 'communication', 'research and evaluation']"
Data Scientist,"['presentation', 'results oriented', 'self starter', 'influencing', 'collaboration', 'strategic thinking', 'problem solving', 'communication', 'analytical thinking']"
Data Scientist,"['conflict management', 'change management', 'prioritization', 'collaboration', 'relationship building', 'leadership', 'teamwork', 'communication', 'flexibility', 'multi tasking']"
Data Scientist,"['analytical', 'attention to detail', 'critical thinking', 'collaboration', 'problem solving', 'communication', 'adaptability']"
Data Scientist,"['time management', 'innovation', 'critical thinking', 'teamwork', 'communication']"
Data Scientist,"['strategic thinking', 'client satisfaction', 'conflict resolution', 'presentation', 'stakeholder management', 'quality service delivery', 'technology proficiency', 'process improvement', 'learning agility', 'leadership', 'problem solving', 'teamwork', 'communication', 'risk identification and mitigation', 'adaptability']"
Data Scientist,"['drive for change', 'passion for consumer banking']"
Data Scientist,"['problem solving', 'collaboration', 'communication', 'analytical thinking']"
Data Scientist,"['problem solving', 'communication', 'interpersonal']"
Data Scientist,"['collaboration', 'self discipline', 'self motivation']"
Data Scientist,"['problem solving', 'communication', 'leadership']"
Data Scientist,"['ability to handle ambiguity', 'strong communication', 'attention to detail', 'analytical mindset', 'collaboration', 'strong teamwork', 'intellectual curiosity', 'quick turnaround']"
Data Scientist,"['time management', 'verbal communication', 'project management', 'collaboration', 'written communication', 'rapid prototyping', 'fact checking', 'problem solving', 'iterative mindset', 'flexibility']"
Data Scientist,"['presentation', 'team collaboration', 'stakeholder persuasion', 'verbal and written communication', 'project management']"
Data Scientist,"['prioritization', 'influencing', 'decision making', 'collaboration', 'problem solving', 'communication', 'analytical thinking', 'adaptability']"
Data Scientist,"['leadership', 'presentation', 'analytical', 'collaboration', 'communication', 'mentoring', 'problem solving', 'interpersonal']"
Data Scientist,"['stakeholder management', 'results oriented', 'team player', 'self starter', 'critical thinking', 'balancing priority', 'strategic thinking', 'problem solving', 'communication', 'organization']"
Data Scientist,"['motivation', 'attention to detail', 'problem solving', 'communication', 'organization']"
Data Scientist,"['knowledge management', 'design', 'deployment', 'testing management', 'people management', 'service support and maintenance', 'requirement analysis', 'coding', 'configuration management', 'project planning']"
Data Scientist,"['time management', 'analytical', 'organizational', 'coaching', 'collaboration', 'mentoring', 'leadership', 'problem solving', 'communication']"
Data Scientist,"['communication', 'research focused', 'collaborative', 'self directed']"
Data Scientist,"['ownership', 'curiosity', 'collaboration', 'autonomy', 'bias to action', 'problem solving']"
Data Scientist,"['team collaboration', 'fast paced environment adaptation.', 'attention to detail', 'goal setting', 'self starter', 'leadership', 'problem solving', 'communication']"
Data Scientist,"['mentorship', 'project management', 'leadership', 'problem solving', 'communication', 'analytical thinking']"
Data Scientist,"['travel flexibility', 'team leadership']"
Data Scientist,"['insight development', 'curiosity', 'research', 'decision making', 'problem solving', 'thought leadership', 'teamwork', 'communication']"
Data Scientist,"['attention to detail', 'process improvement', 'problem solving', 'communication', 'analytical thinking', 'adaptability']"
Data Scientist,"['innovation', 'interpersonal', 'collaboration', 'problem solving', 'communication']"
Data Scientist,"['strategic thinking', 'client relationship management', 'team collaboration', 'leadership', 'problem solving', 'business acumen', 'communication', 'analytical thinking']"
Data Scientist,"['attention to detail', 'research', 'critical thinking', 'creativity', 'problem solving', 'ability to abstract information', 'analytical thinking']"
Data Scientist,['excellent communication']
Data Scientist,"['communication', 'team collaboration']"
Data Scientist,"['good communication', 'detail oriented']"
Data Scientist,"['teamwork', 'communication', 'analytical']"
Data Scientist,"['entrepreneurial mindset', 'great team player', 'excellent communication']"
Data Scientist,"['problem solving', 'collaboration', 'business acumen', 'communication']"
Data Scientist,"['communication', 'soft skills:', 'data oriented personality']"
Data Scientist,"['leadership', 'time management', 'attention to detail', 'critical thinking', 'collaboration', 'strategic thinking', 'problem solving', 'confidentiality', 'communication', 'adaptability']"
Data Scientist,"['problem solving', 'passion', 'talent', 'commitment']"
Data Scientist,"['problem solving', 'analytical', 'attention to detail', 'organizational']"
Data Scientist,"['problem solving', 'teamwork', 'communication', 'innovation']"
Data Scientist,"['problem solving', 'collaboration', 'communication', 'analytical thinking']"
Data Scientist,"['innovation', 'collaboration', 'problem solving', 'communication', 'adaptability']"
Data Scientist,"['positive mindset', 'creative thinking', 'ownership', 'innovation', 'trust', 'collaboration', 'integrity', 'customer centricity', 'self starter', 'passion']"
Data Scientist,"['problem solving', 'communication', 'attention to detail', 'organization']"
Data Scientist,"['performance monitoring', 'collaboration', 'experiment design', 'problem solving', 'communication']"
Data Scientist,"['effective time management', 'professional demeanor', 'attention to detail', 'working independently', 'working under pressure', 'maintaining confidentiality', 'excellent judgment', 'supervision acceptance', 'problem solving', 'teamwork', 'communication']"
Data Scientist,"['effective communication', 'stakeholder management', 'trustworthiness', 'building relationship', 'collaboration', 'problem solving', 'analytical thinking', 'adaptability']"
Data Scientist,['communication']
Data Scientist,"['soft skills:', 'collaboration', 'creativity', 'problem solving', 'communication', 'analytical thinking']"
Data Scientist,"['communication (written and oral)', 'positive attitude', 'analytical thinking', 'teamwork']"
Data Scientist,"['problem solving', 'communication', 'presentation', 'analytical thinking']"
Data Scientist,"['analytical', 'critical thinking', 'collaboration', 'problem solving', 'communication']"
Data Scientist,"['collaborative teamwork', 'analytical', 'attention to detail', 'problem solving ability', 'decision making', 'critical thinking', 'communication', 'interpersonal']"
Data Scientist,"['stakeholder management', 'attention to detail', 'entrepreneurial mindset', 'creativity', 'problem solving', 'communication']"
Data Scientist,"['time management', 'creativity', 'leadership', 'problem solving', 'communication']"
Data Scientist,"['presentation', 'innovation', 'influence', 'prioritization', 'decision making', 'project management', 'client facing consulting', 'relationship building', 'leadership', 'problem solving', 'communication', 'organization']"
Data Scientist,"['innovation', 'collaboration', 'creativity', 'persistence', 'problem solving', 'teamwork', 'communication', 'adaptability']"
Data Scientist,"['communication', 'presentation']"
Data Scientist,[]
Data Scientist,"['collaboration', 'creativity', 'client interaction', 'user empathy', 'teamwork']"
Data Scientist,"['prioritization', 'project management', 'collaboration', 'problem solving', 'communication']"
Data Scientist,"['presentation', 'learning on the job', 'quantitative background', 'empathy', 'project management', 'collaboration', 'initiative', 'problem solving', 'communication']"
Data Scientist,"['communication', 'interpersonal']"
Data Scientist,"['story writing', 'innovation', 'organizational', 'critical thinking', 'collaboration', 'agile values and principle', 'leadership', 'problem solving', 'budget management', 'communication', 'team building']"
Data Scientist,"['passion for innovation', 'prioritization', 'strong mathematical', 'collaboration', 'strong statistical', 'problem solving', 'flexibility']"
Data Scientist,"['problem solving', 'collaboration', 'communication', 'critical thinking']"
Data Scientist,"['strong written communication', 'time management', 'attention to detail', 'strong verbal communication', 'problem solving', 'interpersonal']"
Data Scientist,"['presentation', 'innovation', 'problem formulation', 'critical thinking', 'collaboration', 'relationship building', 'partnership establishment.', 'leadership', 'communication', 'adaptability']"
Data Scientist,"['effective communication', 'attention to detail', 'working under pressure', 'project management', 'collaboration']"
Data Scientist,"['problem solving', 'communication']"
Data Scientist,"['problem solving', 'communication', 'data analysis']"
Data Scientist,"['time management', 'attention to detail', 'prioritization', 'decision making', 'critical thinking', 'interpersonal', 'collaboration', 'relationship building', 'leadership', 'problem solving', 'communication', 'adaptability']"
Data Scientist,"['supervisory', 'organizational', 'proposal writing', 'project management', 'teamwork', 'project planning']"
Data Scientist,"['results oriented', 'analytical mindset', 'collaboration', 'problem solving', 'communication', 'multi tasking']"
Data Scientist,"['presentation', 'influencing', 'collaboration', 'problem solving', 'communication']"
Data Scientist,"['team collaboration', 'attention to detail', 'organizational', 'independence', 'creativity', 'communication']"
Data Scientist,"['commitment to job satisfaction', 'data curious', 'team collaboration', 'attention to detail', 'independence', 'flexibility', 'strong quantitative/analytical']"
Data Scientist,"['innovation', 'collaboration', 'relationship building', 'strategic thinking', 'problem solving']"
Data Scientist,"['analytical', 'attention to detail', 'organizational', 'interpersonal', 'mentorship', 'communication']"
Data Scientist,[]
Data Scientist,"['listening', 'time management', 'attention to detail', 'independence', 'adaptability', 'analysis', 'critical thinking', 'interpersonal', 'objectivity', 'problem solving', 'confidentiality', 'teamwork', 'communication', 'organization']"
Data Scientist,"['strong communication', 'motivated', 'eager to learn', 'detail oriented', 'strong analytical', 'proactive', 'creativity', 'passion for', 'adaptability']"
Data Scientist,"['problem solving', 'communication']"
Data Scientist,"['independent learning', 'listening', 'curiosity', 'open mindedness', 'collaboration', 'problem solving', 'teamwork', 'communication']"
Data Scientist,"['research oriented', 'creativity', 'problem solving', 'teamwork', 'communication', 'flexibility', 'analytical thinking']"
Data Scientist,"['problem solving', 'communication', 'analytical', 'cross functional collaboration']"
Data Scientist,"['proposal writing', 'decision making', 'collaboration', 'written communication', 'problem solving', 'teamwork', 'networking', 'oral communication', 'interdisciplinary research']"
Data Scientist,"['practicality', 'curiosity', 'critical thinking', 'autonomy', 'leadership', 'problem solving', 'communication', 'adaptability']"
Data Scientist,"['time management', 'decision making', 'critical thinking', 'collaboration', 'problem solving', 'communication']"
Data Scientist,"['problem solving', 'collaboration', 'process management', 'quality orientation']"
Data Scientist,"['strong academic track record', 'innovative thinking', 'system', 'attention to detail', 'collaboration', 'self starter']"
Data Scientist,"['resourcefulness', 'determination', 'customer obsessed', 'innovation', 'curious and perceptive', 'collaboration', 'problem solving']"
Data Scientist,"['problem solving', 'collaboration', 'communication', 'self driven passion']"
Data Scientist,"['project management', 'critical thinking', 'collaboration', 'problem solving', 'teamwork', 'communication']"
Data Scientist,"['time management', 'results oriented', 'passionate', 'committed', 'problem solving', 'teamwork', 'adaptability']"
Data Scientist,"['presentation', 'business intuition', 'deadline driven', 'client relationship building', 'team player', 'analytical expertise', 'visualization of insights creatively', 'passion for coaching', 'communication', 'willingness to travel']"
Data Scientist,"['teamwork leadership', 'time management', 'attention to detail', 'customer focus', 'problem solving', 'communication']"
Data Scientist,"['team collaboration', 'analytical', 'presentation', 'self motivated', 'ability to work autonomously', 'customer interaction', 'strong problem solving', 'multitasking', 'communication']"
Data Scientist,"['business development', 'innovation', 'soft skills:', 'collaboration', 'problem solving', 'communication']"
Data Scientist,"['strategic thinking', 'client relationship management', 'attention to detail', 'teamwork', 'initiative', 'leadership', 'problem solving', 'business acumen', 'communication', 'adaptability']"
Data Scientist,"['leadership', 'personable', 'enthusiasm', 'innovation', 'analytical thinking', 'mentorship', 'hypothesis generation', 'strategic thinking', 'problem solving', 'excellence', 'teamwork', 'communication', 'pattern recognition']"
Data Scientist,"['time management', 'presentation', 'analytical', 'attention to detail', 'research', 'critical thinking', 'problem solving', 'teamwork', 'communication', 'adaptability']"
Data Scientist,"['innovation', 'entrepreneurial mindset', 'results driven', 'collaboration', 'problem solving', 'written and oral communication']"
Data Scientist,"['quick learner', 'curiosity', 'team player', 'writing', 'soft skills:', 'empathy', 'creativity', 'problem solving', 'continuous learning mindset', 'communication']"
Data Scientist,"['customer service', 'client relationship management', 'innovation', 'fiscal management', 'privacy and data security', 'collaboration', 'quality assurance', 'leadership', 'problem solving', 'teamwork', 'communication']"
Data Scientist,"['attention to detail', 'self starter', 'collaboration', 'leadership', 'problem solving', 'fast paced environment', 'communication']"
Data Scientist,"['strong communication', 'project management']"
Data Scientist,"['time management', 'self motivated', 'organizational', 'coaching', 'dynamic environment management', 'decision making', 'prioritization', 'interpersonal', 'problem analysis and resolution', 'teamwork', 'communication', 'flexibility', 'multi tasking', 'adaptability']"
Data Scientist,"['problem solving', 'teamwork', 'communication']"
Data Scientist,"['resourcefulness', 'effective collaboration', 'team player', 'desire for positive impact', 'rapid prototyping', 'self awareness', 'continuous improvement mindset', 'adaptability']"
Data Scientist,"['research', 'prioritization', 'collaboration', 'self organization', 'problem solving', 'communication']"
Data Scientist,['client facing role experience']
Data Scientist,"['teaching and learning orientation', 'collaboration', 'self direction', 'leadership', 'problem solving', 'communication', 'analytical thinking']"
Data Scientist,"['attention to detail', 'collaboration', 'problem solving', 'business acumen', 'communication']"
Data Scientist,"['self driven', 'collaboration', 'relationship building', 'problem solving', 'communication', 'subject matter expertise']"
Data Scientist,"['problem solving', 'collaboration', 'communication', 'mentorship']"
Data Scientist,"['entrepreneurial mindset', 'great communication', 'data oriented personality', 'creativity', 'autonomy']"
Data Scientist,"['self motivation', 'creativity', 'problem solving', 'communication', 'adaptability']"
Data Scientist,"['project management', 'critical thinking', 'self motivation', 'collaboration', 'problem solving', 'teamwork', 'communication', 'adaptability']"
Data Visualization Expert,"['mission critical platform', 'scalability', 'large scale development', 'agile development', 'problem solving', 'expertise', 'teamwork', 'communication']"
Data Visualization Expert,"['listening', 'time management', 'analytical', 'prioritization', 'leadership', 'problem solving', 'teamwork', 'communication']"
Data Visualization Expert,"['support', 'analytical', 'excellent communication', 'working independently', 'collaboration', 'problem solving', 'teamwork', 'stakeholder and customer interface', 'flexibility']"
Data Visualization Expert,"['decision making', 'leadership', 'problem solving', 'communication', 'documentation']"
Data Visualization Expert,"['analytic', 'issue resolution', 'collaboration', 'adaptability to rapid change', 'autonomy in delivering work', 'facilitation', 'communication']"
Data Visualization Expert,"['curiosity', 'project management', 'initiative', 'strategic thinking', 'problem solving', 'communication', 'adaptability']"
Data Visualization Expert,"['presentation', 'analytical', 'attention to detail', 'critical thinking', 'collaboration', 'mentoring', 'teamwork', 'communication', 'flexibility']"
Data Visualization Expert,"['critical thinking', 'inquisitive mindset', 'analytical mindset', 'collaboration', 'problem solving', 'proactive nature', 'communication']"
Data Visualization Expert,"['ethical standard', 'fast paced environment handling', 'collaboration', 'customer data privacy awareness', 'integrity', 'problem solving', 'communication', 'adaptability']"
Data Visualization Expert,"['team collaboration', 'analytical', 'excellent communication', 'results oriented', 'leadership', 'problem solving', 'continuous learning mindset']"
Data Visualization Expert,"['analytical', 'attention to detail', 'adaptability', 'collaboration', 'problem solving', 'teamwork', 'communication', 'organization']"
Data Visualization Expert,"['intellectual curiosity', 'troubleshooting', 'fast paced environment experience', 'problem solving', 'teamwork', 'communication', 'adaptability']"
Data Visualization Expert,"['communication', 'enthusiasm for learning']"
Data Visualization Expert,"['presentation', 'critical thinking', 'collaboration', 'problem solving', 'confidentiality', 'business acumen', 'communication']"
Data Visualization Expert,"['problem solving', 'collaboration', 'entrepreneurial mindset']"
Data Visualization Expert,"['collaboration', 'problem solving', 'communication', 'analytical thinking', 'teaching/training']"
Data Visualization Expert,"['resourcefulness', 'strategic thinking', 'analytical', 'detail oriented', 'customer focus', 'communication', 'leadership', 'problem solving', 'ethical value', 'teamwork', 'interpersonal', 'adaptability']"
Data Visualization Expert,"['coaching', 'critical thinking', 'ambiguity management', 'mentoring', 'leadership', 'problem solving', 'teamwork', 'communication', 'cultural awareness', 'adaptability']"
Data Visualization Expert,"['curiosity', 'detail oriented', 'influencing', 'problem solving', 'communication', 'analytical thinking']"
Data Visualization Expert,"['customer service', 'time management', 'analytical', 'attention to detail', 'curiosity', 'problem solving', 'teamwork', 'communication']"
Data Visualization Expert,"['problem solving', 'collaboration', 'communication']"
Data Visualization Expert,"['positive communication', 'customer service', 'training', 'prioritization', 'independent work', 'collaboration', 'teamwork', 'communication', 'domestic travel', 'adaptability']"
Data Visualization Expert,"['problem solving', 'pattern recognition', 'business value orientation', 'analytical']"
Data Visualization Expert,"['collaboration', 'fast paced environment adaptation', 'communication', 'attention to detail']"
Data Visualization Expert,"['strategic thinking', 'leadership', 'persuasion', 'issue resolution', 'critical thinking', 'interpersonal', 'advanced analytical', 'negotiation', 'problem solving', 'communication']"
Data Visualization Expert,"['consultative', 'communication', 'influencing']"
Data Visualization Expert,"['excellent communication', 'strong business intuition']"
Data Visualization Expert,"['presentation', 'problem solving ability', 'adaptability', 'confidentiality.', 'project management', 'collaboration', 'relationship building', 'work under pressure', 'communication', 'organization']"
Data Visualization Expert,"['teamwork', 'interpersonal communication', 'strategic thinking', 'written and verbal communication', 'dependability']"
Data Visualization Expert,"['adaptability', 'interpersonal', 'problem solving', 'communication', 'organization']"
Data Visualization Expert,"['self starter', 'collaboration', 'customer relationship management', 'leadership', 'problem solving', 'communication']"
Data Visualization Expert,"['trend analysis', 'stakeholder management', 'presentation', 'analytical', 'organizational', 'agile environment experience', 'interpersonal', 'full lifecycle perspective', 'technical knowledge', 'requirement gathering', 'relationship building', 'leadership', 'problem solving', 'teamwork', 'communication', 'multi tasking', 'diversity and inclusion awareness', 'adaptability']"
Data Visualization Expert,"['innovation', 'project management', 'learning agility', 'mentoring', 'relationship building', 'leadership', 'problem solving', 'communication', 'networking']"
Data Visualization Expert,"['presentation', 'openness', 'entrepreneurial mindset', 'collegiality', 'collaboration', 'transparency', 'mentoring', 'problem solving', 'teamwork', 'communication']"
Data Visualization Expert,"['leadership', 'time management', 'presentation', 'interpersonal', 'creativity', 'strategic thinking', 'problem solving', 'teamwork', 'communication', 'adaptability']"
Data Visualization Expert,"['client relationship management', 'collaboration', 'creativity', 'leadership', 'problem solving', 'teamwork', 'communication', 'adaptability']"
Data Visualization Expert,"['analytical', 'attention to detail', 'prioritization', 'problem solving', 'communication']"
Data Visualization Expert,"['analytical', 'influence', 'strategic thinking', 'problem solving', 'business acumen', 'communication', 'adaptability']"
Data Visualization Expert,"['team player', 'strong business mindset', 'presentation']"
Data Visualization Expert,"['innovation', 'empathy', 'collaboration', 'learning agility', 'transparency', 'communication', 'flexibility', 'adaptability']"
Data Visualization Expert,"['journalistic', 'clear writing ability', 'investigative reporting', 'innovative mindset', 'accuracy']"
Data Visualization Expert,"['problem solving', 'teamwork', 'communication', 'analytical']"
Data Visualization Expert,"['analytical', 'attention to detail', 'self starting/proactive attitude', 'collaboration', 'problem solving', 'communication', 'adaptability']"
Data Visualization Expert,"['interpersonal', 'collaboration', 'leadership', 'problem solving', 'communication']"
Data Visualization Expert,"['attention to detail', 'analysis', 'relationship building', 'mentoring', 'leadership', 'problem solving', 'communication']"
Data Visualization Expert,"['strategic thinking', 'presentation', 'creative thinking', 'problem solving', 'project management', 'relationship building', 'leadership', 'mentoring', 'teamwork', 'communication', 'analytical thinking', 'adaptability']"
Data Visualization Expert,"['organizational', 'passion for empirical research', 'inquisitive nature', 'problem solving', 'written and verbal communication']"
Data Visualization Expert,"['presentation', 'innovation', 'analytical thinking', 'decision making', 'collaboration', 'relationship building', 'continuous learning', 'problem solving', 'communication', 'subject matter expertise']"
Data Visualization Expert,"['positive work ethic', 'curiosity and integrity', 'organizational']"
Data Visualization Expert,"['training and education', 'business enablement', 'business intelligence application', 'research', 'applying and setting standard']"
Data Visualization Expert,"['team management', 'customer service', 'time management', 'analytical', 'mentorship', 'proactive problem solving', 'decision making', 'agile software delivery process', 'collaboration', 'communication', 'leadership', 'interpersonal', 'adaptability']"
Data Visualization Expert,"['team management', 'time management', 'analytical', 'mentoring', 'leadership', 'problem solving', 'communication']"
Data Visualization Expert,"['leadership', 'team development', 'strategic planning', 'decision making', 'collaboration', 'business strategy', 'communication', 'analytical thinking']"
Data Visualization Expert,"['confidence', 'proactiveness', 'analytical', 'clarity of thought', 'decision making', 'collaboration', 'integrity', 'problem solving', 'communication', 'articulate storytelling']"
Data Visualization Expert,"['problem solving', 'interpersonal communication', 'results presentation', 'critical thinking']"
Data Visualization Expert,"['problem solving', 'collaboration', 'communication', 'mentorship']"
Data Visualization Expert,"['time management', 'teamwork', 'coaching', 'detail oriented', 'project management', 'problem solving', 'multitasking', 'communication', 'analytical thinking', 'adaptability']"
Data Visualization Expert,"['team collaboration', 'project management', 'knowledge transfer', 'quality assurance', 'client interaction', 'problem solving', 'communication']"
Data Visualization Expert,"['work ethic', 'entrepreneurial spirit', 'organized', 'relationship management', 'detail oriented', 'strategic thinking', 'productivity', 'communication', 'team oriented']"
Data Visualization Expert,"['time management', 'presentation', 'effective collaboration', 'self directed work', 'planning and milestone creation', 'problem solving', 'teamwork', 'communication', 'adaptability']"
Data Visualization Expert,"['analytical', 'attention to detail', 'customer focus', 'decision making', 'project management', 'interpersonal', 'problem solving', 'cross team collaboration', 'communication', 'adaptability']"
Data Visualization Expert,"['presentation', 'customer engagement', 'industry networking', 'continuous learning', 'product demo', 'problem solving', 'communication']"
Data Visualization Expert,"['proactive approach', 'feedback implementation', 'strong work ethic', 'teamwork', 'client consultation', 'time management', 'problem solving', 'communication', 'stakeholder management', 'brainstorming', 'storytelling', 'organizational', 'collaborative mindset', 'creativity', 'openness to learning', 'design expertise', 'confidence', 'subject matter expertise', 'adaptability']"
Data Visualization Expert,"['client interaction', 'time management', 'detail oriented', 'strategic thinking', 'problem solving', 'teamwork', 'communication', 'adaptability']"
Data Visualization Expert,"['strategic thinking', 'time management', 'prioritization', 'critical thinking', 'leadership', 'problem solving', 'communication']"
Data Visualization Expert,"['conflict resolution', 'analytical', 'innovation', 'proactive customer service', 'project management', 'relationship building', 'bilingualism (a plus)', 'problem solving', 'communication', 'flexibility']"
Data Visualization Expert,"['time management', 'organizational', 'credibility building', 'prioritization', 'critical thinking', 'collaboration', 'problem solving', 'teamwork', 'communication', 'adaptability']"
Data Visualization Expert,"['time management', 'analytical', 'people management', 'collaboration', 'leadership', 'problem solving', 'communication', 'flexibility']"
Data Visualization Expert,"['data driven insight', 'understanding business goals/need', 'driving employee engagement', 'results driven', 'collaboration', 'data visualization', 'leading change', 'influencing change', 'relationship building', 'simplifying complexity', 'excellent attention to detail', 'predicting trend']"
Data Visualization Expert,"['analytical capability', 'team player', 'prioritization', 'relationship building', 'strategic thinking', 'written and verbal communication', 'multitasking', 'adaptability']"
Data Visualization Expert,"['clear and effective communication', 'training and mentoring']"
Data Visualization Expert,"['presentation', 'accountability', 'verbal and written communication', 'teaching/training', 'detail oriented', 'collaboration', 'interpersonal communication', 'leadership', 'problem solving', 'teamwork', 'organization']"
Data Visualization Expert,"['collaborative teamwork', 'customer first orientation', 'effective communication', 'attention to detail', 'business savvy', 'prioritization', 'adaptability']"
Data Visualization Expert,"['time management', 'attention to detail', 'organizational', 'critical thinking', 'collaboration', 'initiative', 'discretion', 'problem solving', 'teamwork', 'communication', 'adaptability']"
Data Visualization Expert,"['high energy', 'attention to detail', 'organizational', 'intellectual curiosity', 'process oriented', 'strong work ethic', 'communication']"
Data Visualization Expert,"['client relationship management', 'time management', 'team collaboration', 'detail oriented', 'self motivation', 'problem solving', 'communication']"
Data Visualization Expert,"['listening', 'self starter', 'fast paced learning', 'initiative', 'drive to succeed', 'problem solving', 'teamwork', 'communication', 'strong work ethic']"
Data Visualization Expert,"['innovation', 'collaboration', 'strategic thinking', 'problem solving', 'fast paced environment', 'adaptability']"
Data Visualization Expert,"['team management', 'time management', 'organizational', 'relationship management', 'interpersonal', 'problem solving', 'communication', 'adaptability']"
Data Visualization Expert,"['time management', 'strategic planning', 'influence', 'team leadership', 'collaboration', 'initiative', 'self sufficiency', 'communication', 'analytical thinking', 'adaptability']"
Data Visualization Expert,"['analytical', 'attention to detail', 'innovation', 'prioritization', 'decision making', 'critical thinking', 'collaboration', 'creativity', 'leadership', 'problem solving', 'communication']"
Data Visualization Expert,"['attention to detail', 'decision making', 'strategic thinking', 'communication', 'cross functional collaboration', 'adaptability']"
Data Visualization Expert,"['strong communication', 'entrepreneurial spirit', 'analytical', 'proactive', 'intellectually curious', 'self starter']"
Data Visualization Expert,"['work ethic', 'time management', 'training and mentoring', 'organizational', 'self motivation', 'goal oriented mindset', 'teamwork', 'communication']"
Data Visualization Expert,"['time management', 'analytical', 'enthusiasm', 'organizational', 'critical thinking', 'creativity', 'positive attitude', 'forecasting', 'problem solving', 'communication', 'adaptability']"
Data Visualization Expert,"['innovative thinking', 'attention to detail', 'problem solving', 'collaboration', 'leadership', 'mentoring', 'teamwork', 'communication']"
Data Visualization Expert,"['team collaboration', 'strong software engineering fundamental', 'self organization', 'problem solving', 'agile/scrum environment experience', 'communication']"
Data Visualization Expert,"['effective communication', 'time management', 'curiosity', 'organization', 'research', 'creativity', 'proactive and collaborative attitude', 'strategic thinking', 'adaptability']"
Data Visualization Expert,"['customer service', 'teamwork', 'communication', 'strategic planning']"
Data Visualization Expert,"['quick learner', 'strong written communication', 'sense of urgency']"
Data Visualization Expert,"['publication writing', 'presentation', 'analytical', 'research command', 'project management', 'collaboration', 'problem solving', 'teamwork', 'communication', 'adaptability']"
Data Visualization Expert,"['prioritization', 'influencing', 'critical thinking', 'diversity championing', 'collaboration', 'creativity', 'relationship building', 'problem solving', 'analytic curiosity', 'communication']"
Data Visualization Expert,"['can do attitude', 'fast iteration', 'collaboration', 'communication', 'passion to learn', 'customer focused', 'adaptability']"
Data Visualization Expert,"['time management', 'organizational', 'detail oriented', 'problem solving', 'teamwork', 'communication', 'inquisitive']"
Data Visualization Expert,"['collaboration', 'communication', 'leadership']"
Data Visualization Expert,"['time management', 'prioritization', 'problem solving', 'teamwork', 'communication', 'analytical thinking']"
Data Visualization Expert,"['analytical', 'organizational', 'verbal communication', 'written communication', 'leadership', 'problem solving', 'teamwork', 'interpersonal']"
Data Visualization Expert,"['attention to detail', 'storytelling', 'optimism', 'collaboration', 'problem solving', 'communication', 'flexibility']"
Data Visualization Expert,"['urgency', 'collaboration', 'leadership', 'business acumen', 'communication']"
Data Visualization Expert,"['strong communication', 'attention to detail', 'organizational', 'team player', 'customer facing ability', 'high emotional iq', 'business acumen']"
Data Visualization Expert,"['team management', 'customer centric approach', 'leadership', 'presentation', 'tactical decision making', 'prioritization', 'collaboration', 'start up experience', 'strategic thinking', 'communication']"
Data Visualization Expert,"['risk management', 'decision making', 'leadership', 'problem solving', 'teamwork', 'communication']"
Data Visualization Expert,"['time management', 'analytical', 'attention to detail', 'verbal communication', 'research', 'independence', 'prioritization', 'written communication', 'interpersonal communication', 'relationship building']"
Data Visualization Expert,"['time management', 'analytical', 'attention to detail', 'collaboration', 'learning agility', 'problem solving', 'communication', 'organization']"
Data Visualization Expert,"['compliance management', 'collaborative', 'decision making', 'problem solving', 'communication', 'budgeting', 'planning and coordination', 'strategic thinking', 'mentoring', 'leadership', 'resource allocation']"
Data Visualization Expert,"['devops', 'team player', 'highly motivated', 'strong analytical', 'agile methodology', 'team leadership', 'lean engineering', 'strong critical thinking', 'strong problem solving', 'sow preparation', 'scrum']"
Data Visualization Expert,"['listening', 'work ethic', 'initiative', 'learning agility', 'drive to succeed', 'problem solving', 'teamwork', 'communication', 'ownership of goal']"
Data Visualization Expert,"['team management', 'attention to detail', 'strategic planning', 'relationship management', 'prioritization', 'decision making', 'customer focus', 'collaboration', 'leadership', 'problem solving', 'communication', 'analytical thinking', 'adaptability']"
Data Visualization Expert,"['client relationship management', 'innovation', 'agility', 'project management', 'collaboration', 'creativity', 'problem solving', 'teamwork', 'communication']"
Data Visualization Expert,"['collaboration', 'communication', 'analytical thinking', 'project management']"
Data Visualization Expert,"['problem solving', 'teamwork', 'communication', 'analytical']"
Data Visualization Expert,"['tailoring messaging', 'knowledge sharing', 'analytical thinking', 'independence', 'technical communication', 'reading the room', 'leadership', 'problem solving', 'teamwork', 'humor and calm demeanor', 'flexibility', 'continuous improvement mindset', 'adaptability']"
Data Visualization Expert,"['presentation', 'planning', 'collaboration', 'strategic thinking', 'communication']"
Data Visualization Expert,"['attention to detail', 'team leadership', 'leadership', 'planning and organizing', 'communication', 'adaptability']"
Data Visualization Expert,"['analytical', 'attention to detail', 'verbal and written communication', 'project management', 'creativity', 'interpersonal communication', 'initiative', 'problem solving', 'teaching and training ability']"
Data Visualization Expert,"['attention to detail', 'prioritization', 'influencing', 'negotiation', 'problem solving', 'communication', 'adaptability']"
Data Visualization Expert,"['persuasion', 'empathy', 'creativity', 'leadership', 'problem solving', 'communication']"
Data Visualization Expert,"['analytical', 'entrepreneurial mindset', 'public speaking', 'writing', 'collaboration', 'problem solving', 'fast paced environment proficiency', 'communication', 'adaptability']"
Data Visualization Expert,"['analytical', 'client facing', 'solution focused mindset', 'teamwork', 'communication']"
Data Warehousing,"['team management', 'time management', 'analytical', 'attention to detail', 'soft skills:', 'critical thinking', 'collaboration', 'initiative', 'problem solving', 'communication', 'adaptability']"
Data Warehousing,"['independence', 'prioritization', 'critical thinking', 'leadership', 'problem solving', 'teamwork', 'communication']"
Data Warehousing,"['problem solving', 'teamwork', 'communication', 'flexibility']"
Data Warehousing,[]
Data Warehousing,[]
Data Warehousing,"['presentation', 'curiosity', 'collaboration', 'impact orientation', 'tenacity', 'problem solving', 'communication', 'adaptability']"
Data Warehousing,"['innovative thinking', 'influence', 'decision making', 'self motivation', 'collaboration', 'consultation', 'negotiation', 'leadership', 'mentoring', 'communication']"
Data Warehousing,"['action oriented', 'innovation', 'decision making', 'critical thinking', 'results driven', 'team alignment', 'creativity', 'problem solving', 'business acumen']"
Data Warehousing,"['presentation', 'curiosity', 'critical thinking', 'collaboration', 'leadership', 'problem solving', 'communication']"
Data Warehousing,"['follow up', 'professionalism', 'continuous improvement', 'independence', 'stress management', 'judgement', 'empathy', 'active listening', 'positive attitude', 'sense of urgency', 'teamwork', 'flexibility', 'adaptability']"
Data Warehousing,"['time management', 'presentation', 'organizational', 'critical thinking', 'creativity', 'problem solving', 'written and oral communication', 'teamwork', 'interpersonal', 'analytical thinking']"
Data Warehousing,"['independence in work', 'and outlook', 'flexibility in adjusting hour', 'word', 'working under tight deadline', 'proficiency in excel']"
Data Warehousing,"['team collaboration', 'risk mitigation', 'cost optimization', 'professional knowledge', 'problem solving', 'efficiency improvement', 'client communication', 'adaptability']"
Data Warehousing,"['time management', 'attention to detail', 'problem solving', 'teamwork', 'communication', 'adaptability']"
Data Warehousing,"['collaborative teamwork', 'strong data engineering', 'communication', 'problem solving']"
Data Warehousing,"['presentation', 'outstanding problem solving', 'writing', 'excellent interpersonal', 'persuasion', 'communication']"
Data Warehousing,"['communication', 'presentation', 'leadership']"
Data Warehousing,"['organizational', 'prioritization', 'strong interpersonal communication', 'self motivation', 'initiative', 'leadership', 'multi tasking']"
Data Warehousing,"['financial acumen', 'effective problem solving', 'influencing', 'decision making', 'business acumen', 'communication']"
Data Warehousing,"['customer service', 'time management', 'problem solving', 'teamwork', 'communication', 'organization']"
Data Warehousing,"['communication', 'motivation', 'interpersonal', 'leadership']"
Data Warehousing,"['customer service', 'administrative support', 'training', 'analytical', 'organizational', 'decision making', 'teamwork', 'communication']"
Data Warehousing,"['team management', 'motivation', 'change management', 'coaching', 'collaboration', 'initiative', 'leadership', 'problem solving', 'training', 'communication']"
Data Warehousing,"['problem solving', 'communication', 'interpersonal', 'organizational']"
Data Warehousing,"['customer service', 'prioritization', 'problem solving', 'team orientation', 'flexibility', 'organization']"
Data Warehousing,"['time management', 'analytical', 'attention to detail', 'deadline management', 'prioritization', 'self motivation', 'collaboration', 'communication', 'multi tasking', 'organization']"
Data Warehousing,"['teamwork', 'communication']"
Data Warehousing,"['time management', 'organizational', 'influence', 'detail oriented', 'interpersonal', 'leadership', 'communication', 'team building']"
Data Warehousing,"['interest in social justice', 'cultural sensitivity', 'excellent communication', 'prioritization', 'collaboration', 'ability to meet deadline', 'interpersonal', 'flexibility']"
Data Warehousing,"['time management', 'risk management', 'coaching', 'project management', 'collaboration', 'leadership', 'mentoring', 'communication', 'documentation']"
Data Warehousing,"['excellent verbal communication', 'excellent phone']"
Data Warehousing,"['team player', 'detail oriented', 'multi tasking ability', 'well organized']"
Data Warehousing,"['change management', 'data centric', 'results driven', 'critical thinking', 'project management', 'collaboration', 'process oriented', 'adaptability']"
Data Warehousing,"['effective communication', 'organizational', 'team player', 'persuasion', 'self starter', 'strong analytical', 'collaboration', 'training and coaching', 'leadership and mentorship', 'adaptability']"
Data Warehousing,"['customer service', 'thoroughness', 'collaboration', 'leadership', 'teamwork', 'communication']"
Data Warehousing,"['ability to follow instruction', 'attention to detail', 'safety consciousness', 'problem solving', 'teamwork', 'adaptability']"
Data Warehousing,"['leadership', 'entrepreneurial spirit', 'innovation', 'curiosity', 'decision making', 'customer centric mindset', 'strategic thinking', 'problem solving', 'teamwork', 'communication', 'adaptability']"
Data Warehousing,"['time management', 'analytical', 'attention to detail', 'organizational', 'problem solving', 'communication']"
Data Warehousing,"['problem solving', 'communication', 'attention to detail']"
Data Warehousing,"['good communication', 'ability to work unsupervised', 'ability to travel']"
Data Warehousing,"['team cooperation', 'highly organized', 'fast paced work environment', 'ability to multi task', 'respect', 'great customer service']"
Data Warehousing,"['team player', 'positive attitude', 'self starter', 'research and design']"
Data Warehousing,"['team management', 'change management', 'collaboration', 'mentoring', 'leadership', 'problem solving', 'communication', 'networking']"
Data Warehousing,"['customer service', 'decision making', 'critical thinking', 'collaboration', 'written communication', 'leadership', 'problem solving', 'teamwork', 'oral communication', 'adaptability']"
Data Warehousing,"['team management', 'effective communication', 'time management', 'analytical', 'attention to detail', 'strategic thinking', 'problem solving', 'coaching and mentoring']"
Data Warehousing,"['team collaboration', 'ability to follow instruction', 'attention to detail', 'safety awareness', 'problem solving']"
Data Warehousing,"['problem solving', 'time management', 'communication', 'attention to detail']"
Data Warehousing,"['resourcefulness', 'urgency', 'time management', 'motivation', 'attention to detail', 'organization', 'decision making', 'leadership', 'teamwork', 'communication', 'reliability', 'adaptability']"
Data Warehousing,"['problem solving', 'teamwork', 'ability to follow instruction', 'attention to detail']"
Data Warehousing,"['problem solving', 'collaboration', 'communication']"
Data Warehousing,"['customer service', 'attention to detail', 'adaptability', 'discretion', 'teamwork', 'communication', 'multi tasking', 'organization']"
Data Warehousing,"['coaching and development', 'stakeholder management', 'continuous improvement', 'collaboration', 'problem solving', 'communication']"
Data Warehousing,"['time management', 'problem solving', 'teamwork', 'communication', 'adaptability']"
Data Warehousing,"['analytical', 'project management', 'leadership', 'problem solving', 'communication', 'cross functional collaboration']"
Data Warehousing,"['attention to detail', 'organizational', 'decision making', 'interpersonal', 'creativity', 'execution', 'leadership', 'facilitation', 'communication', 'adaptability']"
Data Warehousing,"['work ethic', 'time management', 'creative thinking', 'positive attitude', 'communication', 'adaptability']"
Data Warehousing,"['verbal communication', 'collaboration', 'written communication', 'interpersonal communication', 'leadership', 'problem solving', 'teamwork']"
Data Warehousing,"['teamwork', 'interpersonal communication', 'analytical', 'organization']"
Data Warehousing,"['time management', 'stress management', 'adaptability', 'project management', 'team leadership', 'client service', 'collaboration', 'problem solving', 'interpersonal', 'vendor oversight']"
Data Warehousing,"['strong communication', 'detail oriented', 'analytical thinking', 'intellectual problem solving']"
Data Warehousing,"['customer service', 'resilience', 'analytical', 'detail oriented', 'project management', 'negotiation', 'goal oriented', 'teamwork', 'communication', 'organization']"
Data Warehousing,"['analytical', 'attention to detail', 'mentoring', 'leadership', 'problem solving', 'teamwork', 'communication', 'adaptability']"
Data Warehousing,"['supervisory', 'communication', 'supply chain relationship building']"
Data Warehousing,['interpersonal communication']
Data Warehousing,"['results oriented', 'initiative', 'strategic thinking', 'problem solving', 'teamwork', 'interpersonal', 'organization']"
Data Warehousing,"['weekend', 'ability to travel', 'and holiday', ""valid driver's license"", 'good communication', 'ability to work unsupervised']"
Data Warehousing,"['accountability', 'relationship management', 'prioritization', 'creativity', 'leadership', 'team support', 'communication', 'flexibility']"
Data Warehousing,"['entrepreneurial spirit', 'innovation', 'creativity', 'execution', 'strategic thinking', 'communication', 'team building']"
Data Warehousing,"['strong communication', 'agile methodology', 'collaboration', 'leadership', 'problem solving']"
Data Warehousing,"['organizational', 'integrity', 'initiative', 'continuous learning', 'problem solving', 'teamwork', 'communication']"
Data Warehousing,"['time management', 'attention to detail', 'collaboration', 'problem solving', 'communication', 'analytical thinking', 'adaptability']"
Data Warehousing,"['community engagement', 'strategic planning', 'public speaking', 'influencing', 'advocacy', 'writing', 'collaboration', 'ecosystem building', 'mentoring', 'open source contribution', 'communication']"
Data Warehousing,"['credibility', 'leadership', 'results oriented', 'innovation', 'problem solving', 'perseverance', 'collaboration', 'integrity', 'negotiation', 'self starter', 'communication', 'adaptability']"
Data Warehousing,"['customer service', 'time management', 'attention to detail', 'organizational', 'problem solving', 'teamwork', 'communication']"
Data Warehousing,"['organizational', 'prioritization', 'goal oriented mindset', 'positive attitude', 'leadership', 'problem solving', 'communication', 'cross functional team participation']"
Data Warehousing,['relationship building']
Data Warehousing,"['supervisory', 'innovation', 'interpersonal', 'self motivation', 'communication', 'team building', 'organization']"
Data Warehousing,"['attention to detail', 'organizational', 'interpersonal', 'self motivation', 'problem solving', 'communication']"
Data Warehousing,"['attention to detail', 'customer focus', 'strategic thinking', 'problem solving', 'teamwork', 'communication', 'organization']"
Data Warehousing,"['customer service', 'time management', 'attention to detail', 'problem solving', 'communication']"
Data Warehousing,"['decision making', 'leadership', 'problem solving', 'teamwork', 'communication']"
Data Warehousing,"['client satisfaction', 'cost saving', 'team collaboration', 'risk mitigation', 'efficiency', 'professional knowledge', 'problem solving', 'communication']"
Data Warehousing,"['analytical', 'process development', 'organizational', 'strong quantitative', 'facilitation', 'communication', 'flexibility']"
Data Warehousing,"['coaching and training', 'safety awareness', 'motivating other', 'leadership', 'communication']"
Data Warehousing,"['safety consciousness', 'teamwork', 'ability to follow instruction', 'attention to detail']"
Data Warehousing,"['time management', 'attention to detail', 'adaptability', 'problem solving', 'teamwork', 'communication', 'flexibility', 'organization']"
Data Warehousing,"['time management', 'attention to detail', 'problem solving ability', 'strong organizational', 'customer relation', 'excellent customer service']"
Data Warehousing,"['independence', 'communication', 'decision making', 'supervision']"
Data Warehousing,"['time management', 'attention to detail', 'independent work', 'positive attitude', 'leadership', 'communication']"
Data Warehousing,"['attention to detail', 'collaboration', 'problem solving', 'communication', 'analytical thinking']"
Data Warehousing,"[') critical thinking', ') flexibility', ') communication', ') teamwork', ') problem solving']"
Data Warehousing,"['customer service', 'time management', 'attention to detail', 'organizational', 'problem solving', 'teamwork']"
Data Warehousing,"['problem solving', 'effective communication', 'demonstrated sensitivity to diversity', 'working in a team']"
Data Warehousing,"['leadership', 'project management', 'collaboration', 'strategic thinking', 'problem solving', 'communication']"
Data Warehousing,"['teamwork', 'leadership', 'customer service orientation']"
Data Warehousing,"['customer service', 'ability to work independently', 'communication', 'organizational']"
Data Warehousing,"['time management', 'detail oriented', 'critical thinking', 'collaboration', 'leadership', 'problem solving', 'communication']"
Data Warehousing,"['team management', 'risk management', 'relationship management', 'influence', 'interpersonal', 'collaboration', 'leadership', 'problem solving', 'global team management', 'communication', 'stakeholder engagement', 'organization']"
Data Warehousing,"['presentation', 'analytical', 'leadership', 'problem solving', 'multitasking', 'communication']"
Data Warehousing,"['time management', 'attention to detail', 'collaboration', 'problem solving', 'communication']"
Data Warehousing,"['time management', 'team collaboration', 'analytical', 'client management', 'self motivation', 'strategic thinking', 'problem solving', 'proactive thinking', 'communication']"
Data Warehousing,"['time management', 'stakeholder management', 'collaboration', 'structured approach', 'problem solving', 'analytical rigor']"
Data Warehousing,"['time management', 'innovation', 'collaboration', 'leadership', 'problem solving', 'communication']"
Data Warehousing,"['security awareness', 'collaboration', 'safety consciousness', 'mentoring', 'physical stamina', 'teamwork']"
Data Warehousing,"['presentation', 'leadership']"
Data Warehousing,"['teamwork', 'communication', 'attention to detail', 'safety awareness']"
Data Warehousing,"['analytical', 'organizational', 'innovation', 'collaboration', 'problem solving', 'communication', 'adaptability']"
Data Warehousing,"['analytical', 'organizational', 'data centric', 'results driven', 'project management', 'process orientation', 'communication']"
Data Warehousing,"['stakeholder management', 'customer focus', 'results driven', 'collaboration', 'ability to manage ambiguity']"
Data Warehousing,"['attention to detail', 'problem solving', 'teamwork', 'communication', 'adaptability']"
Data Warehousing,"['problem solving', 'teamwork', 'communication', 'analytical']"
Data Warehousing,"['analytical', 'project management', 'communication', 'interpersonal', 'data analysis', 'organization']"
Data Warehousing,"['problem solving', 'multi tasking', 'strong analytical']"
Data Warehousing,"['analytical', 'accountability', 'problem solving', 'teamwork', 'communication']"
Data Warehousing,"['time management', 'handling hazardous material', 'operating standard office equipment', 'preparing accurate record', 'adhering to safety practice', 'collaboration', 'problem solving', 'communication', 'flexibility']"
Data Warehousing,"['event participation', 'community engagement', 'strategic planning', 'mentorship', 'public speaking', 'influencing', 'collaboration', 'developer advocacy', 'content creation', 'communication']"
Data Warehousing,"['project management', 'collaboration', 'strategic thinking', 'problem solving', 'communication', 'analytical thinking', 'adaptability']"
Data Warehousing,"['coaching and development', 'change management', 'continuous improvement', 'decision making', 'communication', 'leadership', 'problem solving', 'interpersonal', 'crisis management']"
Data Warehousing,"['work ethic', 'teamwork', 'independence', 'trustworthiness', 'event planning', 'problem solving', 'confidentiality', 'self sufficiency', 'communication', 'organization']"
Data Warehousing,"['presentation skills.', 'analytical', 'organizational', 'problem solving', 'teamwork', 'communication']"
Data and Analytics Manager,"['leadership', 'supervisory', 'team collaboration', 'presentation', 'detail oriented', 'negotiation', 'relationship building', 'strategic thinking', 'problem solving', 'business acumen', 'communication', 'multi tasking']"
Data and Analytics Manager,"['team management', 'stakeholder management', 'consensus building', 'cultural change management', 'process improvement', 'trust building', 'relationship building', 'leadership', 'communication']"
Data and Analytics Manager,"['strategic planning', 'collaboration', 'mentoring', 'leadership', 'problem solving', 'teamwork', 'communication']"
Data and Analytics Manager,"['time management', 'interpersonal', 'problem solving', 'client service', 'self motivation', 'people development', 'leadership', 'mentoring', 'communication', 'team building']"
Data and Analytics Manager,"['creativity', 'leadership', 'problem solving', 'teamwork', 'communication']"
Data and Analytics Manager,"['organizational', 'decision making', 'relationship building', 'strategic thinking', 'problem solving', 'communication', 'adaptability']"
Data and Analytics Manager,"['analytical insight', 'creative thinking', 'collaboration', 'problem solving', 'documentation']"
Data and Analytics Manager,"['organizational', 'critical thinking', 'leadership', 'problem solving', 'communication']"
Data and Analytics Manager,"['team management', 'client relationship management', 'business development', 'coaching and training', 'project management', 'leadership', 'problem solving', 'business acumen', 'communication']"
Data and Analytics Manager,"['humor', 'discretion', 'organizational', 'interpersonal', 'strategic thinking', 'problem solving', 'teamwork', 'communication']"
Data and Analytics Manager,"['team management', 'curiosity', 'outside the box thinking', 'project management', 'collaboration', 'creativity', 'solution focused', 'leadership', 'written and verbal communication', 'emotional intelligence', 'analytical and quantitative ability']"
Data and Analytics Manager,"['prioritization', 'collaboration', 'relationship building', 'problem solving', 'communication']"
Data and Analytics Manager,"['interpersonal', 'initiative', 'relationship building', 'teamwork', 'communication', 'flexibility']"
Data and Analytics Manager,"['strong communication', 'time management', 'analytical', 'client service', 'consultative sale', 'negotiation', 'problem solving', 'teamwork', 'adaptability']"
Data and Analytics Manager,"['leadership', 'time management', 'training', 'soft skills:', 'management', 'critical thinking', 'communication', 'collaboration', 'results oriented attitude', 'problem solving', 'teamwork', 'interpersonal', 'flexibility', 'customer service mindset', 'adaptability']"
Data and Analytics Manager,"['team management', 'strategic thinking', 'client relationship management', 'presentation', 'reporting', 'resource management', 'soft skills:', 'project management', 'budgeting', 'forecasting', 'leadership', 'mentoring', 'communication']"
Data and Analytics Manager,"['independent', 'team player', 'solution oriented', 'willingness to learn', 'curious']"
Data and Analytics Manager,"['time management', 'team collaboration', 'organizational', 'relationship management', 'communication']"
Data and Analytics Manager,"['prioritization', 'interpersonal', 'project management', 'collaboration', 'leadership', 'problem solving', 'communication']"
Data and Analytics Manager,"['coaching and training', 'collaboration', 'relationship building', 'leadership', 'communication', 'adaptability']"
Data and Analytics Manager,"['time management', 'critical thinking', 'positive attitude', 'troubleshooting', 'continuous learning', 'relationship building', 'problem solving', 'teamwork', 'communication', 'adaptability']"
Data and Analytics Manager,"['strategic thinking', 'team management', 'analytical', 'critical thinking', 'collaboration', 'mentoring', 'leadership', 'problem solving', 'communication', 'adaptability']"
Data and Analytics Manager,"['presentation', 'self motivated', 'project management', 'positive attitude', 'strategic thinking', 'problem solving', 'multitasking', 'communication', 'passion for data analysis']"
Data and Analytics Manager,"['relationship management', 'service oriented mindset', 'problem solving', 'communication', 'flexibility']"
Data and Analytics Manager,"['critical thinking', 'collaboration', 'initiative', 'problem solving', 'communication']"
Data and Analytics Manager,"['training and mentoring', 'process improvement', 'project management', 'confidence in public speaking', 'leadership', 'problem solving', 'communication', 'strategic recommendation', 'initiative taking']"
Data and Analytics Manager,"['attention to detail', 'commitment to cultural diversity', 'independence', 'problem solving', 'communication', 'analytical thinking']"
Data and Analytics Manager,"['team management', 'customer focus', 'decision making', 'project planning and execution', 'collaboration', 'negotiation', 'leadership', 'problem solving', 'communication']"
Data and Analytics Manager,"['leadership', 'time management', 'curiosity', 'decision making', 'proactive attitude', 'partnership building', 'strategic thinking', 'problem solving', 'communication', 'cross functional teamwork']"
Data and Analytics Manager,"['time management', 'organizational', 'coaching', 'interpersonal', 'mentoring', 'leadership', 'problem solving', 'teamwork', 'communication']"
Data and Analytics Manager,"['team management', 'results focused', 'self starter', 'collaboration', 'initiative', 'problem solving', 'communication', 'analytical thinking']"
Data and Analytics Manager,"['language skills (education/experience)', 'troubleshooting (experience)', 'client interaction (experience)', 'people management (experience)']"
Data and Analytics Manager,"['team management', 'strategic thinking', 'resource management', 'decision making', 'leadership', 'problem solving', 'communication', 'cross functional collaboration']"
Data and Analytics Manager,"['team management', 'integrity', 'relationship building', 'confidentiality', 'communication', 'analytical thinking', 'organization']"
Data and Analytics Manager,"['analytical capability', 'enthusiasm', 'attention to detail', 'innovation', 'strategic planning', 'communicational capability', 'ownership', 'prioritization', 'collaboration']"
Data and Analytics Manager,"['curiosity', 'influence', 'interpersonal', 'project management', 'self motivation', 'leadership', 'teaching', 'communication']"
Data and Analytics Manager,"['financial acumen', 'excellent communication', 'analytical mindset', 'collaboration', 'customer centric mindset', 'leadership', 'problem solving', 'strong attention to detail', 'interpersonal', 'adaptability']"
Data and Analytics Manager,"['analytical', 'results oriented', 'organizational', 'collaborative', 'communication', 'initiative', 'interpersonal']"
Data and Analytics Manager,"['agile mindset', 'balancing quality', 'and business need', 'coaching', 'fast paced environment adaptability', 'pragmatism', 'collaboration', 'compliance', 'leadership', 'problem solving', 'dedication to engineering excellence', 'communication']"
Data and Analytics Manager,"['strategic thinking', 'time management', 'presentation', 'attention to detail', 'customer focus', 'collaboration', 'leadership', 'problem solving', 'communication', 'adaptability']"
Data and Analytics Manager,"['time management', 'process optimization', 'attention to detail', 'prioritization', 'project management', 'collaboration', 'strategic thinking', 'communication']"
Data and Analytics Manager,"['strong communication', 'innovation', 'influencing', 'negotiation', 'problem solving', 'goal oriented', 'leadership', 'organization']"
Data and Analytics Manager,"['team management', 'customer service', 'strong organizational', 'strategic decision making', 'project management', 'communication', 'initiative', 'relationship building', 'professional presence', 'problem solving', 'interpersonal']"
Data and Analytics Manager,"['creative thinking', 'strong analytical', 'project management', 'influencing', 'collaboration', 'metrics orientation', 'relationship building', 'leadership', 'problem solving', 'communication']"
Data and Analytics Manager,"['attention to detail', 'organizational', 'prioritization', 'problem solving', 'critical thinking', 'initiative', 'verbal and written', 'strong work ethic', 'teamwork', 'communication']"
Data and Analytics Manager,"['presentation', 'analytical', 'self motivation', 'problem solving', 'facilitation', 'communication', 'multi tasking']"
Data and Analytics Manager,"['strategic planning', 'problem solving', 'teamwork', 'communication', 'analytical thinking']"
Data and Analytics Manager,"['team management', 'workload balancing', 'budget analysis', 'relationship management', 'decision making', 'training and development', 'leadership', 'problem solving', 'communication', 'project prioritization']"
Data and Analytics Manager,"['conflict management', 'proactiveness', 'analytical', 'attention to detail', 'team player', 'customer focus', 'communication', 'solution oriented', 'relationship building', 'negotiation', 'problem solving', 'interpersonal', 'flexibility']"
Data and Analytics Manager,"['attention to detail', 'project management', 'collaboration', 'problem solving', 'communication']"
Data and Analytics Manager,['negotiation']
Data and Analytics Manager,"['innovation', 'strategic planning', 'decision making', 'training and development', 'leadership', 'problem solving', 'communication']"
Data and Analytics Manager,"['team management', 'collaboration', 'supervisory', 'project management']"
Data and Analytics Manager,"['business sense', 'time management', 'curiosity', 'agility', 'energetic', 'empathy', 'critical thinking', 'collaboration', 'creativity', 'initiative', 'persistence', 'leadership', 'problem solving', 'communication', 'perfectionism']"
Data and Analytics Manager,"['team management', 'project management', 'collaboration', 'mentoring', 'problem solving', 'leadership']"
Data and Analytics Manager,"['time management', 'strategic planning', 'digital expertise', 'learning agility', 'problem solving', 'self management', 'teamwork', 'communication', 'analytical thinking', 'adaptability']"
Data and Analytics Manager,"['team management', 'leadership', 'coaching', 'prioritization', 'mentorship', 'communication']"
Data and Analytics Manager,"['team management', 'relationship building', 'leadership', 'problem solving', 'talent development', 'communication']"
Data and Analytics Manager,"['strategic thinking', 'urgency management', 'prioritization', 'decision making', 'collaboration', 'leadership', 'interpersonal']"
Data and Analytics Manager,"['innovation', 'decision making', 'writing', 'interpersonal', 'collaboration', 'leadership', 'problem solving', 'communication', 'adaptability']"
Data and Analytics Manager,"['time management', 'analytical', 'attention to detail', 'strategic planning', 'critical thinking', 'leadership', 'problem solving', 'teamwork', 'communication', 'multi tasking']"
Data and Analytics Manager,"['supervisory', 'presentation', 'conflict resolution', 'decision making', 'critical thinking', 'interpersonal', 'training and development', 'leadership', 'problem solving', 'communication']"
Data and Analytics Manager,"['time management', 'innovation', 'detail oriented', 'continuous learning', 'problem solving', 'experimentation', 'communication', 'ambiguity adaptation']"
Data and Analytics Manager,"['attention to detail', 'interpersonal', 'initiative', 'integrity', 'relationship building', 'problem solving', 'teamwork', 'communication']"
Data and Analytics Manager,"['analytical', 'soft skills:', 'decision making', 'problem solving', 'leadership', 'mentoring', 'communication']"
Data and Analytics Manager,"['presentation', 'attention to detail', 'verbal and written communication', 'passion for improving healthcare', 'sense of humor', 'intellectual curiosity', 'strategic thinking', 'business storytelling', 'cross functional teamwork', 'adaptability']"
Data and Analytics Manager,"['team management', 'humor', 'presentation', 'storytelling', 'continued improvement', 'prioritization', 'big thinking', 'collaboration', 'creativity', 'mentorship', 'problem solving', 'training', 'client communication']"
Data and Analytics Manager,"['presentation', 'client engagement', 'relationship management', 'analytical aptitude', 'collaboration', 'strategic thinking', 'communication']"
Data and Analytics Manager,"['talent management', 'reporting', 'strategic planning', 'project management', 'collaboration', 'leadership', 'communication', 'data analysis']"
Data and Analytics Manager,"['strong communication', 'prioritization', 'innovation mindset', 'collaboration', 'interpersonal ability', 'client service orientation', 'leadership', 'problem solving', 'teamwork']"
Data and Analytics Manager,"['communication', 'visionary', 'strategic thinking', 'cross functional team collaboration', 'leadership', 'influential']"
Data and Analytics Manager,"['leadership', 'presentation', 'decision making', 'collaboration', 'strategic thinking', 'problem solving', 'communication']"
Data and Analytics Manager,"['communication', 'curiosity', 'consulting', 'strategic thinking']"
Data and Analytics Manager,"['team collaboration', 'project management', 'leadership', 'problem solving', 'communication']"
Data and Analytics Manager,"['influencing', 'decision making', 'relationship building', 'analytical problem solving', 'communication']"
Data and Analytics Manager,"['presentation', 'research', 'coaching', 'decision making', 'project management', 'process improvement', 'client service', 'leadership', 'problem solving', 'team mentoring', 'communication']"
Data and Analytics Manager,"['people management', 'troubleshooting', 'client interaction']"
Data and Analytics Manager,"['excellence in work', 'organizational', 'customer service orientation', 'service oriented mindset', 'diversity awareness', 'problem solving', 'teamwork', 'communication', 'adaptability']"
Data and Analytics Manager,"['team management', 'collaboration', 'budget management', 'analytical']"
Data and Analytics Manager,"['attention to detail', 'training and development', 'collaboration', 'relationship building', 'leadership', 'problem solving', 'communication', 'analytical thinking']"
Data and Analytics Manager,"['strategic thinking', 'conflict resolution', 'motivation', 'influence', 'collaboration', 'relationship building', 'leadership', 'communication', 'management/supervisory experience']"
Data and Analytics Manager,"['attention to detail', 'empathy', 'critical thinking', 'self motivation', 'collaboration', 'communication', 'adaptability']"
Data and Analytics Manager,"['prioritization', 'project management', 'collaboration', 'leadership', 'communication']"
Data and Analytics Manager,"['foresight', 'influencing', 'collaboration', 'relationship building', 'leadership', 'problem solving', 'communication']"
Data and Analytics Manager,"['resourcefulness', 'enthusiasm', 'innovation', 'creativity', 'positive attitude', 'problem solving', 'people oriented attitude', 'communication']"
Data and Analytics Manager,"['time management', 'passion for the brand', 'collaboration', 'leadership', 'problem solving', 'communication', 'analytical thinking', 'adaptability']"
Data and Analytics Manager,['entrepreneurial spirit']
Data and Analytics Manager,"['strong communication', 'listening', 'organizational', 'drive for result', 'process management', 'customer focus', 'results driven', 'negotiation', 'sense of humor', 'self knowledge', 'business coaching/consulting', 'problem solving', 'interpersonal']"
Data and Analytics Manager,"['soft skills problem solving', 'supervision', 'interpersonal', 'collaboration', 'negotiation', 'leadership', 'communication', 'adaptability']"
Data and Analytics Manager,"['client relationship management', 'people management', 'prioritization', 'project management', 'leadership', 'problem solving', 'communication', 'cross functional teamwork', 'adaptability']"
Data and Analytics Manager,"['partnership', 'humility', 'delegation', 'talent acquisition', 'feedback and development', 'prioritization', 'communication', 'visionary', 'leadership']"
Data and Analytics Manager,"['team development', 'coaching', 'communication', 'consultation', 'passion for customer advocacy', 'collaboration', 'strategic thinking', 'problem solving', 'leadership', 'analytical thinking']"
Data and Analytics Manager,"['attention to detail', 'customer focus', 'project management', 'creativity', 'initiative', 'problem solving', 'communication', 'confidence', 'critical evaluation', 'adaptability']"
Data and Analytics Manager,"['strategic planning', 'prioritization', 'business analysis', 'leadership', 'problem solving', 'communication']"
Data and Analytics Manager,"['storytelling with data', 'change management', 'analytical mindset', 'influence and persuasion', 'relationship building', 'strategic thinking', 'problem solving', 'communication']"
Data and Analytics Manager,"['innovation', 'decision making', 'project management', 'team leadership', 'business ownership', 'negotiation', 'communication', 'analytical thinking', 'strategic leadership']"
Data and Analytics Manager,"['collaboration', 'communication', 'relationship building']"
Data and Analytics Manager,"['team management', 'presentation', 'cross functional communication', 'soft', 'verbal communication', 'organizational', 'self motivation', 'communication', 'collaboration', 'written communication', 'strategic thinking', 'facilitation', 'leadership', 'flexibility']"
Data and Analytics Manager,"['decision making.', 'stakeholder management', 'attention to detail', 'collaboration', 'problem solving', 'communication']"
Data and Analytics Manager,"['time management', 'presentation', 'strategic planning', 'writing', 'collaboration', 'negotiation', 'leadership', 'communication', 'performance management']"
Data and Analytics Manager,"['strategic thinking', 'presentation', 'attention to detail', 'decision making', 'self development', 'proactive communication', 'leadership', 'teamwork', 'analytical thinking']"
Data and Analytics Manager,"['logical thinking', 'attention to detail', 'strong analytical', 'planning and organizational', 'problem solving', 'teamwork', 'communication']"
Data and Analytics Manager,"['communication', 'interpersonal', 'process orientation', 'project management']"
Data and Analytics Manager,"['accountability', 'attention to detail', 'initiative', 'teamwork', 'communication']"
Data and Analytics Manager,"['team management', 'time management', 'interpersonal', 'self motivation', 'relationship building', 'communication']"
Data and Analytics Manager,"['motivation', 'analytical', 'decision making', 'relationship building', 'leadership', 'communication']"
Data and Analytics Manager,"['analytical', 'entrepreneurial mindset', 'project management', 'communication', 'interpersonal']"
Data and Analytics Manager,"['thought leadership', 'communication', 'building strong relationship', 'strategic thinking']"
Data and Analytics Manager,"['effective communication', 'time management', 'change management', 'professionalism', 'drive for result', 'team development', 'analysis', 'initiative', 'organizational development', 'problem solving', 'teamwork', 'customer and client focus']"
Data and Analytics Manager,"['humor', 'strong storytelling ability', 'prioritization', 'big thinking', 'client service', 'collaboration', 'communication', 'continued improvement mindset', 'problem solving', 'leadership mentoring']"
Data and Analytics Manager,"['team development', 'mentorship', 'prioritization', 'communication and collaboration', 'strategic thinking', 'problem solving', 'leadership']"
Data and Analytics Manager,"['commercial awareness', 'conflict resolution', 'attention to detail', 'relationship management', 'inter personal', 'negotiating', 'decision making', 'collaboration', 'problem solving', 'communication']"
Data and Analytics Manager,"['organizational', 'multi tasking ability', 'influencing', 'self motivation', 'business growth focus', 'collaboration', 'relationship building', 'problem solving']"
Data and Analytics Manager,"['time management', 'strategic planning', 'leadership', 'problem solving', 'communication']"
Data and Analytics Manager,"['team management', 'strategic planning', 'process improvement', 'problem solving', 'quality assurance', 'leadership', 'mentoring', 'communication', 'organizational management', 'diversity and inclusion awareness']"
Data and Analytics Manager,"['customer service', 'strategic planning', 'continuous improvement', 'team leadership', 'relationship building', 'problem solving', 'communication']"
Data and Analytics Manager,"['time management', 'analytical', 'organization', 'research', 'client service', 'problem solving', 'communication', 'proactivity', 'teamwork/collaboration']"
Data and Analytics Manager,"['strategic thinking and planning', 'motivational', 'coaching', 'project management', 'collaboration', 'interpersonal communication', 'and teaching', 'written and oral communication']"
Data and Analytics Manager,"['training and mentoring', 'attention to detail', 'organizational', 'relationship management', 'influencing', 'project management', 'self motivation', 'teamwork', 'interpersonal', 'stakeholder engagement']"
Data and Analytics Manager,"['team management', 'supervisory', 'coaching and development', 'change management', 'continuous improvement', 'decision making', 'collaboration', 'leadership', 'problem solving', 'strategic advisory', 'communication']"
Database Administrator,"['customer service', 'time management', 'attention to detail', 'organizational', 'professionalism', 'communication', 'team oriented']"
Database Administrator,"['cross functional teamwork', 'structured thinking', 'understanding of documentation importance']"
Database Administrator,"['dedication', 'attention to detail', 'problem solving', 'teamwork', 'communication', 'organization']"
Database Administrator,"['problem solving', 'analytical']"
Database Administrator,"['customer service', 'time management', 'problem analysis', 'project management', 'teamwork', 'communication', 'adaptability']"
Database Administrator,"['time management', 'attention to detail', 'strong organizational', 'sound judgment', 'initiative', 'collaboration and teamwork', 'flexibility']"
Database Administrator,"['creative thinking', 'detail oriented', 'multitasking', 'soft skills: organization', 'problem solving', 'teamwork', 'communication']"
Database Administrator,"['customer service', 'conflict resolution', 'teamwork', 'interpersonal', 'flexibility', 'adaptability']"
Database Administrator,"['time management', 'critical thinking', 'mentorship', 'problem solving', 'communication']"
Database Administrator,"['problem solving', 'collaboration', 'continuous learning', 'documentation']"
Database Administrator,"['team management', 'time management', 'planning', 'problem solving', 'training', 'communication']"
Database Administrator,"['and vocabulary.', 'punctuation', 'spelling']"
Database Administrator,"['customer service', 'communication (written and verbal)', 'confidence', 'time management', 'attention to detail', 'adaptability', 'decision making', 'initiative', 'solution oriented', 'leadership', 'problem solving', 'teamwork', 'flexibility', 'organization']"
Database Administrator,"['analytical', 'verbal and written communication', 'training and development', 'problem solving', 'teamwork']"
Database Administrator,"['customer service', 'analytical', 'attention to detail', 'organizational', 'independence', 'prioritization', 'collaboration', 'teamwork']"
Database Administrator,"['time management', 'advising', 'community outreach', 'counseling', 'problem solving', 'teamwork', 'communication']"
Database Administrator,"['proactiveness', 'accountability', 'continuous improvement', 'initiative', 'engagement', 'teamwork', 'communication']"
Database Administrator,"['planning', 'advising', 'interpersonal', 'problem solving', 'communication']"
Database Administrator,"['deadline management', 'organizational', 'detail oriented', 'prioritization', 'confidentiality', 'multi tasking']"
Database Administrator,"['organizational', 'technical leadership', 'problem solving', 'teamwork', 'communication']"
Database Administrator,"['time management', 'facilitation and teaching', 'analytical', 'results oriented', 'independent judgment']"
Database Administrator,"['strong communication', 'ability to prioritize task', 'ability to work independently', 'attention to detail', 'organizational', 'excellent interpersonal', 'problem solving', 'teamwork', 'adaptability']"
Database Administrator,"['time management', 'collaboration', 'problem solving', 'teamwork', 'communication']"
Database Administrator,"['communication (written and verbal)', 'time management', 'attention to detail', 'critical thinking', 'collaboration', 'problem solving', 'documentation', 'adaptability']"
Database Administrator,"['analytical', 'team player', 'collaboration', 'initiative', 'problem solving', 'goal oriented', 'communication']"
Database Administrator,"['customer service', 'time management', 'attention to detail', 'communication', 'organization']"
Database Administrator,"['ability to work remotely', 'time management', 'organizational', 'collaboration', 'attention to accuracy', 'communication', 'sensitivity handling sensitive information']"
Database Administrator,"['problem solving', 'team leadership', 'collaboration', 'training and development', 'mentoring', 'communication', 'proactivity']"
Database Administrator,"['ability to work independently', 'time management', 'attention to detail', 'organizational', 'public speaking', 'problem solving', 'communication']"
Database Administrator,"['record keeping', 'time management', 'commitment to quality service', 'teamwork', 'communication']"
Database Administrator,"['multitasking ability', 'analytical', 'excellent communication', 'detail orientation', 'adaptability', 'self motivation', 'responsiveness', 'initiative', 'negotiation', 'confidentiality', 'reliability', 'organization']"
Database Administrator,"['time management', 'independence', 'leadership', 'problem solving', 'teamwork', 'communication', 'analytical thinking']"
Database Administrator,"['attention to detail', 'innovation', 'professionalism', 'ethical behavior', 'written communication', 'problem solving', 'interpersonal', 'analytical thinking', 'oral communication']"
Database Administrator,"['customer service orientation', 'compassion', 'ace factor (attitude', 'and enthusiasm)', 'can do attitude']"
Database Administrator,"['attention to detail', 'professionalism', 'organization.', 'initiative', 'discretion', 'problem solving', 'confidentiality', 'multitasking', 'communication']"
Database Administrator,"['initiative', 'organizational', 'verbal and written communication']"
Database Administrator,"['communication', 'training', 'budgeting', 'team problem solving']"
Database Administrator,"['time management', 'critical thinking', 'self motivation', 'communication', 'problem solving', 'teamwork', 'customer interaction', 'adaptability']"
Database Administrator,"['customer service orientation', 'team player', 'problem solving and analysis', 'flexibility', 'continuous improvement mindset']"
Database Administrator,"['time management', 'attention to detail', 'problem solving', 'teamwork', 'communication']"
Database Administrator,"['time management', 'accountability', 'ownership', 'adaptability', 'project management', 'problem solving', 'communication', 'organization']"
Database Administrator,"['problem solving', 'collaboration', 'communication', 'attention to detail']"
Database Administrator,"['training', 'communication']"
Database Administrator,"['time management', 'administrative support', 'attention to detail', 'trustworthiness', 'adaptability', 'interpersonal', 'flexibility', 'organization']"
Database Administrator,"['attention to detail', 'project management', 'collaboration', 'negotiation', 'communication']"
Database Administrator,"['time management', 'prioritization', 'process improvement', 'interpersonal', 'collaboration', 'relationship building', 'problem solving', 'communication', 'organization']"
Database Administrator,"['business process improvement', 'verbal communication', 'strategic planning', 'consulting for solution', 'communication for impact', 'turning data into information', 'customer education', 'written communication', 'service discipline', 'reasoned judgment']"
Database Administrator,"['attention to detail', 'interpersonal', 'mentoring', 'problem solving', 'teamwork', 'communication', 'flexibility', 'organization']"
Database Administrator,"['problem solving', 'development tool usage', 'communication', 'code writing']"
Database Administrator,"['monitoring', 'capacity planning', 'influence', 'collaboration', 'passion for', 'troubleshooting', 'agile development', 'problem solving', 'communication']"
Database Administrator,"['collaboration', 'teamwork', 'communication', 'knowledge sharing']"
Database Administrator,"['stakeholder management', 'team collaboration', 'operational mindset', 'relationship building', 'problem solving', 'communication', 'flexibility', 'documentation']"
Database Administrator,"['attention to detail', 'clerical/administrative experience', 'interpersonal', 'multitasking', 'communication', 'organization']"
Database Administrator,"['communication', 'project management']"
Database Administrator,"['customer service', 'prioritize task', 'work under pressure', 'communication', 'adaptability']"
Database Administrator,"['effective communication', 'extreme attention to detail', 'high quality work', 'ownership of process', 'prioritization', 'adherence to tight timeline', 'self supervision', 'adaptability to changing schedule', 'multitasking and priority management', 'organization']"
Database Administrator,"['guidance', 'decision making', 'project management', 'collaboration', 'consultation', 'troubleshooting', 'leadership', 'problem solving', 'communication', 'analytical thinking']"
Database Administrator,"['quick learner', 'attention to detail', 'organizational', 'strong business acumen', 'multitasking', 'communication', 'adaptability']"
Database Administrator,"['time management', 'attention to detail', 'critical thinking', 'problem solving', 'teamwork', 'communication', 'self improvement', 'adaptability']"
Database Administrator,"['customer service', 'time management', 'attention to detail', 'collaboration', 'problem solving', 'teamwork', 'communication', 'flexibility']"
Database Administrator,"['time management', 'analytical', 'attention to detail', 'organizational', 'verbal and written communication', 'problem solving', 'teamwork']"
Database Administrator,"['flexibility in work hour', 'attention to detail']"
Database Administrator,"['written', 'proactive problem solving', 'mentoring', 'communication', 'team oriented']"
Database Administrator,"['resourcefulness', 'team player', 'highly organized', 'prioritization', 'communication']"
Database Administrator,"['motivated', 'quick learning', 'professionalism', 'highly organized', 'prioritization', 'diversity and inclusivity awareness', 'ability to multitask', 'adaptability']"
Database Administrator,"['problem solving', 'operations management', 'communication', 'customer service']"
Database Administrator,"['communication', 'troubleshooting', 'project management']"
Database Administrator,"['project planning and management', 'team leadership', 'collaboration', 'strategic thinking', 'communication']"
Database Administrator,"['communication', 'prioritization', 'organizational']"
Database Administrator,"['problem solving ability', 'independence in problem resolution', 'leadership in project', 'detailed analysis', 'analytical thinking', 'trend identification']"
Database Administrator,"['work ethic', 'professionalism', 'calmness', 'independence', 'detail oriented', 'self motivation', 'communication']"
Database Administrator,"['time management', 'presentation', 'attention to detail', 'project management', 'problem solving', 'teamwork', 'communication', 'flexibility']"
Database Administrator,"['strong communication', 'team player', 'problem solving']"
Database Administrator,"['time management', 'analytical', 'attention to detail', 'strategic planning', 'decision making', 'collaboration', 'problem solving', 'teamwork', 'communication', 'adaptability']"
Database Administrator,"['creativity', 'time management', 'attention to detail']"
Database Administrator,"['documenting processes and procedure', 'attention to detail', 'excellent communication', 'ethical conduct and integrity']"
Database Administrator,"['motivated', 'independence', 'problem solving', 'teamwork', 'communication', 'documentation']"
Database Administrator,['communication']
Database Administrator,"['team player', 'initiative', 'organization and planning']"
Database Administrator,"['customer service', 'time management', 'attention to detail', 'critical thinking', 'multitasking', 'leadership', 'problem solving', 'teamwork', 'communication', 'adaptability']"
Database Administrator,"['attention to detail', 'decision making', 'collaboration', 'problem solving', 'teamwork', 'communication']"
Database Administrator,"['passion for data', 'time management', 'detail oriented', 'collaboration', 'solution focused', 'problem solving', 'fast paced environment', 'communication']"
Database Administrator,"['technical recommendation', 'system monitoring', 'technical knowledge sharing', 'collaboration', 'information security practice', 'troubleshooting', 'system maintenance', 'communication', 'project planning', 'backup and recovery']"
Database Administrator,"['communication', 'attention to detail', 'organizational']"
Database Administrator,"['attention to detail', 'prioritization', 'problem solving', 'teamwork', 'communication', 'organization']"
Database Administrator,"['problem solving', 'interpersonal communication', 'flexibility and proactivity', 'attention to detail']"
Database Administrator,"['customer communication', 'effective collaboration', 'project planning and implementation', 'organizational']"
Database Administrator,"['attention to detail', 'negotiation', 'problem solving', 'teamwork', 'communication']"
Database Administrator,"['troubleshooting', 'teamwork', 'communication', 'soft skills:']"
Database Administrator,"['customer service', 'time management', 'team collaboration', 'organizational', 'event planning', 'leadership', 'problem solving', 'communication']"
Database Administrator,"['self motivated', 'highly organized', 'detail oriented', 'subject matter expertise sharing', 'client/internal focus', 'teamwork']"
Database Administrator,"['verbal and written communication', 'prioritization', 'collaboration', 'technical documentation', 'adaptability']"
Database Administrator,"['team collaboration', 'attention to detail', 'organizational', 'relationship management', 'self motivation', 'communication', 'interpersonal']"
Database Administrator,"['customer service', 'goal oriented', 'efficient work practice', 'attention to detail', 'organizational', 'decision making', 'safe work practice', 'safety awareness', 'creativity', 'on call support', 'problem solving', 'confidentiality', 'teamwork', 'communication', 'adaptability']"
Database Administrator,"['customer service', 'privacy and confidentiality', 'attention to detail', 'patience', 'organizational', 'sound judgment', 'prioritization', 'project management', 'interpersonal']"
Database Administrator,"['time management', 'attention to detail', 'prioritization', 'judgement', 'self motivation', 'teamwork', 'communication', 'flexibility']"
Database Administrator,"['problem solving', 'collaboration', 'communication', 'continuous learning']"
Database Administrator,"['analytical', 'collaborative', 'project management', 'problem solving', 'communication', 'documentation']"
Database Administrator,"['loyalty', 'customer service', 'work ethic', 'time management', 'positive attitude', 'integrity', 'problem solving', 'teamwork', 'communication', 'adaptability']"
Database Administrator,"['customer service', 'accountability', 'process development', 'critical thinking', 'problem solving', 'teamwork', 'communication']"
Database Administrator,"['customer service', 'time management', 'planning', 'collaboration', 'adaptable', 'proactive', 'continuous learning', 'problem solving', 'teamwork', 'communication', 'documentation']"
Database Administrator,"['team collaboration', 'attention to detail', 'organizational', 'relationship management', 'independence', 'self motivation', 'written and verbal communication', 'interpersonal', 'adaptability']"
Database Administrator,"['attention to detail', 'innovation', 'customer service excellence', 'project management', 'positive attitude', 'continuous learning', 'problem solving', 'teamwork', 'communication']"
Database Administrator,"['resourcefulness', 'time management', 'attention to detail', 'organizational', 'team player', 'research', 'prioritization', 'self motivation', 'problem solving', 'communication']"
Database Administrator,"['problem solving', 'teamwork', 'communication']"
Database Administrator,"['problem solving', 'communication']"
Database Administrator,"['problem solving', 'teamwork', 'adaptability', 'self motivated']"
Database Administrator,[]
Database Administrator,"['analytical', 'technical infrastructure design', 'problem solving', 'teamwork', 'communication', 'willingness to travel']"
Database Administrator,"['problem solving', 'communication']"
Database Administrator,"['communication', 'analytical', 'attention to detail']"
Database Administrator,"['strong customer service', 'reporting', 'prioritization', 'project management', 'training and documentation', 'problem solving', 'communication']"
Database Administrator,"['collaboration', 'training', 'communication']"
Database Administrator,"['attention to detail', 'communication', 'leadership', 'problem solving', 'interpersonal']"
Database Administrator,"['customer service', 'time management', 'attention to detail', 'teamwork', 'organizational', 'multitasking']"
Database Administrator,"['passion for the mission', 'attention to detail', 'decision making', 'problem solving', 'teamwork', 'communication']"
Database Administrator,"['professionalism', 'attention to detail', 'independence', 'collaboration', 'communication', 'supervision']"
Database Administrator,"['flexibility in work schedule', 'on call availability', 'capacity planning']"
Database Administrator,"['customer service', 'attention to detail', 'professionalism', 'communication', 'problem solving', 'interpersonal']"
Database Administrator,"['problem solving', 'collaboration', 'communication', 'mentorship']"
Deep Learning,"['teamwork', 'mentorship', 'leadership']"
Deep Learning,"['design and code review', 'inclusive and diverse mindset', 'equal opportunity mindset']"
Deep Learning,"['collaboration', 'creativity']"
Deep Learning,"['aptitude for continuous improvement', 'excellent communication', 'highly organized', 'customer obsession']"
Deep Learning,"['coaching and mentoring', 'organizational and prioritization']"
Deep Learning,"['customer service', 'flexibility', 'attention to detail']"
Deep Learning,"['team player', 'strong organizational', 'curiosity and innovation', 'collaboration', 'good communication']"
Deep Learning,"['time management', 'attention to detail', 'organizational', 'teamwork', 'communication']"
Deep Learning,"['team collaboration', 'sales expertise', 'innovative thinking', 'customer service orientation', 'trust building', 'influence and persuasion', 'leadership', 'problem solving', 'business acumen', 'adaptability']"
Deep Learning,"['customer service', 'time management', 'problem solving', 'teamwork', 'communication']"
Deep Learning,"['teamwork', 'communication', 'training and mentoring', 'attention to detail']"
Deep Learning,"[') organizational', ') interpersonal', ') collaboration', ') communication']"
Deep Learning,"['strong communication', 'passion for', 'customer service orientation']"
Deep Learning,"['team collaboration', 'prioritization', 'trust building', 'flexibility', 'customer relationship management', 'problem solving', 'communication', 'multi tasking', 'adaptability']"
Deep Learning,"['motivated', 'attention to detail', 'performance driven', 'collaboration', 'creativity', 'proactive', 'relationship building']"
Deep Learning,"['guidance', 'insight', 'innovation', 'collaboration', 'organizing']"
Deep Learning,"['strategic planning', 'public speaking', 'customer focus', 'collaboration', 'relationship building', 'leadership', 'problem solving', 'communication']"
Deep Learning,"['teamwork', 'communication', 'flexibility', 'relationship building']"
Deep Learning,"['time management', 'attention to detail', 'physical fitness', 'teamwork', 'adaptability']"
Deep Learning,"['problem solving', 'teamwork', 'communication', 'analytical']"
Deep Learning,"['collaboration', 'teamwork', 'communication']"
Deep Learning,"['professionalism', 'project management', 'collaboration', 'communication (written and oral)', 'continuous learning orientation', 'leadership', 'teamwork', 'interpersonal', 'adaptability']"
Deep Learning,"['training and coaching', 'leadership', 'problem solving', 'communication', 'adaptability']"
Deep Learning,"['work ethic', 'time management', 'presentation', 'interpersonal', 'collaboration', 'leadership', 'problem solving', 'communication', 'business judgement', 'adaptability']"
Deep Learning,"['collaboration', 'leadership', 'problem solving', 'communication', 'diversity and inclusion awareness', 'organization']"
Deep Learning,"['attention to detail', 'curiosity', 'creativity', 'consultation', 'relationship building', 'problem solving', 'communication', 'confidence', 'adaptability']"
Deep Learning,"['critical thinking', 'time management', 'attention to detail']"
Deep Learning,"['problem solving', 'communication', 'collaborative', 'analytical']"
Deep Learning,"['patience', 'empathy', 'soft skills: communication', 'teamwork', 'flexibility']"
Deep Learning,"['attention to detail', 'advocacy', 'interpersonal', 'relationship building', 'strategic thinking', 'teamwork', 'communication', 'organization']"
Deep Learning,"['customer service', 'flexibility in schedule']"
Deep Learning,"['planning', 'logistics', 'leadership', 'problem solving', 'communication', 'interpersonal relationship']"
Deep Learning,"['relationship management', 'problem solving', 'collaboration', 'communication', 'strategic thinking', 'creative solution', 'leadership']"
Deep Learning,"['customer obsession', 'drive for result', 'influencing for impact', 'collaboration', 'adaptability']"
Deep Learning,['communication']
Deep Learning,"['customer service', 'patient centric mindset', 'organizational', 'collaboration', 'integrity', 'learning agility', 'sales proficiency', 'problem solving', 'teamwork', 'adaptability']"
Deep Learning,"['creativity', 'leadership', 'problem solving', 'communication', 'adaptability']"
Deep Learning,"['innovation', 'continuous improvement', 'relationship management', 'organizational', 'prioritization', 'collaboration', 'creativity', 'strategic thinking', 'communication']"
Deep Learning,"['autonomous working', 'leadership', 'mentoring', 'teamwork', 'communication']"
Deep Learning,"['time management', 'collaboration', 'mentorship', 'problem solving', 'teamwork', 'communication']"
Deep Learning,"['change management', 'employee relation', 'coaching', 'leadership', 'problem solving', 'teamwork', 'communication']"
Deep Learning,"['customer service', 'developing strong relationship', 'adaptability', 'self development', 'continuous learning', 'teamwork', 'communication', 'flexibility', 'inspiring customer', 'selling']"
Deep Learning,"['teamwork', 'communication', 'collaborative', 'creative problem solving']"
Deep Learning,"['coaching', 'problem solving', 'teamwork', 'communication', 'flexibility']"
Deep Learning,"['teamwork', 'communication', 'flexibility']"
Deep Learning,"['customer centric approach', 'problem solving', 'teamwork', 'communication', 'flexibility']"
Deep Learning,"['customer service', 'time management', 'prioritization', 'problem solving', 'teamwork', 'communication', 'flexibility', 'cross functional collaboration', 'strong relationship building']"
Deep Learning,"['team management', 'data manipulation']"
Deep Learning,"['solution driven', 'conflict resolution', 'analytical', 'self motivated', 'strong organizational', 'multi tasking ability', 'judgement', 'project management', 'creativity', 'integrity', 'problem solving', 'confidentiality', 'teamwork', 'communication', 'flexibility']"
Deep Learning,"['customer service', 'relationship management', 'detail oriented', 'self driven', 'leadership', 'problem solving', 'teamwork', 'communication']"
Deep Learning,"['time management', 'attention to detail', 'curiosity', 'innovation', 'relationship building', 'teamwork', 'communication']"
Deep Learning,"['customer service', 'physical strength', 'teamwork', 'flexibility']"
Deep Learning,"['customer service', 'attention to detail', 'problem solving', 'teamwork', 'communication', 'flexibility']"
Deep Learning,"['ownership', 'innovation', 'critical thinking', 'responsibility', 'problem solving', 'teamwork', 'communication', 'adaptability']"
Deep Learning,"['customer service', 'attention to detail', 'multicultural competence', 'communication', 'teamwork', 'interpersonal']"
Deep Learning,"['excellent communication', 'attention to detail', 'strong customer service']"
Deep Learning,"['leadership', 'curiosity', 'innovation', 'collaboration', 'strategic thinking', 'problem solving', 'communication', 'adaptability']"
Deep Learning,"['empathetic', 'ego free', 'excellent communication', 'organized', 'team player', 'research', 'hard working', 'detail oriented', 'problem solving', 'positive attitude', 'self starter', 'willingness to learn', 'driven']"
Deep Learning,"['time management', 'collaboration', 'leadership', 'communication', 'proactivity', 'adaptability']"
Deep Learning,"['conflict resolution', 'resilience', 'professionalism', 'coaching', 'influencing', 'decision making', 'relationship building', 'strategic thinking', 'communication', 'analytical thinking', 'adaptability']"
Deep Learning,"['customer obsession', 'verbal and written communication', 'attention to detail', 'drive for result', 'fast paced environment management', 'empathy', 'collaboration', 'problem solving', 'team orientation', 'adaptability']"
Deep Learning,"['publication track record', 'attention to detail', 'curiosity', 'experimental design', 'research rigor', 'diversity awareness', 'problem solving', 'communication', 'analytical thinking']"
Deep Learning,['good communication']
Deep Learning,"['time management', 'professionalism', 'collaboration', 'teamwork', 'flexibility']"
Deep Learning,"['customer service', 'team management', 'coaching', 'soft skills:', 'leadership', 'communication', 'interpersonal relationship']"
Deep Learning,"['coaching', 'influencing', 'collaboration', 'relationship building', 'leadership', 'problem solving', 'communication', 'cultural awareness', 'adaptability']"
Deep Learning,"['customer service', 'results orientation', 'organizational ability', 'energetic and entrepreneurial spirit', 'relationship building', 'multi tasking', 'proactive planning']"
Deep Learning,"['change management', 'coaching', 'leadership', 'problem solving', 'teamwork', 'communication']"
Deep Learning,"['common sense', 'collaboration', 'creativity', 'initiative', 'continuous learning', 'leadership', 'problem solving']"
Deep Learning,"['time management', 'attention to detail', 'soft skills:', 'teamwork', 'communication']"
Deep Learning,"['seeking feedback', 'coaching', 'strong interpersonal communication', 'empathy', 'going ""over and above""', 'passion for', 'learning agility']"
Deep Learning,"['detail oriented', 'strong interpersonal', 'ability to learn continuously', 'ability to work collaboratively', 'policy minded', 'optimistic attitude']"
Deep Learning,"['action oriented mindset', 'organizational', 'creative problem solving', 'prioritization', 'interpersonal']"
Deep Learning,"['team player', 'image processing expertise']"
Deep Learning,"['good communication', 'soft skills:', 'ability to multi task', 'organization']"
Deep Learning,"['presentation', 'training leadership', 'collaboration', 'relationship building', 'communication']"
Deep Learning,"['calmness under pressure', 'brand ambassadorship', 'leadership', 'teamwork', 'adaptability']"
Deep Learning,"['presentation', 'deadline management', 'collaboration', 'problem solving', 'communication', 'adaptability']"
Deep Learning,"['customer service', 'physical strength', 'time management', 'attention to detail', 'teamwork', 'flexibility']"
Deep Learning,"['presentation', 'travel flexibility', 'leadership development', 'relationship building', 'problem solving', 'communication', 'analytical thinking']"
Deep Learning,"['partner ecosystem engagement', 'territory planning', 'team leadership', 'customer relationship building', 'collaboration', 'communication', 'continuous learning and growth', 'sales forecasting', 'account management']"
Deep Learning,"['strong communication', 'trusted advisor', 'strong customer relationships development', 'flexibility in work schedule', 'fast and accurate processing', 'prioritization and multi tasking', 'partnering with other employee', 'problem solving']"
Deep Learning,"['customer relationship building', 'teamwork', 'communication', 'adaptability']"
Deep Learning,"['curiosity', 'organizational', 'deadline oriented', 'adaptive writing style', 'visual design sense', 'creativity', 'impeccable grammar']"
Deep Learning,"['action oriented', 'leadership', 'analytical', 'creativity', 'relationship building', 'strategic thinking', 'problem solving', 'teamwork', 'communication', 'adaptability']"
Deep Learning,"['analytical', 'motivation', 'innovation', 'learning mindset', 'problem solving', 'teamwork', 'communication']"
Deep Learning,"['teamwork', 'communication', 'flexibility']"
Deep Learning,"['customer service', 'empathy', 'collaboration', 'problem solving', 'communication', 'results driven attitude', 'adaptability']"
Deep Learning,"['customer service', 'sales performance', 'team collaboration', 'business analytical', 'patient centric mindset', 'product launch experience', 'organizational', 'integrity', 'learning agility', 'communication']"
Deep Learning,"['trusted advisor', 'prioritization', 'customer relationship building', 'problem solving', 'teamwork', 'communication', 'flexibility', 'adaptability']"
Deep Learning,"['strong organizational', 'soft skills:']"
Deep Learning,"['working with diverse population', 'time management', 'motivation', 'teamwork', 'collaboration', 'leadership', 'multitasking', 'communication', 'organization']"
Deep Learning,"['coaching and development', 'analytical', 'accountability', 'influencing', 'decision making', 'critical thinking', 'integrity', 'relationship building', 'business acumen', 'communication', 'emotional intelligence']"
Deep Learning,['communication']
Deep Learning,"['ethical standard', 'leadership', 'conflict resolution', 'adaptability', 'collaboration', 'trust building', 'negotiation', 'persuasion', 'communication', 'management']"
Deep Learning,"['customer service', 'time management', 'resilience', 'goal setting', 'leadership', 'coaching and mentoring', 'teamwork', 'communication', 'salesmanship', 'adaptability']"
Deep Learning,"['team management', 'stakeholder management', 'organizational', 'critical thinking', 'collaboration', 'creativity', 'strategic thinking', 'problem solving', 'communication', 'international travel willingness', 'adaptability']"
Deep Learning,"['team player', 'organizational', 'attention to detail', 'safety awareness']"
Deep Learning,"['analytical', 'research', 'collaboration', 'continuous learning', 'business acumen', 'communication']"
Deep Learning,"['attention to detail', 'collaboration', 'creativity', 'teamwork', 'communication', 'adaptability']"
Deep Learning,"['training and knowledge sharing', 'presentation', 'customer experience focus', 'risk assessment', 'decision making', 'self motivation', 'teamwork', 'communication', 'proactivity']"
Deep Learning,"['interpersonal', 'creative and innovative thinking']"
Deep Learning,"['commitment to core value', 'client focus', 'strong business fundamentals understanding', 'event planning', 'open communication environment', 'project management', 'interpersonal', 'technology expertise', 'collaboration', 'articulation of result', 'organizational savvy', 'relationship building', 'business acumen', 'communication']"
Deep Learning,"['interpersonal', 'collaboration', 'creativity', 'relationship building', 'problem solving', 'communication']"
Deep Learning,"['problem solving', 'communication', 'coaching/training', 'leadership']"
Deep Learning,"['attention to detail', 'safety consciousness']"
Deep Learning,"['fast paced environment', 'communication', 'collaboration']"
Deep Learning,"['customer service', 'problem solving', 'teamwork', 'communication', 'flexibility']"
Deep Learning,"['strong customer relationship building', 'trusted advisor', 'prioritization and multitasking', 'professional communication', 'problem solving', 'teamwork', 'flexibility', 'adaptability']"
Deep Learning,"['strategic thinking', 'customer service', 'teamwork', 'creativity', 'relationship building', 'leadership', 'problem solving', 'consultative selling', 'communication', 'adaptability']"
Deep Learning,"['customer service', 'teamwork', 'coaching', 'problem solving', 'multitasking', 'communication']"
Deep Learning,"['time management', 'communication', 'problem solving', 'teamwork', 'customer interaction', 'flexibility']"
Deep Learning,"['creative thinking', 'problem solving ability', 'mentorship', 'thought leadership', 'scientific thinking']"
Deep Learning,"['determination', 'time management', 'soft skills:', 'drive', 'relationship building', 'problem solving', 'commitment to excellence', 'teamwork', 'communication', 'adaptability']"
Deep Learning,"['time management', 'attention to detail', 'physical strength and stamina', 'safety consciousness', 'teamwork', 'communication', 'adaptability']"
Deep Learning,"['task management', 'independence', 'critical thinking', 'creativity', 'initiative', 'problem solving', 'teamwork', 'communication', 'adaptability']"
Deep Learning,"['time management', 'relationship building', 'teamwork', 'communication', 'courteous attitude', 'adaptability']"
Deep Learning,"['down to earth', ""play hard' mentality"", ""and 'work hard"", 'outgoing and internally motivated', 'energetic and entrepreneurial spirit', 'fun', 'relationship building', 'results oriented self starter', 'multi tasking and prioritization']"
Deep Learning,"['time management', 'presentation', 'team collaboration', 'passion for education', 'verbal communication', 'building partnership', 'disruptive change drive', 'written communication', 'strategic thinking', 'problem solving', 'multi tasking']"
Full Stack Developer,"['problem solving ability', 'attention to detail', 'excellent communication', 'collaboration with team member']"
Full Stack Developer,"['innovation', 'decision making', 'collaboration', 'creativity', 'initiative', 'leadership', 'problem solving', 'communication']"
Full Stack Developer,['team player']
Full Stack Developer,"['fiscal responsibility', 'project estimation', 'value addition', 'independent work', 'soft skills:', 'collaboration', 'release planning', 'problem solving', 'business acumen', 'communication', 'documentation']"
Full Stack Developer,['effective time management']
Full Stack Developer,"['project lifecycle understanding', 'team collaboration', 'attention to detail', 'self motivated', 'self directedness', 'communication', 'problem solving', 'interpersonal']"
Full Stack Developer,"['strong communication', 'comfortable working independently', 'design sensibility', 'self starter', 'excellent attention to detail']"
Full Stack Developer,"['team player', 'strong written communication', 'strong verbal communication']"
Full Stack Developer,"['planning', 'organizational', 'leadership', 'problem solving', 'communication']"
Full Stack Developer,"['problem solving', 'analytical', 'strong communication']"
Full Stack Developer,"['goal oriented', 'strong written communication', 'ownership', 'self motivated', 'self starter', 'mindfulness', 'decision making', 'pragmatism', 'discerning about engineering culture', 'product focused', 'autonomy', 'video chat)', 'care about company mission', 'excellence', 'polyglot experience']"
Full Stack Developer,"['good communication', 'ability to work independently', 'strong analytical']"
Full Stack Developer,"['strong communication', 'comfortable working independently', 'design sensibility', 'excellent attention to detail', 'adaptability']"
Full Stack Developer,"['attention to detail', 'team player', 'fluency in english', 'open to challenge', 'independent working', 'willingness to learn']"
Full Stack Developer,"['attention to detail', 'collaboration', 'product oriented mindset', 'problem solving', 'communication']"
Full Stack Developer,"['drive for result', 'self organizing', 'initiative', 'teamwork', 'communication']"
Full Stack Developer,"['creative thinking', 'team player', 'project management', 'good communication', 'willingness to learn']"
Full Stack Developer,"['attention to detail', 'curiosity', 'collaboration', 'passion for building product', 'problem solving', 'teamwork', 'adaptability']"
Full Stack Developer,"['motivation', 'curiosity', 'collaboration', 'continuous learning', 'problem solving', 'communication']"
Full Stack Developer,"['and data', 'passionate for', 'software']"
Full Stack Developer,"['organized', 'team player', 'hard working', 'energetic', 'enthusiastic', 'sense of humor', 'inspired by mission', 'autonomy', 'willingness to learn', 'disciplined']"
Full Stack Developer,"['problem solving', 'teamwork', 'communication', 'innovation']"
Full Stack Developer,"['attention to detail', 'collaboration', 'creativity', 'problem solving', 'communication']"
Full Stack Developer,"['communication', 'presentation']"
Full Stack Developer,"['teamwork', 'communication', 'strong working knowledge']"
Full Stack Developer,"['sprint planning', 'automated testing', 'agile software development practice', 'understanding of business outcome', 'service design', 'problem solving', 'continuous innovation', 'user experience practice', 'solution design']"
Full Stack Developer,"['motivated', 'efficient', 'well organized', 'team player', 'prioritization', 'problem solving']"
Full Stack Developer,"['problem solving', 'teamwork', 'communication']"
Full Stack Developer,"['work independently', 'detail oriented', 'collaboration', 'troubleshooting', 'problem solving', 'communication', 'diagnostic']"
Full Stack Developer,"['independent worker', 'team player', 'detail oriented', 'fluency in english', 'open to challenge', 'continuous learning mindset']"
Full Stack Developer,"['client engagement', 'travel availability', 'diversity awareness', 'collaboration', 'business sensibility', 'problem solving', 'teamwork', 'communication', 'client communication']"
Full Stack Developer,"['soft skills:', 'collaboration', 'learning agility', 'problem solving', 'communication']"
Full Stack Developer,"['time management', 'conflict resolution', 'analytical', 'self motivation', 'collaboration', 'problem solving', 'teamwork', 'communication']"
Full Stack Developer,"['ownership mentality', 'self motivation', 'collaboration', 'problem solving', 'communication']"
Full Stack Developer,"['self management', 'communication']"
Full Stack Developer,"['ba/bs degree', 'communication', 'ethical behavior and integrity']"
Full Stack Developer,"['leadership', 'problem solving', 'teamwork', 'communication', 'analytical thinking']"
Full Stack Developer,"['communication', 'interpersonal']"
Full Stack Developer,"['project support', 'knowledge management', 'solution conceptualization', 'asset development and governance', 'enterprise asset assessment', 'training & mentoring', 'business development support', 'solution definition and design']"
Full Stack Developer,['leadership']
Full Stack Developer,"['teamwork', 'coaching', 'collaboration', 'problem solving', 'willingness to learn', 'communication']"
Full Stack Developer,"['time management', 'proactive working', 'problem solving', 'teamwork', 'communication']"
Full Stack Developer,"['problem solving', 'communication', 'team collaboration', 'innovation']"
Full Stack Developer,"['decision making aptitude', 'learning agility']"
Full Stack Developer,"['meeting deadline', 'technical design documentation', 'team player', 'understanding business requirement', 'test driven development concept', 'oral and written communication', 'leadership']"
Full Stack Developer,"['time management', 'analytical', 'collaboration', 'communication', 'problem solving', 'requirements translation', 'interpersonal']"
Full Stack Developer,"['attention to detail', 'collaboration', 'creativity', 'problem solving', 'communication']"
Full Stack Developer,"['economic analysis', 'conflict resolution', 'innovation', 'influence', 'coaching', 'decision making', 'problem solving', 'results driven', 'collaboration', 'creativity', 'leadership', 'mentoring', 'teamwork', 'communication']"
Full Stack Developer,"['problem solving', 'creativity', 'teamwork', 'communication']"
Full Stack Developer,"['project management', 'collaboration', 'problem solving', 'teamwork', 'communication', 'documentation']"
Full Stack Developer,"['coaching', 'decision making', 'collaboration', 'creativity', 'leadership', 'problem solving', 'communication']"
Full Stack Developer,"['agility', 'collaboration', 'learning agility', 'problem solving', 'communication']"
Full Stack Developer,"['problem solving', 'collaboration', 'software architecture experience', 'passion for innovation']"
Full Stack Developer,"['motivated', 'efficient', 'well organized', 'team player', 'prioritization', 'problem solving']"
Full Stack Developer,"['attention to detail', 'independence', 'good communication', 'problem solving', 'teamwork']"
Full Stack Developer,"['customer satisfaction', 'analytical', 'excellent communication', 'organizational ability', 'collaboration', 'interpersonal']"
Full Stack Developer,"['cultural fit', 'detail oriented', 'collaboration', 'problem solving', 'communication', 'analytical thinking']"
Full Stack Developer,"['problem solving', 'creativity', 'communication', 'innovation']"
Full Stack Developer,"['leadership', 'time management', 'team collaboration', 'mentoring', 'problem solving', 'communication', 'adaptability']"
Full Stack Developer,"['presentation', 'process improvement', 'teaching and mentorship', 'collaboration', 'relationship building', 'documentation', 'passion for web development']"
Full Stack Developer,"['professionalism', 'leadership', 'problem solving', 'teamwork', 'communication', 'customer focused', 'adaptability']"
Full Stack Developer,"['teamwork', 'adaptability']"
Full Stack Developer,"['results orientation', 'innovation', 'nimble learning', 'interpersonal', 'self development', 'global perspective', 'collaboration', 'ambiguity management', 'communication', 'adaptability']"
Full Stack Developer,"['analytical', 'critical thinking', 'quality code writing', 'development best practice', 'problem solving', 'unit testing', 'communication']"
Full Stack Developer,"['critical thinking', 'collaboration', 'problem solving', 'teamwork', 'communication']"
Full Stack Developer,"['strong communication', 'time management', 'innovative thinking', 'agile development practice', 'detail oriented', 'collaboration', 'leadership', 'problem solving', 'adaptability']"
Full Stack Developer,"['meaningful work', 'friendliness', 'accountability', 'team player', 'hard working', 'collaboration', 'fun', 'transparency', 'customer focused']"
Full Stack Developer,"['innovation', 'collaboration', 'problem solving', 'communication', 'adaptability']"
Full Stack Developer,['user experience design']
Full Stack Developer,"['collaboration', 'self direction', 'problem solving', 'fast paced environment', 'communication', 'cross functional teamwork', 'adaptability']"
Full Stack Developer,"['api/microservices architecture', 'enterprise application design', 'requirement gathering', 'user interaction', 'problem solving', 'communication']"
Full Stack Developer,"['time management', 'problem solving', 'teamwork', 'communication', 'adaptability']"
Full Stack Developer,"['teamwork', 'pride in work', 'open to learning', 'experience', 'creativity', 'collaboration', 'mentoring', 'leadership', 'problem solving', 'experimentation', 'passion', 'communication', 'adaptability']"
Full Stack Developer,"['time management', 'attention to detail', 'collaboration', 'problem solving', 'communication', 'adaptability']"
Full Stack Developer,"['self driven', 'problem solving', 'teamwork', 'communication', 'adaptability']"
Full Stack Developer,"['leadership in issue resolution', 'team collaboration', 'problem solving', 'communication', 'adaptability']"
Full Stack Developer,"['motivated', 'performance minded', 'collaborative', 'critical thinking', 'communication']"
Full Stack Developer,"['strategic thinking', 'collaboration', 'continuous learning', 'leadership', 'problem solving', 'communication', 'adaptability']"
Full Stack Developer,"['open mindedness', 'career advancement', 'collaboration', 'leadership', 'problem solving']"
Full Stack Developer,"['excellent verbal', 'written', 'problem solving collaboratively']"
Full Stack Developer,"['leadership in agile squad', 'communication/presentation', 'decomposition of technical specification', 'agile methodology experience']"
Full Stack Developer,"['strong communication', 'fast learner', 'innovation', 'passion for software engineering', 'collaboration', 'goal oriented', 'flexibility']"
Full Stack Developer,"['curiosity', 'humility', 'self motivation', 'collaboration', 'autonomy', 'desire to move quickly']"
Full Stack Developer,"['good communication', 'interpersonal', 'self starter attitude']"
Full Stack Developer,"['problem solving', 'self motivated', 'team collaboration', 'organized']"
Full Stack Developer,"['technical leadership', 'agile environment', 'value delivery', 'collaboration', 'continuous learning', 'mentorship', 'improvement mindset', 'communication', 'experimentation']"
Full Stack Developer,"['good hands on experience', 'competence in the field']"
Full Stack Developer,"['problem solving', 'teamwork', 'communication']"
Full Stack Developer,"['mentoring', 'communication', 'problem solving', 'leadership']"
Full Stack Developer,"['attention to detail', 'prioritization', 'customer focus', 'collaboration', 'problem solving', 'communication', 'analytical thinking', 'adaptability']"
Full Stack Developer,"['time management', 'collaboration', 'problem solving', 'communication', 'adaptability']"
Full Stack Developer,"['problem solving', 'collaboration', 'communication', 'adaptability']"
Full Stack Developer,"['analytical', 'teamwork', 'innovation', 'decision making', 'leadership', 'mentoring', 'training', 'communication']"
Full Stack Developer,"['process improvement', 'collaboration', 'creativity', 'continuous learning', 'problem solving', 'communication']"
Full Stack Developer,"['collaboration', 'problem solving', 'communication', 'project planning', 'organization']"
Full Stack Developer,"['results oriented', 'enthusiasm', 'leadership quality', 'prioritization of people', 'community focused', 'versatility', 'bias for action']"
Full Stack Developer,"['result oriented', 'curiosity', 'customer experience', 'bias towards action', 'soft skills:', 'pragmatism', 'collaboration', 'continuous learning', 'problem solving', 'communication', 'adaptability']"
Full Stack Developer,"['attention to detail', 'communication', 'interpersonal']"
Full Stack Developer,"['passion for video game', 'collaboration', 'creativity', 'problem solving', 'communication']"
Full Stack Developer,"['portfolio development', 'long term view', 'soft skills verbal communication', 'written communication', 'autonomy', 'user centric mindset']"
Full Stack Developer,"['team management', 'analytical', 'attention to detail', 'creative thinking', 'organizational', 'self motivation', 'problem solving', 'written and verbal communication']"
Full Stack Developer,"['results oriented', 'analytical mindset', 'creativity', 'problem solving', 'teamwork', 'communication']"
Full Stack Developer,"['problem solving', 'creativity', 'teamwork', 'communication']"
Full Stack Developer,"['independent', 'team player', 'detail oriented', 'open to new challenge', 'goal oriented', 'willingness to learn', 'fluent in english']"
Full Stack Developer,"['ability to work independently', 'time management', 'inherent curiosity', 'excellent communication', 'problem solving', 'strong attention to detail', 'teamwork']"
Full Stack Developer,"['team player', 'creative', 'good communicator', 'self motivated']"
Full Stack Developer,['strong front end']
Full Stack Developer,"['ownership', 'curiosity', 'results driven', 'excellence', 'communication']"
Full Stack Developer,"['strong oral communication', 'collaboration', 'learning mindset', 'analytical']"
Full Stack Developer,"['team player', 'detail oriented', 'independent working', 'goal oriented', 'willingness to learn', 'open for new challenge']"
Full Stack Developer,"['problem solving', 'written and verbal communication', 'presentation', 'analytical']"
Full Stack Developer,"['problem solving', 'communication']"
Full Stack Developer,"['knowledge management', 'design', 'people management', 'coding', 'requirement gathering and analysis', 'testing', 'service support & maintenance', 'project planning', 'project closure activity']"
Full Stack Developer,"['collaboration', 'strong analytical']"
Full Stack Developer,"['low ego', 'insatiable drive to learn', 'teamwork.', 'user experience focus', 'high creativity', 'high integrity', 'continuous learning', 'problem solving', 'communication']"
Full Stack Developer,"['personal responsibility', 'quality craftsmanship', 'innovation', 'openness', 'collaboration', 'initiative', 'problem solving', 'teamwork', 'communication', 'adaptability']"
Full Stack Developer,"['motivated', 'time management', 'contribution to development community', 'attention to detail', 'forward thinking', 'passionate', 'clear communication', 'self motivated learning', 'delighting customer', 'results driven', 'dynamic', 'innovative', 'collaboration', 'creativity', 'collaborative', 'design orientation', 'self starter', 'humble attitude']"
Full Stack Developer,"['continuous improvement', 'agile methodology', 'collaboration', 'problem solving', 'requirements gathering']"
Full Stack Developer,"['attention to detail', 'influence', 'research', 'project management', 'collaboration', 'communication', 'leadership', 'problem solving', 'teamwork', 'quality assurance', 'documentation', 'adaptability']"
Full Stack Developer,"['strong desire to learn', 'ability to share knowledge', 'problem solving attitude']"
IT Consultant,"['time management', 'enthusiasm', 'influence', 'persuasiveness', 'positive attitude', 'negotiation', 'teamwork', 'professional communication']"
IT Consultant,"['accountability', 'strong interpersonal', 'collaboration', 'integrity', 'client service orientation']"
IT Consultant,"['strong communication', 'attention to detail', 'problem solving', 'adaptability']"
IT Consultant,"['attention to detail', 'problem solving', 'creativity', 'interpersonal savvy', 'relationship building', 'strong work ethic', 'teamwork', 'communication']"
IT Consultant,"['methodical approach', 'attention to detail']"
IT Consultant,"['communication', 'strategy and planning', 'vendor selection', 'stakeholder management']"
IT Consultant,"['organizational', 'detail oriented', 'relationship building', 'problem solving', 'teamwork', 'communication', 'customer focused']"
IT Consultant,"['cooperation', 'commitment to client service', 'maintaining professionalism', 'following direction', 'proofreading', 'interpersonal communication', 'written communication', 'problem solving', 'judgment']"
IT Consultant,"['time management', 'excellent communication', 'self motivated', 'team player', 'professionalism', 'honorable', 'active learning', 'leadership', 'building trust', 'judgment']"
IT Consultant,"['ability to handle hostility', 'and uncertain situation', 'conflict']"
IT Consultant,"['time management', 'interpersonal', 'creativity', 'problem solving', 'teamwork', 'communication', 'adaptability']"
IT Consultant,"['enthusiasm', 'attention to detail', 'energy', 'problem solving', 'teamwork', 'communication', 'adaptability']"
IT Consultant,"['customer service', 'relationship building', 'problem solving', 'teamwork', 'communication']"
IT Consultant,"['client relationship management', 'time management', 'analytical', 'reporting', 'team supervision', 'project management', 'leadership', 'problem solving', 'communication', 'adaptability']"
IT Consultant,"['customer service', 'stakeholder management', 'organizational', 'coaching', 'active listening', 'influencing', 'decision making', 'collaboration', 'problem solving', 'written and verbal communication', 'teamwork', 'interpersonal', 'adaptability']"
IT Consultant,"['leadership', 'time management', 'team collaboration', 'innovative thinking', 'diversity', 'community service', 'client management', 'coaching', 'training and development', 'communication', 'collaboration', 'relationship building', 'well being focus', 'strategic thinking', 'problem solving', 'interpersonal', 'quality service delivery', 'adaptability']"
IT Consultant,"['strategic thinking', 'collaboration', 'leadership', 'problem solving', 'communication']"
IT Consultant,"['strong communication', 'professionalism', 'eloquent communication', 'exceptional customer service', 'teamwork', 'adaptability']"
IT Consultant,"['research', 'leadership', 'problem solving', 'teamwork', 'judgment', 'analytical thinking']"
IT Consultant,"['analytical', 'attention to detail', 'empathy', 'collaboration', 'creativity', 'problem solving', 'communication', 'adaptability']"
IT Consultant,"['effective communication', 'relationship development', 'excellent presentation', 'strong interpersonal', 'active listening', 'decision making', 'good persuasion', 'strong problem solving']"
IT Consultant,"['presentation', 'planning', 'influence', 'adaptability', 'prioritization', 'risk assessment', 'decision making', 'initiative', 'negotiation', 'mentoring', 'teaching', 'communication', 'organization']"
IT Consultant,"['time management', 'conflict resolution', 'relationship building', 'problem solving', 'teamwork', 'communication', 'adaptability']"
IT Consultant,"['constantly changing environment', 'teamwork', 'and organizational', 'developed interpersonal']"
IT Consultant,"['client relationship management', 'project schedule management', 'attention to detail', 'project quality control', 'executive level decision making', 'project budget control', 'team leadership', 'problem solving', 'communication', 'adaptability']"
IT Consultant,"['results oriented', 'organizational', 'energetic', 'detail oriented', 'collaborative', 'innovative', 'solution focused', 'communication', 'customer focused']"
IT Consultant,"['strong communication', 'customer service orientation', 'team player', 'soft skills:', 'goal oriented mindset']"
IT Consultant,"['customer service', 'time management', 'attention to detail', 'organizational', 'clear communication', 'integrity and ethical behavior', 'decision making', 'problem resolution', 'continuous learning', 'problem solving', 'cultural sensitivity', 'professional conduct']"
IT Consultant,"['attention to detail', 'customer service orientation', 'problem solving ability', 'working independently', 'task prioritization', 'interpersonal', 'self motivation', 'communication']"
IT Consultant,"['ethical standard', 'eager', 'attention to detail', 'ambitious', 'professional communication', 'adaptability']"
IT Consultant,"['quick learner', 'customer focus', 'results driven', 'relationship building', 'problem solving', 'business acumen', 'communication', 'emotional intelligence']"
IT Consultant,"['attention to detail', 'collaboration', 'leadership', 'mentoring', 'communication']"
IT Consultant,"['organizational', 'collaboration', 'interpersonal savvy', 'initiative', 'relationship building', 'integrity', 'problem solving', 'communication']"
IT Consultant,"['attention to detail', 'professionalism', 'continuous improvement', 'dispute resolution', 'problem solving', 'teamwork', 'communication', 'adaptability']"
IT Consultant,"['team collaboration', 'empathy', 'interpersonal communication', 'relationship building', 'effective listening', 'confidentiality maintenance']"
IT Consultant,"['recruitment', 'discipline', 'budget management', 'hiring', 'strategic planning', 'ability to understand complex', 'clear objective definition', 'coaching', 'contracting', 'participative leadership', 'technical needs and resource', 'and termination of staff', 'and measurement', 'procurement', 'communication', 'organizational skills and teamwork', 'and purchasing']"
IT Consultant,"['team player', 'proactive', 'excellent listening', 'self motivated']"
IT Consultant,"['time management', 'attention to detail', 'organizational', 'customer service focus', 'integrity and ethical behavior', 'decision making', 'feedback utilization', 'problem solving', 'communication', 'cultural sensitivity']"
IT Consultant,"['influence', 'relationship management', 'drive', 'problem solving', 'collaboration', 'tenacity', 'self starter', 'communication', 'adaptability']"
IT Consultant,"['customer service', 'attention to detail', 'problem solving', 'teamwork', 'communication', 'adaptability']"
IT Consultant,"['quick learner', 'organizational', 'detail oriented', 'prioritization', 'interpersonal', 'problem solving', 'communication', 'multi tasking']"
IT Consultant,"['presentation', 'analytical', 'coaching', 'customer focus', 'people insight', 'critical thinking', 'collaboration', 'consultation', 'negotiation', 'creativity', 'relationship building', 'strategic thinking', 'problem solving', 'business acumen', 'communication', 'adaptability']"
IT Consultant,"['motivated', 'entrepreneurial spirit', 'sales acumen', 'communication', 'networking']"
IT Consultant,"['interpersonal', 'leadership', 'problem solving', 'communication', 'diversity and inclusion awareness', 'adaptability']"
IT Consultant,"['strong communication', 'team player', 'ability to listen actively', 'customer service orientation']"
IT Consultant,"['sale', 'organizational', 'relationship building', 'consultative selling', 'communication']"
IT Consultant,"['coaching', 'interpersonal', 'team leadership', 'problem solving', 'communication']"
IT Consultant,"['influence', 'proactivity', 'interpersonal', 'critical thinking', 'leadership', 'problem solving', 'teamwork', 'communication', 'analytical thinking']"
IT Consultant,"['excellent interpersonal', 'strong organizational', 'attention to detail']"
IT Consultant,"['analytical', 'attention to detail', 'multi tasking ability', 'integrity', 'flexibility', 'negotiation', 'problem solving', 'teamwork', 'communication', 'networking', 'adaptability']"
IT Consultant,"['professionalism', 'excellent communication', 'customer service orientation', 'energetic', 'teamwork', 'adaptability']"
IT Consultant,"['customer service', 'time management', 'teamwork', 'innovation', 'problem solving', 'goal oriented', 'passion', 'communication']"
IT Consultant,"['proactive', 'interpersonal', 'collaborative', 'flexible']"
IT Consultant,"['customer service', 'sale', 'problem solving', 'teamwork', 'communication']"
IT Consultant,"['stakeholder management', 'prioritization', 'creativity', 'relationship building', 'teamwork', 'communication', 'organization']"
IT Consultant,"['strategic vision', 'client service', 'collaboration', 'managing competing priority', 'relationship building', 'soft skills: influencing', 'flexibility', 'adaptability']"
IT Consultant,"['sales technique', 'exceptional customer service', 'professional communication']"
IT Consultant,"['business knowledge.', 'organizational', 'verbal and written communication', 'problem solving', 'interpersonal']"
IT Consultant,"['attention to detail', 'cultural fit', 'honesty', 'tactful communication', 'integrity', 'hardworking ethic', 'past employment track record', 'leadership and coaching', 'travel readiness']"
IT Consultant,"['customer satisfaction', 'organizational', 'coaching', 'project management', 'communication', 'problem solving', 'teamwork', 'customer interaction']"
IT Consultant,"['prioritization', 'competitive mindset', 'eagerness to learn', 'sense of humor', 'high performance work ethic', 'business acumen', 'flexibility', 'commitment']"
IT Consultant,"['coordination', 'leadership']"
IT Consultant,"['customer service', 'sale', 'english language proficiency']"
IT Consultant,"['customer service', 'bilingual (english/spanish)', 'teamwork', 'communication', 'adaptability']"
IT Consultant,"['customer service', 'time management', 'attention to detail', 'problem solving', 'teamwork', 'communication', 'flexibility']"
IT Consultant,"['mentoring and training', 'written communication', 'decision making', 'oral communication']"
IT Consultant,"['time management', 'customer communication', 'retail schedule flexibility', 'customer satisfaction orientation', 'teamwork', 'salesmanship', 'adaptability']"
IT Consultant,"['client relationship management', 'travel willingness', 'leadership', 'teamwork', 'communication']"
IT Consultant,"['attention to detail', 'organizational', 'consultative', 'drive', 'problem solving', 'creativity', 'interpersonal savvy', 'initiative', 'relationship building', 'integrity', 'strong work ethic', 'teamwork']"
IT Consultant,"['time management', 'attention to detail', 'influence', 'coaching', 'servant leadership', 'prioritization', 'collaboration', 'leadership', 'problem solving', 'communication']"
IT Consultant,"['customer service', 'sale', 'time management', 'professionalism', 'problem solving', 'teamwork', 'communication', 'adaptability']"
IT Consultant,"['dedication', 'quality focus', 'problem solving', 'teamwork', 'communication']"
IT Consultant,"['skincare expertise', 'positive attitude', 'flexibility', 'teamwork', 'communication', 'client touch ups']"
IT Consultant,"['ability to work independently', 'time management', 'work ethic', 'attention to detail', 'verbal communication', 'decision making', 'interpersonal', 'positive attitude', 'influence and persuasion', 'problem solving', 'confidentiality', 'teamwork', 'judgment', 'adaptability']"
IT Consultant,"['professionalism', 'organization', 'prioritization', 'critical thinking', 'collaboration', 'problem solving', 'written and verbal communication', 'multi tasking', 'adaptability']"
IT Consultant,"['outgoing personality', 'sale', 'organizational', 'enthusiastic', 'service oriented']"
IT Consultant,"['empathy', 'proactive engagement', 'negotiation', 'communication', 'adaptability']"
IT Consultant,"['interpersonal', 'organizational']"
IT Consultant,"['adaptability to flexible schedule', 'positive attitude', 'passion for helping customer', 'teamwork', 'friendly demeanor']"
IT Consultant,"['customer service', 'attention to detail', 'communication', 'problem solving']"
IT Consultant,"['time management', 'strategic planning', 'customer relation', 'collaboration', 'relationship building', 'problem solving', 'training', 'communication']"
IT Consultant,"['self directed', 'team collaboration', 'project management', 'adaptability']"
IT Consultant,"['customer service', 'time management', 'performing under pressure', 'attention to detail', 'soft', 'organizational', 'decision making', 'ethical behavior', 'continuous learning', 'problem solving', 'communication', 'cultural sensitivity', 'professional conduct']"
IT Consultant,"['critical thinking', 'problem solving', 'teamwork', 'communication', 'adaptability']"
IT Consultant,"['presentation', 'analytical', 'organizational', 'critical thinking', 'collaboration', 'leadership', 'problem solving', 'facilitation', 'communication', 'adaptability']"
IT Consultant,"['customer service', 'sale', 'goal oriented', 'passion for innovation']"
IT Consultant,"['time management', 'common sense', 'problem solving', 'teamwork', 'communication']"
IT Consultant,"['attention to detail', 'organizational', 'soft skills: communication', 'problem solving', 'multitasking', 'proactivity']"
IT Consultant,"['customer service', 'self motivated', 'trustworthiness', 'prioritization', 'decision making', 'respectfulness', 'teamwork', 'communication', 'self directed']"
IT Consultant,"['team collaboration', 'innovation', 'relationship building', 'strategic thinking', 'problem solving', 'quality service delivery', 'adaptability']"
IT Consultant,"['customer service', 'time management', 'problem solving', 'teamwork', 'communication', 'adaptability']"
IT Consultant,"['teamwork', 'communication', 'rapport building', 'self motivation']"
IT Consultant,"['effective communication', 'time management', 'attention to detail', 'customer service orientation', 'strong organizational', 'integrity and ethics', 'problem solving', 'cultural sensitivity', 'professional conduct']"
IT Consultant,"['customer communication', 'collaboration', 'intellectual curiosity', 'relationship building', 'analytical mind', 'strong work ethic', 'communication']"
IT Consultant,"['presentation', 'attention to detail', 'organizational', 'customer service orientation', 'critical thinking', 'project management', 'self motivation', 'communication', 'problem solving', 'teamwork', 'interpersonal', 'adaptability']"
IT Consultant,"['teamwork', 'flexibility']"
IT Consultant,"['passion for skincare product', 'client service', 'positive attitude', 'teamwork', 'communication', 'flexibility']"
IT Consultant,"['customer service', 'time management', 'motivation', 'attention to detail', 'empathy', 'critical thinking', 'creativity', 'communication', 'account management']"
IT Consultant,"['time management', 'organizational', 'project management', 'relationship building', 'problem solving', 'teamwork', 'communication']"
IT Consultant,"['market trend monitoring', 'project management', 'relationship building', 'engaged listener', 'teamwork', 'consultative approach']"
IT Consultant,"['entrepreneurial attitude', 'client relationship management', 'analytical', 'attention to detail', 'project management', 'teamwork', 'communication']"
IT Consultant,[]
IT Consultant,"['deadline driven', 'organizational', 'multi tasking ability', 'strong interpersonal', 'trustworthiness and respectfulness', 'outstanding customer service', 'teamwork']"
IT Consultant,"['strategic thinking', 'change management', 'influencing', 'feedback giving and receiving', 'relationship building', 'leadership', 'mentoring', 'teamwork', 'communication', 'adaptability']"
IT Consultant,"['customer service', 'empathy', 'transparency', 'teamwork', 'communication']"
IT Consultant,"['presentation', 'team collaboration', 'organizational', 'training delivery', 'project management', 'self motivation', 'leadership', 'problem solving', 'communication']"
IT Consultant,"['receptivity to change', 'time management', 'team player', 'prioritization', 'integrity', 'communication', 'self awareness', 'organization']"
IT Consultant,"['resourcefulness', 'team player attitude', 'communication', 'flexibility', 'positive demeanor', 'adaptability']"
IT Consultant,"['meeting facilitation', 'customer interaction', 'systems thinking', 'oral and written communication', 'problem solving', 'coaching and mentoring', 'training', 'interpersonal']"
IT Consultant,"['leadership', 'time management', 'presentation', 'mentoring', 'problem solving', 'teamwork', 'communication']"
IT Consultant,"['presentation', 'attention to detail', 'influencing', 'risk assessment', 'decision making', 'initiative', 'planning and organization', 'mentoring', 'negotiation', 'problem solving', 'communication', 'adaptability']"
IT Consultant,"['team management', 'influence', 'decision making', 'feedback management', 'collaboration', 'leadership', 'problem solving', 'coaching and mentoring', 'communication', 'adaptability']"
IT Consultant,"['risk management', 'time management', 'consulting', 'attention to detail', 'written and verbal communication', 'coaching', 'influencing', 'collaboration', 'commitment to work', 'confidentiality']"
IT Consultant,"['team management', 'work ethic', 'motivation', 'attention to detail', 'personal initiative', 'leadership', 'maturity', 'communication', 'coaching and mentoring']"
IT Consultant,"['team management', 'leadership', 'innovation', 'coaching', 'decision making', 'global perspective', 'negotiation', 'problem solving', 'communication', 'cultural awareness', 'adaptability']"
IT Consultant,"['customer service', 'professionalism', 'teamwork', 'communication', 'adaptability']"
IT Consultant,"['passion', 'communication', 'commitment', 'teamwork']"
IT Consultant,"['attention to detail', 'strategic planning', 'interpersonal', 'collaboration', 'project coordination', 'leadership', 'problem solving', 'training facilitation', 'communication', 'analytical thinking']"
IT Consultant,"['independence', 'self motivation', 'active ownership', 'problem solving', 'teamwork', 'communication', 'continuous improvement mindset', 'adaptability']"
IT Systems Administrator,['strong analytical']
IT Systems Administrator,"['training and education', 'effective communication', 'team collaboration', 'self motivated', 'process improvement', 'project management', 'problem solving']"
IT Systems Administrator,"['customer service', 'quick learner', 'time management', 'attention to detail', 'self motivation', 'problem solving', 'teamwork', 'communication', 'adaptability']"
IT Systems Administrator,"['attention to detail', 'customer oriented', 'troubleshooting ability', 'excellent customer service', 'ability to lift equipment', 'cool tempered', 'communication']"
IT Systems Administrator,"['meeting facilitation', 'prioritization', 'collaboration', 'communication', 'analytical problem solving', 'interpersonal']"
IT Systems Administrator,"['customer service orientation', 'continuous improvement', 'initiative', 'problem solving', 'teamwork', 'communication', 'organization']"
IT Systems Administrator,"['verbal communication', 'collaboration', 'learning', 'written communication', 'troubleshooting']"
IT Systems Administrator,"['report generation', 'attention to detail', 'strong analytical', 'problem solving', 'documentation']"
IT Systems Administrator,"['time management', 'interpersonal', 'problem solving', 'multitasking', 'communication', 'flexibility', 'organization']"
IT Systems Administrator,"['customer service', 'analytical', 'attention to detail', 'organizational', 'self motivated', 'independence', 'initiative', 'problem solving', 'adaptability']"
IT Systems Administrator,"['troubleshooting and problem resolution', 'communication', 'self motivated', 'teamwork']"
IT Systems Administrator,"['strong communication', 'presentation', 'analytical', 'problem solving', 'interpersonal', 'organization']"
IT Systems Administrator,"['customer service', 'attention to detail', 'prioritization', 'problem solving', 'teamwork']"
IT Systems Administrator,"['problem solving', 'results driven', 'attention to detail']"
IT Systems Administrator,"['time management', 'detail oriented', 'problem solving', 'teamwork', 'communication', 'flexibility', 'adherence to company standard']"
IT Systems Administrator,"['organizational', 'stress management', 'it governance process', 'collaboration', 'creativity', 'problem solving', 'teamwork', 'communication', 'multi tasking']"
IT Systems Administrator,"['communication', 'service oriented mindset']"
IT Systems Administrator,"['cooperation', 'vendor management', 'collaboration', 'relationship building', 'training', 'communication', 'documentation']"
IT Systems Administrator,"['time management', 'team player', 'mentoring and training', 'project management', 'problem solving', 'communication', 'documentation']"
IT Systems Administrator,"['problem solving', 'interpersonal communication', 'team collaboration']"
IT Systems Administrator,"['problem solving', 'teamwork', 'communication']"
IT Systems Administrator,"['independence', 'communication', 'time management', 'collaboration']"
IT Systems Administrator,"['customer service', 'team player', 'multitasking', 'problem solving']"
IT Systems Administrator,"['business development', 'client management', 'team leadership', 'problem solving', 'technical assistance', 'communication']"
IT Systems Administrator,"['customer service', 'time management', 'attention to detail', 'professionalism', 'collaboration', 'problem solving', 'communication', 'cultural sensitivity', 'adaptability']"
IT Systems Administrator,"['resourcefulness', 'patience', 'fun oriented attitude', 'global collaboration', 'problem solving', 'communication', 'adaptability']"
IT Systems Administrator,"['problem solving', 'communication', 'attention to detail.', 'organization']"
IT Systems Administrator,"['presentation and communication', 'research and comprehension ability', 'safety consciousness', 'collaboration and communication', 'interpersonal', 'organizational and prioritization']"
IT Systems Administrator,"['collaboration', 'troubleshooting', 'leadership', 'communication', 'adaptability']"
IT Systems Administrator,"['prioritization skills.', 'analytical', 'attention to detail', 'project management', 'business process knowledge', 'excellent customer service', 'relationship building']"
IT Systems Administrator,"['team management', 'relationship building', 'leadership', 'problem solving', 'communication', 'analytical thinking']"
IT Systems Administrator,"['project management', 'collaboration', 'leadership', 'problem solving', 'communication']"
IT Systems Administrator,"['time management', 'decision making', 'problem solving', 'teamwork', 'communication']"
IT Systems Administrator,"['time management', 'teamwork', 'communication', 'analytical thinking', 'adaptability']"
IT Systems Administrator,['troubleshooting ability']
IT Systems Administrator,"['communication', 'strong customer service']"
IT Systems Administrator,"['team management', 'strategic planning', 'independent judgment', 'management', 'interpersonal', 'leadership', 'problem solving', 'coaching and mentoring', 'communication', 'organization']"
IT Systems Administrator,"['resourcefulness', 'customer satisfaction', 'planning', 'ownership', 'collaboration', 'problem solving', 'communication', 'establishing expectation', 'adaptability']"
IT Systems Administrator,"['analytical', 'ownership', 'independence', 'decision making', 'project management', 'customer support', 'teamwork', 'communication']"
IT Systems Administrator,[]
IT Systems Administrator,"['capacity planning', 'collaboration', 'troubleshooting', 'problem root cause analysis', 'documentation']"
IT Systems Administrator,"['familiarity', 'basic setup', 'stp understanding', 'ip address management', 'good understanding', 'troubleshooting', 'network connectivity troubleshooting']"
IT Systems Administrator,"['time management', 'information ordering', 'verbal and written expression', 'problem sensitivity', 'judgment and decision making', 'soft skills:', 'interpersonal', 'critical thinking', 'leadership', 'communication']"
IT Systems Administrator,"['professional demeanor', 'sense of urgency.', 'self direction', 'problem solving', 'written and verbal communication', 'teamwork', 'interpersonal', 'flexibility', 'organization']"
IT Systems Administrator,"['problem solving', 'teamwork', 'communication', 'professionalism']"
IT Systems Administrator,['autonomy in work task']
IT Systems Administrator,"['customer service', 'communication', 'interpersonal']"
IT Systems Administrator,"['time management', 'attention to detail', 'compliance adherence', 'collaboration', 'problem solving', 'documentation maintenance', 'communication', 'adaptability']"
IT Systems Administrator,"['strong communication', 'attention to detail', 'strong analytical', 'excellent documentation', 'strong problem solving']"
IT Systems Administrator,"['customer service', 'time management', 'teamwork', 'project management', 'problem solving', 'training', 'communication']"
IT Systems Administrator,"['problem solving', 'teamwork', 'communication', 'relationship building']"
IT Systems Administrator,"['customer satisfaction focus', 'results oriented', 'change management', 'ownership', 'proactive problem solving', 'decision follow through', 'collaboration', 'fast paced environment adaptation', 'teamwork', 'communication', 'adaptability']"
IT Systems Administrator,"['problem solving', 'communication', 'teamwork', 'technical support']"
IT Systems Administrator,['collaboration']
IT Systems Administrator,"['listening', 'patience and courtesy', 'rapport building', 'customer support', 'interpersonal']"
IT Systems Administrator,"['strong communication', 'analytical', 'organizational', 'technical mentoring', 'self motivation', 'independent problem solving', 'interpersonal', 'documentation']"
IT Systems Administrator,"['problem solving', 'teamwork', 'travel readiness', 'client communication']"
IT Systems Administrator,"['customer service', 'time management', 'stakeholder management', 'analytical', 'data driven mindset', 'presentation', 'consultative', 'detail oriented', 'coordination', 'prioritization', 'self starter', 'decision making', 'troubleshooting', 'problem solving', 'diplomacy', 'teamwork', 'communication', 'adaptability']"
IT Systems Administrator,"['team player', 'good documentation']"
IT Systems Administrator,"['time management', 'attention to detail', 'organizational', 'decision making', 'collaboration', 'problem solving', 'communication', 'flexibility']"
IT Systems Administrator,"['customer service', 'team collaboration', 'communication', 'process driven focus', 'customer interaction']"
IT Systems Administrator,"['customer service', 'meeting deadline', 'leadership', 'multitasking', 'communication']"
IT Systems Administrator,"['analytical', 'judgment', 'writing', 'initiative', 'leadership', 'teamwork', 'communication']"
IT Systems Administrator,"['problem solving', 'ability to multitask', 'analytical', 'documentation']"
IT Systems Administrator,"['professional demeanor', 'organizational and planning', 'articulate', 'interpersonal', 'flexibility']"
IT Systems Administrator,"['customer service', 'organizational', 'independence', 'collaboration', 'creativity', 'problem solving']"
IT Systems Administrator,"['ability to work independently', 'professional demeanor', 'patience', 'trustworthiness', 'positive attitude', 'intellectual curiosity', 'self starter', 'flexibility and adaptability']"
IT Systems Administrator,"['effective communication', 'high energy', 'self motivated', 'team player', 'strong interpersonal', 'collaboration', 'problem solving', 'adaptability']"
IT Systems Administrator,"['strong communication', 'prioritization', 'multi tasking', 'problem solving']"
IT Systems Administrator,"['excellent communication', 'strong customer service']"
IT Systems Administrator,"['leadership', 'time management', 'conflict resolution', 'analytical', 'decision making', 'self motivation', 'mentoring', 'problem solving', 'communication']"
IT Systems Administrator,"['ability to multi task', 'professional and ethical conduct', 'critical thinking', 'independent thinking']"
IT Systems Administrator,"['time management', 'attention to detail', 'adaptability', 'security conscious', 'collaboration', 'problem solving', 'goal oriented', 'communication', 'documentation', 'organization']"
IT Systems Administrator,"['effective teaming', 'collaboration', 'mentorship']"
IT Systems Administrator,"['flexibility in work schedule', 'strong analytical', 'excellent communication']"
IT Systems Administrator,"['and professional communication', 'clear', 'courteous']"
IT Systems Administrator,"['exceptional organizational', 'process driven', 'attention to detail', 'detail oriented', 'strong writing', 'strong analytical', 'positive outlook', 'problem solving']"
IT Systems Administrator,"['ability to automate task', 'detail oriented', 'prioritization and workload management', 'efficiency', 'persuasion', 'confidentiality', 'ability to lead', 'communication']"
IT Systems Administrator,"['problem solving', 'time management', 'customer service', 'communication']"
IT Systems Administrator,"['presentation', 'organizational', 'calm under pressure', 'collaboration', 'problem solving', 'multitasking', 'communication']"
IT Systems Administrator,"['attention to detail', 'teamwork', 'problem solving', 'training', 'communication']"
IT Systems Administrator,"['collaborative teamwork', 'self motivated', 'highly motivated', 'energetic', 'timely problem resolution', 'team oriented']"
IT Systems Administrator,[]
IT Systems Administrator,[]
IT Systems Administrator,"['customer service', 'time management', 'research', 'problem solving', 'teamwork', 'communication']"
IT Systems Administrator,"['thoroughness', 'analytical', 'independence', 'adaptability', 'collaboration', 'problem solving', 'teamwork', 'communication', 'flexibility', 'commitment']"
IT Systems Administrator,"['independent judgment', 'initiative', 'teamwork', 'communication', 'documentation', 'organization']"
IT Systems Administrator,"['time management', 'customer focus', 'collaboration', 'problem solving', 'teamwork', 'communication']"
IT Systems Administrator,"['planning', 'customer focus', 'project management', 'relationship building', 'problem solving', 'teamwork', 'communication', 'adaptability']"
IT Systems Administrator,"['design consultation', 'project management', 'strategic and tactical planning', 'quality assurance', 'problem solving', 'communication']"
IT Systems Administrator,"['knowledge sharing', 'positive attitude', 'relationship building', 'collaborative']"
IT Systems Administrator,"['customer service', 'communication', 'problem solving', 'organizational']"
IT Systems Administrator,"['customer service', 'motivation', 'organizational', 'independence', 'collaboration', 'problem solving', 'communication']"
IT Systems Administrator,"['client focus', 'judgment and decision making', 'analysis', 'building effective relationship', 'communication']"
IT Systems Administrator,"['team management', 'leadership', 'time management', 'attention to detail', 'decision making', 'interpersonal', 'strategic thinking', 'problem solving', 'communication', 'adaptability']"
IT Systems Administrator,"['analytical', 'effective problem solving', 'strong interpersonal', 'cross functional team', 'strong problem solving']"
IT Systems Administrator,"['quick learner', 'strong writing/communication', 'soft skills:', 'self motivation', 'user interface design', 'systems analysis', 'systems design', 'leadership', 'mentoring', 'integration methods understanding', 'teamwork', 'development life cycle knowledge', 'programming languages proficiency']"
IT Systems Administrator,"['development', 'design', 'strategic planning', 'expert technical support', 'implementation', 'collaboration', 'communication']"
IT Systems Administrator,"['excellent written communication', 'fast learner', 'strong customer service', 'independence', 'excellent verbal communication', 'continuous improvement suggestion', 'problem solving', 'teamwork', 'adherence to procedure']"
IT Systems Administrator,"['proactiveness', 'enthusiasm', 'attention to detail', 'prioritization', 'self motivation', 'problem solving', 'teamwork', 'communication']"
IT Systems Administrator,['strong communication']
IT Systems Administrator,"['customer service orientation', 'collaboration', 'communication', 'documentation', 'adaptability']"
IT Systems Administrator,"['excellent written communication', 'enthusiastic to learn', 'self motivated', 'excellent verbal communication', 'excellent interpersonal communication', 'team oriented']"
IT Systems Administrator,"['customer service', 'independent problem solving']"
IT Systems Administrator,"['clear communication', 'team player', 'critical thinking', 'problem solving', 'collaboration in project team']"
IT Systems Administrator,"['analytical', 'critical thinking', 'collaboration', 'leadership', 'problem solving', 'communication']"
IT Systems Administrator,"['team player', 'excellent communication']"
IT Systems Administrator,"['inspirational trust', 'interpersonal savvy', 'seasoned judgment', 'collaboration and teamwork', 'change and resilience.']"
IT Systems Administrator,"['attention to detail', 'curiosity', 'organizational ability', 'oral and written communication', 'problem solving', 'desire to learn', 'multi tasking']"
IT Systems Administrator,"['customer service', 'communication', 'prioritization', 'professionalism']"
IT Systems Administrator,"['customer service', 'collaboration', 'problem solving', 'communication', 'adaptability']"
IT Systems Administrator,"['customer service', 'mentoring', 'problem solving', 'teamwork', 'communication']"
IT Systems Administrator,"['time management', 'attention to detail', 'collaboration', 'customer relationship management (crm)', 'problem solving', 'teamwork', 'communication', 'adaptability']"
IT Systems Administrator,"['user support', 'issue resolution', 'collaboration', 'training and development', 'cross functional project management', 'process enhancement', 'business requirements analysis', 'leadership', 'problem solving', 'communication', 'documentation']"
IT Systems Administrator,"['idea generation', 'attention to detail', 'organizational', 'teamwork', 'self driven', 'multitasking', 'communication']"
IT Systems Administrator,"['customer service', 'planning', 'analytical', 'organizational', 'problem solving', 'communication', 'adaptability']"
IT Systems Administrator,"['ability to work independently', 'attention to detail', 'problem solving ability', 'strong organizational', 'industry knowledge', 'leadership and consultation', 'communication', 'adaptability to changing priority']"
IT Systems Administrator,"['team collaboration', 'analytical', 'change management', 'problem management', 'incident management', 'troubleshooting', 'communication', 'performance management', 'documentation']"
IT Systems Administrator,"['project management', 'collaboration', 'mentoring', 'training and coaching', 'leadership', 'problem solving', 'written and oral communication', 'teamwork', 'communication', 'tact and diplomacy']"
Information Security Analyst,"['continuous improvement', 'collaboration', 'problem solving', 'teamwork', 'communication']"
Information Security Analyst,"['time management', 'attention to detail', 'problem solving', 'teamwork', 'communication']"
Information Security Analyst,"['customer service', 'communication', 'problem solving', 'quick decision making']"
Information Security Analyst,"['compliance management', 'incident response', 'analytical', 'strategic vision', 'team mentorship', 'adaptability', 'prioritization', 'policy development', 'deadline orientation', 'collaboration', 'efficiency optimization', 'cost control', 'leadership', 'problem solving', 'communication', 'management']"
Information Security Analyst,"['business process improvement', 'innovation', 'agile practice', 'collaboration', 'business risk management', 'business case development', 'leadership', 'problem solving', 'coaching and mentoring', 'industry and company knowledge', 'communication', 'analytical thinking']"
Information Security Analyst,"['passion for exploitation', 'customer service', 'relationship building', 'strong work ethics']"
Information Security Analyst,"['teamwork', 'communication']"
Information Security Analyst,"['customer service', 'effective communication', 'attention to detail', 'mathematical', 'sound decision making', 'problem solving', 'multitasking']"
Information Security Analyst,"['ability to work independently', 'stakeholder management', 'analytical', 'investigation']"
Information Security Analyst,"['analytical', 'initiative', 'relationship building', 'strong problem solving', 'flexibility', 'strong customer focus']"
Information Security Analyst,"['written and oral communication', 'work without supervision', 'soft skills:', 'light to moderate travel']"
Information Security Analyst,"['customer service', 'team management', 'time management', 'presentation', 'analytical', 'change management', 'decision making', 'self motivation', 'negotiation', 'leadership', 'problem solving', 'multitasking', 'interpersonal', 'cultural awareness']"
Information Security Analyst,"['uncompromising integrity', 'ability to work independently', 'customer focus', 'respect', 'sense of urgency', 'teamwork']"
Information Security Analyst,"['conflict management', 'time management', 'decision making', 'interpersonal', 'leadership', 'problem solving', 'communication', 'multi tasking', 'documentation']"
Information Security Analyst,"['high energy', 'results orientation', 'analytical', 'professionalism', 'verbal communication', 'decision making', 'written communication', 'interpersonal communication', 'integrity', 'problem solving', 'self sufficiency']"
Information Security Analyst,"['attention to detail', 'collaboration', 'creativity', 'initiative', 'problem solving', 'maturity', 'flexibility', 'adaptability']"
Information Security Analyst,"['time management', 'professionalism', 'organizational', 'prioritization', 'independent work', 'interpersonal', 'business and analytical', 'communication', 'adaptability']"
Information Security Analyst,"['strong communication', 'task management', 'managerial task', 'report drafting', 'collaboration', 'problem solving', 'data gathering', 'budget planning', 'committee participation', 'awareness campaign']"
Information Security Analyst,"['strong communication', 'ability to work independently', 'ability to work analytically', 'team player', 'strong sense of urgency', 'innovative and creative mindset', 'willingness to share knowledge']"
Information Security Analyst,"['excellent communication', 'customer service focus', 'calmness under pressure', 'responsibility', 'strong work ethic', 'dependability']"
Information Security Analyst,"['collaboration', 'communication', 'analytical']"
Information Security Analyst,"['analytical', 'collaboration', 'problem solving', 'communication', 'team oriented']"
Information Security Analyst,"['partnering', 'meeting facilitation', 'time management', 'business interaction', 'influencing', 'ability to run report', 'user production support experience', 'written and oral communication', 'facilitation', 'note taking']"
Information Security Analyst,"['customer service', 'team collaboration', 'self motivated', 'project planning and execution', 'problem solving', 'confidentiality', 'cultural sensitivity']"
Information Security Analyst,"['analytical', 'attention to detail', 'problem solving ability', 'client service orientation', 'sense of urgency']"
Information Security Analyst,"['excellent interpersonal', 'ability to multitask', 'professional business function', 'computer literate']"
Information Security Analyst,"['analytical', 'attention to detail', 'problem solving', 'teamwork', 'communication', 'documentation']"
Information Security Analyst,"['presentation skills.', 'vision/strategic thinking', 'decision making', 'project management', 'communication', 'leadership', 'problem solving', 'teamwork', 'interpersonal']"
Information Security Analyst,"['effective communication', 'service excellence', 'accountability', 'professionalism in difficult situation', 'problem solving', 'teamwork', 'interpersonal', 'cultural sensitivity', 'equal employment opportunity understanding']"
Information Security Analyst,"['training and education', 'attention to detail', 'project management', 'collaboration', 'problem solving', 'communication', 'analytical thinking']"
Information Security Analyst,"['customer service', 'data security management', 'attention to detail', 'patience', 'clear communication', 'independence', 'adaptability', 'diversity awareness', 'collaboration', 'multitasking', 'problem solving', 'teamwork', 'judgment', 'organization']"
Information Security Analyst,"['proactive participation', 'customer satisfaction', 'stakeholder management', 'team collaboration', 'design creativity', 'process adherence', 'customer relationship management', 'business management', 'communication']"
Information Security Analyst,"['customer service', 'results oriented', 'curiosity', 'independent judgment', 'detail oriented', 'adaptability', 'decision making', 'interpersonal', 'ethical conduct', 'initiative', 'work ethics', 'confidentiality', 'teamwork', 'communication', 'flexibility', 'organization']"
Information Security Analyst,"['customer service', 'attention to detail', 'independent judgment', 'decision making', 'initiative', 'intellectual curiosity', 'relationship building', 'confidentiality', 'teamwork', 'communication', 'flexibility', 'honesty and ethics', 'organization']"
Information Security Analyst,"['attention to detail', 'training and teaching', 'verbal communication', 'team performance', 'critical thinking', 'collaboration', 'written communication', 'problem solving', 'service mindset', 'interpersonal', 'adaptability']"
Information Security Analyst,"['ability to work independently', 'good command of english', 'decision making', 'teamwork', 'flexibility', 'clear and concise communication']"
Information Security Analyst,"['communication (verbal/written)', 'professionalism', 'organization', 'positive customer relationship', 'continuous learning', 'problem solving', 'interpersonal', 'adaptability']"
Information Security Analyst,"['presentation', 'innovation', 'research', 'decision making', 'collaboration', 'leadership', 'problem solving', 'communication', 'flexibility', 'technology advisory service', 'adaptability']"
Information Security Analyst,"['prioritizing', 'analytical', 'presentation', 'planning', 'passion for information security', 'verbal and written communication', 'influence', 'attention to detail', 'deadline oriented', 'self motivated', 'project management', 'collaboration', 'budgeting', 'problem solving', 'fast paced environment', 'interpersonal']"
Information Security Analyst,"['impact and results focus', 'creative thinking', 'innovation', 'influence', 'collaboration', 'initiative', 'teamwork']"
Information Security Analyst,['adaptability']
Information Security Analyst,"['analysis', 'administration', 'collaboration', 'problem solving', 'teamwork', 'communication', 'documentation']"
Information Security Analyst,"['detail oriented', 'interpersonal', 'project management', 'able to prioritize task', 'communication']"
Information Security Analyst,"['customer service', 'time management', 'attention to detail', 'professionalism', 'problem solving', 'communication']"
Information Security Analyst,"['analytical', 'customer service orientation', 'organizational', 'self motivation', 'initiative', 'continuous learning', 'leadership', 'problem solving', 'teamwork', 'communication', 'flexibility']"
Information Security Analyst,"['ability to work independently', 'attention to detail']"
Information Security Analyst,"['analytical', 'attention to detail', 'critical thinking', 'project management', 'continuous learning', 'problem solving', 'teamwork', 'communication']"
Information Security Analyst,"['time management', 'attention to detail', 'organizational', 'collaboration', 'problem solving', 'teamwork', 'communication', 'analytical thinking', 'adaptability']"
Information Security Analyst,"['self motivated', 'project management', 'relationship building', 'problem solving', 'teamwork', 'communication']"
Information Security Analyst,"['excellent communication', 'social engineering engagement experience', 'ability to influence other', 'data analysis']"
Information Security Analyst,"['strong organizational', 'collaboration', 'team orientation', 'communication', 'analytical thinking', 'influence and change management']"
Information Security Analyst,"['customer service', 'administrative assistance', 'communication', 'interpersonal']"
Information Security Analyst,"['strong communication', 'policy interpretation', 'independent work capability', 'multi tasking ability', 'ongoing guidance and direction']"
Information Security Analyst,"['personable', 'attention to detail', 'customer service orientation', 'high degree of discretion', 'proactive', 'communication', 'adaptability']"
Information Security Analyst,"['multitasking ability', 'work ethic', 'analytical', 'ability to innovate', 'detail oriented', 'communication', 'creativity', 'social intelligence']"
Information Security Analyst,"['time management', 'attention to detail', 'critical thinking', 'problem solving', 'teamwork', 'communication', 'analytical thinking']"
Information Security Analyst,"['excellent writing', 'organizational', 'prioritization', 'objective decision making', 'interpersonal', 'detail oriented mindset', 'communication', 'ability to maintain confidentiality']"
Information Security Analyst,"['event organization', 'interviewing technique', 'interpersonal', 'cultural diversity awareness', 'decision making ability', 'communication', 'information research', 'mediation technique']"
Information Security Analyst,"['attention to detail', 'initiative', 'problem solving', 'teamwork', 'communication', 'adaptability']"
Information Security Analyst,"['customer service', 'listening', 'verbal communication', 'continuous improvement', 'collaboration', 'documentation']"
Information Security Analyst,"['presentation', 'consulting', 'analytical', 'innovation', 'collaboration', 'leadership']"
Information Security Analyst,"['collaborative teamwork', 'communication with stakeholder']"
Information Security Analyst,"['ethics', 'teamwork', 'project management', 'analytical ability', 'collaboration', 'problem solving', 'training', 'communication', 'documentation']"
Information Security Analyst,"['problem solving', 'communication', 'attention to detail']"
Information Security Analyst,"['customer service', 'ability to work independently', 'organizational', 'respect', 'positive attitude', 'troubleshooting', 'leadership', 'confidentiality', 'communication', 'flexibility', 'adaptability']"
Information Security Analyst,"['customer service', 'time management', 'team collaboration', 'attention to detail', 'report writing', 'organizational', 'adaptability', 'decision making', 'interpersonal', 'problem solving', 'communication', 'analytical thinking', 'supervision']"
Information Security Analyst,"['customer service', 'time management', 'analytical', 'change management', 'continuous learning', 'problem solving', 'teamwork', 'communication', 'adaptability']"
Information Security Analyst,"['analysis', 'collaboration', 'problem solving', 'teamwork', 'communication', 'adaptability']"
Information Security Analyst,"['strong communication', 'risk management', 'analytical', 'attention to detail', 'liaison', 'coordination', 'learning agility', 'problem solving', 'process discipline', 'continuous improvement mindset', 'adaptability']"
Information Security Analyst,"['independence', 'coordination', 'collaboration', 'technical acumen', 'best practice adherence', 'teamwork', 'communication', 'flexibility']"
Information Security Analyst,"['research', 'communication', 'analytical', 'attention to detail']"
Information Security Analyst,"['work ethic', 'time management', 'detail oriented', 'leadership', 'problem solving', 'teamwork', 'communication', 'flexibility', 'adaptability']"
Information Security Analyst,['excellent written communication']
Information Security Analyst,"['influence', 'critical thinking', 'project management', 'interpersonal', 'collaboration', 'problem solving', 'communication']"
Information Security Analyst,"['time management', 'attention to detail', 'influence', 'critical thinking', 'collaboration', 'communication', 'interpersonal', 'adaptability']"
Information Security Analyst,"['attention to detail', 'stress management', 'customer service focus', 'collaboration', 'influence without authority', 'relationship building', 'communication', 'adaptability']"
Information Security Analyst,"['quick learning', 'time management', 'analytical', 'attention to detail', 'enthusiasm', 'team player', 'stress management', 'critical thinking', 'self motivation', 'positive attitude', 'problem solving', 'communication', 'business maturity', 'adaptability']"
Information Security Analyst,"['organizational', 'self directed decision making', 'learning agility', 'negotiation', 'teamwork', 'interpersonal', 'analytical thinking', 'facilitation', 'adaptability']"
Information Security Analyst,"['incident management', 'security guidance provision', 'analytical and troubleshooting', 'policy guidance provision', 'communication']"
Information Security Analyst,"['multicultural sensitivity', 'analytical', 'attention to detail', 'compassion', 'collaboration', 'problem solving', 'written and oral communication', 'teamwork', 'communication']"
Information Security Analyst,"['time management', 'attention to detail', 'organizational', 'independent judgment', 'problem solving', 'confidentiality', 'teamwork', 'communication', 'flexibility', 'adaptability']"
Information Security Analyst,"['problem solving', 'creativity', 'detail oriented', 'commitment']"
Information Security Analyst,"['effective communication', 'innovative thinking', 'problem solving', 'collaboration', 'quality work delivery', 'self starter', 'proactive issue identification', 'team support', 'flexibility', 'constructive input']"
Information Security Analyst,"['process improvement', 'collaboration', 'strategic thinking', 'problem solving', 'communication']"
Information Security Analyst,"['strong business acumen', 'team player', 'customer focus', 'ability to prioritize', 'strategic consulting', 'organization and detail orientation', 'written and verbal communication']"
Information Security Analyst,"['attention to detail', 'prioritization', 'project management', 'interpersonal', 'communication']"
Information Security Analyst,"['presentation', 'planning and organizational', 'communication', 'problem solving', 'interpersonal', 'adaptability']"
Information Security Analyst,"['client facing ability', 'time management', 'accountability', 'customer service orientation', 'self motivated', 'adaptability', 'problem solving', 'observant', 'communication', 'research and analytics', 'organization']"
Information Security Analyst,"['flexibility in schedule', 'time management', 'analytical', 'verbal and written communication', 'hunger to learn', 'organizational', 'customer service orientation', 'detail oriented', 'experience with ticketing system', 'problem solving', 'teamwork']"
Information Security Analyst,"['communication', 'analytical']"
Information Security Analyst,"['customer service', 'work ethic', 'results orientation', 'interpersonal', 'problem solving', 'communication', 'analytical thinking']"
Information Security Analyst,"['collaboration', 'communication', 'advocacy']"
Information Security Analyst,"['deductive reasoning', 'prioritization', 'critical thinking', 'collaboration', 'problem solving']"
Information Security Analyst,"['time management', 'innovative thinking', 'analytical', 'presentation', 'customer partnership', 'critical thinking', 'self motivation', 'collaboration', 'communication', 'work ethics', 'problem solving', 'teamwork', 'consultative approach']"
Information Security Analyst,"['time management', 'professionalism', 'customer service orientation', 'teamwork', 'attention to detail', 'decision making', 'interpersonal', 'relationship building', 'leadership', 'problem solving', 'ethical decision making', 'communication', 'adaptability']"
Information Security Analyst,"['time management', 'interpersonal', 'project management', 'relationship building', 'teamwork', 'communication', 'adaptability']"
Information Security Analyst,"['training', 'coordination', 'consultative ability', 'leadership', 'problem solving', 'teamwork', 'communication', 'facilitation']"
Information Security Analyst,"['problem solving', 'creativity', 'relationship building', 'leadership']"
Information Security Analyst,"['global work experience', 'innovative problem solving', 'proactive communication', 'big picture thinking', 'user insight', 'cross functional collaboration', 'strategic leadership']"
Information Security Analyst,"['customer service', 'professionalism', 'objectivity', 'problem solving', 'project management', 'strong work ethic', 'willingness to learn', 'communication', 'adaptability']"
Information Security Analyst,"['professionalism', 'conscientiousness', 'customer service orientation', 'independence', 'prioritization', 'dedication to quality', 'integrity']"
Information Security Analyst,"['judgment', 'collaboration', 'relationship building', 'problem solving', 'communication', 'documentation', 'supervision']"
Information Security Analyst,"['listening', 'can do attitude', 'prioritization', 'self starter', 'analytical problem solving', 'teamwork', 'interpersonal']"
Information Security Analyst,"['problem solving', 'analytical thinking']"
Information Security Analyst,"['ability to multi task', 'and friendly manner alway', 'positive', 'shift focus']"
Information Security Analyst,"['strong organizational', 'facilitation', 'project management']"
Information Security Analyst,"['attention to detail', 'influencing', 'self motivation', 'collaboration', 'creativity', 'planning and organization', 'communication', 'analytical thinking']"
Information Security Analyst,"['customer service', 'team collaboration', 'organizational', 'curiosity', 'diversity and inclusion advocate', 'self motivation', 'communication', 'analytical thinking']"
Information Security Analyst,"['verbal communication', 'excellent presentation', 'customer service', 'phone']"
Information Security Analyst,"['time management', 'analytical', 'attention to detail', 'organizational', 'critical thinking', 'problem solving', 'teamwork', 'communication', 'adaptability']"
Information Security Analyst,"['winning attitude', 'strong performance']"
Information Security Analyst,"['customer service', 'training assistance', 'time management', 'attention to detail', 'prioritization', 'project management', 'collaboration', 'problem solving', 'communication', 'documentation', 'adaptability']"
Information Security Analyst,"['calm under pressure', 'collaboration', 'learning agility', 'advanced analytical', 'leadership', 'problem solving', 'multitasking', 'communication', 'documentation', 'adaptability']"
Information Security Analyst,[]
Information Security Analyst,"['time management', 'process execution', 'planning and budgeting concept', 'organizational', 'communication']"
Information Security Analyst,"['attention to detail', 'independence', 'positive attitude', 'learning agility', 'problem solving', 'teamwork', 'communication']"
Information Security Analyst,"['management (of service providers)', 'problem solving', 'communication', 'multi tasking', 'analytical thinking']"
Information Security Analyst,"['drive and ambition', 'collaboration', 'creativity', 'autonomy', 'problem solving', 'passion', 'communication']"
Information Security Analyst,"['team collaboration', 'attention to detail', 'project management', 'leadership', 'problem solving', 'communication', 'analytical thinking', 'adaptability']"
Information Security Analyst,"['attention to detail', 'information security advisory', 'risk mitigation strategy', 'critical thinking', 'problem solving', 'multitasking', 'communication', 'stakeholder engagement']"
Machine Learning,"['mentorship', 'technical leadership', 'management experience', 'independent research']"
Machine Learning,"['research experience', 'project management', 'creativity', 'problem solving', 'teamwork', 'communication']"
Machine Learning,"['problem solving', 'communication', 'interpersonal', 'autonomy']"
Machine Learning,"['data driven decision making', 'innovative thinking', 'results oriented', 'collaboration', 'disciplined execution', 'problem solving', 'communication', 'engineering life cycle participation']"
Machine Learning,"['stakeholder management', 'motivation', 'change management', 'analytical', 'challenging status quo', 'influencing', 'negotiation', 'global collaboration', 'leadership', 'problem solving', 'business acumen']"
Machine Learning,"['agile mindset', 'fast learner', 'collaboration', 'vision implementation', 'problem solving', 'communication']"
Machine Learning,"['collaboration', 'communication', 'leadership', 'independent research']"
Machine Learning,"['teamwork', 'results orientation', 'learning agility', 'fast paced environment adaptability']"
Machine Learning,"['problem solving', 'communication', 'teamwork', 'interpersonal']"
Machine Learning,['analytical']
Machine Learning,"['customer service orientation', 'coaching and training', 'executive leadership interaction', 'travel flexibility', 'urgency and follow through', 'problem solving']"
Machine Learning,"['presentation', 'ownership', 'entrepreneurial mindset', 'customer empowerment', 'collaboration', 'problem solving', 'communication', 'innovativeness', 'adaptability']"
Machine Learning,"['team management', 'collaboration', 'leadership', 'problem solving', 'communication']"
Machine Learning,"['team collaboration', 'enthusiasm', 'self motivation', 'passion for', 'strategic thinking', 'problem solving', 'adaptability']"
Machine Learning,"['quick learner', 'motivated', 'analysis', 'collaboration', 'problem solving', 'teamwork']"
Machine Learning,"['analytical', 'attention to detail', 'research', 'critical thinking', 'collaboration', 'problem solving', 'communication']"
Machine Learning,"['design', 'client communication', 'ownership']"
Machine Learning,"['time management', 'problem solving', 'proactive', 'continuous learning', 'leadership', 'mentoring', 'teamwork', 'communication', 'adaptability']"
Machine Learning,"['product driven', 'team player', 'research oriented', 'problem solving', 'highly skilled']"
Machine Learning,"['and presentation communication', 'open source project experience', 'excellent written', 'verbal', 'strong problem solving']"
Machine Learning,"['adaptability', 'critical thinking', 'collaboration', 'leadership', 'problem solving', 'interdisciplinary work', 'communication', 'management']"
Machine Learning,"['problem solving', 'teamwork', 'communication', 'ownership']"
Machine Learning,"['results driven', 'cold emailing', 'trust building', 'persistence', 'creativity', 'relationship building', 'goal oriented', 'cold calling', 'customer focused', 'solution sales mindset']"
Machine Learning,"['time management', 'problem solving', 'collaboration', 'strong work ethic', 'communication']"
Machine Learning,"['code reviewing', 'design thinking', 'relevance engineering', 'collaboration', 'problem solving', 'passion for machine learning', 'teamwork', 'communication', 'analytical thinking']"
Machine Learning,"['strong publication record', 'research experience']"
Machine Learning,"['creative thinking', 'curiosity', 'critical thinking', 'collaboration', 'problem solving', 'communication']"
Machine Learning,"['time management', 'attention to detail', 'critical thinking', 'collaboration', 'problem solving', 'communication']"
Machine Learning,"['patents development', 'presentation', 'proposal writing', 'technical documentation', 'communication', 'research publication']"
Machine Learning,"['agile work environment adaptation', 'mentoring and teamwork', 'business and product collaboration', 'leadership']"
Machine Learning,"['team collaboration', 'people management', 'general management', 'enthusiasm for gaming industry', 'influence and persuasion', 'relationship building', 'strategic thinking', 'inclusivity promotion', 'inspiring leadership']"
Machine Learning,"['analytical', 'team development', 'communication', 'leadership', 'problem solving', 'interpersonal']"
Machine Learning,"['collaboration', 'analytical', 'critical thinking']"
Machine Learning,"['excellent communication skills.', 'strong team player']"
Machine Learning,"['critical thinking', 'collaboration', 'continuous learning', 'problem solving', 'communication']"
Machine Learning,"['innovative thinking', 'collaboration', 'problem solving', 'fast paced environment', 'communication', 'adaptability']"
Machine Learning,"['strong communication', 'transparent and open communication', 'emphasis on work/life balance', 'collaborative mindset', 'team player attitude', 'diversity and inclusion awareness']"
Machine Learning,"['collaboration', 'communication']"
Machine Learning,"['analytical', 'analytic translation', 'collaboration', 'problem solving', 'communication']"
Machine Learning,"['resilience', 'innovation', 'collaboration', 'learning agility', 'leadership', 'problem solving', 'analytical thinking']"
Machine Learning,"['motivated', 'analytical', 'self motivated', 'team player', 'detail oriented', 'autonomous work', 'disruptive thinking', 'collaboration', 'structured approach', 'troubleshooting', 'leadership', 'problem solving', 'communication', 'multi tasking']"
Machine Learning,['polyglotism']
Machine Learning,"['adventurous spirit', 'passion for learning', 'critical thinking', 'distinctive personality']"
Machine Learning,"['energy', 'teaming', 'commitment to technical advancement', 'leadership', 'problem solving', 'adaptability']"
Machine Learning,"['teamwork', 'communication', 'presentation', 'organization']"
Machine Learning,"['leadership', 'presentation', 'project management', 'collaboration', 'relationship building', 'strategic thinking', 'business acumen', 'communication']"
Machine Learning,"['innovation', 'collaboration', 'creativity', 'problem solving', 'communication', 'adaptability']"
Machine Learning,"['leadership ability', 'analytical', 'enthusiasm', 'ownership', 'soft skills:', 'collaboration', 'problem solving', 'teamwork', 'communication', 'adaptability']"
Machine Learning,"['transformation', 'stakeholder management', 'leadership', 'problem solving', 'communication', 'team building']"
Machine Learning,"['multitasking', 'communication']"
Machine Learning,"['customer service', 'attention to detail', 'positive attitude', 'fast paced environment adaptation', 'self direction', 'leadership', 'teamwork']"
Machine Learning,"['market awareness', 'innovation', 'influence', 'collaboration', 'creativity', 'relationship building', 'leadership', 'problem solving', 'communication']"
Machine Learning,"['communication', 'interpersonal', 'passion for learning', 'curiosity']"
Machine Learning,"['team player', 'communication']"
Machine Learning,"['passionate', 'research', 'soft skills:', 'awareness of industry trend', 'leadership', 'problem solving', 'ability to provide guidance', 'communication', 'team building', 'adaptability']"
Machine Learning,"['research', 'adaptability', 'problem solving', 'communication', 'networking', 'organization']"
Machine Learning,['strong critical thinking']
Machine Learning,"['attention to detail', 'collaboration', 'problem solving', 'communication', 'quality orientation', 'adaptability']"
Machine Learning,"['problem solving', 'collaboration', 'communication', 'research']"
Machine Learning,"['agility', 'influencing', 'creativity', 'growth mindset', 'leadership', 'passion', 'communication', 'flexibility']"
Machine Learning,"['entrepreneurial mindset', 'collaboration', 'creativity', 'passion for the industry', 'problem solving', 'communication', 'adaptability']"
Machine Learning,"['passionate', 'creative', 'excellent communication']"
Machine Learning,"['goal setting', 'entrepreneurial mindset', 'soft skills:', 'collegiality', 'collaboration', 'communication (verbal and written)', 'mentorship', 'openness and transparency', 'task oriented', 'teamwork']"
Machine Learning,"['thought leadership', 'consulting', 'problem solving', 'mentoring']"
Machine Learning,"['determination', 'logical thinking', 'decisiveness', 'patience', 'excellent communication', 'analytical', 'research', 'attention to detail', 'motivational', 'collaboration', 'interpersonal', 'flexibility', 'independent thinking']"
Machine Learning,"['customer facing experience', 'teamwork and collaboration', 'superior human relation', 'prioritization and time management', 'adaptability and flexibility', 'communication']"
Machine Learning,"['customer service', 'urgency', 'patience', 'ownership', 'blogging', 'humility', 'writing', 'drive', 'empathy', 'problem solving', 'communication', 'organization']"
Machine Learning,"['innovation', 'customer orientation', 'relationship building', 'leadership', 'communication', 'adaptability']"
Machine Learning,[]
Machine Learning,"['innovation', 'critical thinking', 'autonomy', 'problem solving', 'communication', 'adaptability']"
Machine Learning,"['attention to detail', 'coaching', 'decision making', 'collaboration', 'people', 'leadership', 'problem solving', 'teamwork', 'communication']"
Machine Learning,"['forward thinking vision', 'professionalism', 'attention to detail', 'customer service orientation', 'quality focus', 'communication', 'staff management']"
Machine Learning,"['team player', 'decision making', 'executive gravitas', 'collaboration', 'communication']"
Machine Learning,"['research', 'problem solving', 'teamwork', 'communication', 'analytical thinking']"
Machine Learning,"['responsible', 'ability to work independently', 'conscientious', 'self motivated']"
Machine Learning,"['strategic planning', 'project management', 'collaboration', 'leadership', 'problem solving', 'communication', 'team building']"
Machine Learning,"['soft skills:', 'project management', 'self sufficient work style', 'communication', 'research coordination']"
Machine Learning,"['meeting deadline', 'ownership', 'quality', 'autonomy', 'flexibility']"
Machine Learning,"['grant writing', 'customer service oriented', 'technical consulting', 'training and education development', 'proposal development', 'collaboration', 'relationship building', 'problem solving', 'teamwork', 'communication']"
Machine Learning,['communication']
Machine Learning,"['research experience', 'data visualization', 'communication', 'working independently']"
Machine Learning,"['analytical', 'motivation', 'logical reasoning', 'self drive', 'positive attitude', 'integrity', 'responsibility', 'problem solving', 'dependability', 'desire to learn', 'exploration of new']"
Machine Learning,"['collaboration', 'communication', 'continuous learning.', 'adaptability']"
Machine Learning,"['training evaluation', 'coaching', 'content customization', 'travel flexibility', 'mentoring', 'communication']"
Machine Learning,"['research', 'evaluation', 'problem solving', 'leadership', 'thought leadership', 'communication']"
Machine Learning,"['presentation', 'stakeholder management', 'research', 'evaluation', 'collaboration', 'problem solving', 'communication', 'analytical thinking']"
Machine Learning,"['customer service', 'team player', 'organization']"
Machine Learning,"['innovation', 'influencing', 'agile methodology', 'collaboration', 'customer centric mindset', 'relationship building', 'leadership', 'problem solving', 'communication', 'adaptability']"
Machine Learning,"['problem solving', 'collaboration', 'verbal and written communication']"
Machine Learning,"['research agenda design', 'research background', 'publication', 'collaboration', 'problem solving', 'communication']"
Machine Learning,"['attention to detail', 'agile methodology', 'collaboration', 'problem solving', 'communication', 'analytical thinking', 'documentation']"
Machine Learning,"['ability to work independently', 'time management', 'analytical', 'attention to detail', 'interpersonal', 'project management', 'strong sense of urgency', 'leadership', 'problem solving', 'teamwork', 'communication', 'quality orientation']"
Machine Learning,"['analytical', 'innovation', 'research', 'collaboration', 'problem solving', 'communication']"
Machine Learning,"['research', 'creativity', 'problem solving', 'communication', 'analytical thinking']"
Machine Learning,"['written communication', 'intellectual property development', 'strong verbal communication', 'team oriented']"
Machine Learning,"['data driven decision making', 'stakeholder management', 'presentation', 'discovery processes leadership.', 'project management', 'collaboration', 'problem solving', 'communication', 'documentation']"
Machine Learning,"['time management', 'presentation', 'critical thinking', 'collaboration', 'oral and written communication', 'problem solving', 'multitasking']"
Machine Learning,"['follow up', 'conflict resolution', 'analytical', 'planning', 'process improvement', 'interpersonal', 'relationship building', 'customer service relationship', 'problem solving', 'communication', 'emotional intelligence', 'organization']"
Machine Learning,"['publication of research', 'presentation', 'innovation', 'research and development', 'collaboration']"
Machine Learning,"['problem solving', 'collaboration', 'communication', 'project management']"
Machine Learning,"['collaboration', 'research leadership', 'presentation', 'inventiveness']"
Machine Learning,"['attention to detail', 'curiosity', 'critical thinking', 'research oriented', 'collaboration', 'creativity', 'continuous learning and improvement', 'ethical mindset', 'adaptable', 'problem solving', 'communication']"
Machine Learning,"['research background', 'collaboration', 'publication']"
Machine Learning,"['effective presentation', 'troubleshooting', 'client training and education', 'customer service orientation']"
Machine Learning,[]
Machine Learning,"['strong publication record', 'research experience', 'excellent programming']"
Machine Learning,"['time management', 'creativity', 'problem solving', 'teamwork', 'communication']"
Machine Learning,"['team player', 'passion for machine learning', 'innovation driven mindset', 'problem solving']"
Machine Learning,"['cooperation', 'planning', 'professionalism', 'constructive approach', 'decision making', 'positive attitude', 'interpersonal']"
Machine Learning,"['enthusiasm', 'versatility', 'leadership', 'problem solving', 'adaptability']"
Machine Learning,"['sales support', 'team collaboration', 'research and development', 'independent work', 'consultation', 'creativity', 'leadership', 'problem solving']"
Machine Learning,"['collaboration', 'communication', 'soft skills:', 'scientific method understanding']"
Machine Learning,"['problem solving', 'collaboration', 'communication', 'project management']"
Machine Learning,"['self motivated', 'interpersonal', 'collaboration', 'task oriented', 'strong work ethic', 'communication']"
Machine Learning,"['results driven', 'strategic analysis', 'business partnering', 'fast paced environment', 'challenge loving']"
Machine Learning,"['customer service', 'time management', 'design', 'research', 'collaboration', 'initiative', 'problem solving', 'communication', 'adaptability']"
Machine Learning,"['analytical', 'organizational', 'collaboration', 'leadership', 'problem solving', 'communication']"
Machine Learning,"['teamwork', 'communication']"
Machine Learning,"['technical curiosity', 'creativity', 'breadth of knowledge']"
Network Architect,"['leadership', 'resilience', 'influencing', 'customer relationship management', 'relationship building', 'strategic thinking', 'problem solving', 'communication', 'proactivity']"
Network Architect,"['time management', 'organizational', 'task prioritization', 'interpersonal', 'mentoring', 'teamwork', 'communication']"
Network Architect,"['professional demeanor', 'strong interpersonal', 'excellent customer service', 'self motivated and driven', 'charismatic and outgoing personality']"
Network Architect,"['customer service', 'time management', 'attention to detail', 'teamwork', 'communication', 'adaptability']"
Network Architect,"['strong communication', 'team collaboration', 'strategic thinking', 'strong time management', 'strong prioritization']"
Network Architect,"['attention to detail', 'team player', 'soft skills:', 'good communication', 'communication']"
Network Architect,"['time management', 'task management', 'decision making', 'collaboration', 'relationship building', 'problem solving', 'communication']"
Network Architect,"['customer service', 'presentation', 'organizational', 'execution focus', 'relationship building', 'negotiation', 'outcome focus', 'communication']"
Network Architect,"['presentation', 'active listening', 'leadership', 'problem solving', 'communication', 'adaptability']"
Network Architect,"['strategic thinking', 'innovation', 'coaching', 'customer orientation', 'performance optimization', 'problem solving', 'collaboration', 'consultation', 'relationship building', 'leadership', 'mentoring', 'teamwork', 'communication', 'business relevance understanding', 'adaptability']"
Network Architect,"['coaching and development', 'time management', 'organizational', 'knowledge sharing', 'collaboration', 'leadership', 'problem solving', 'teamwork', 'communication']"
Network Architect,"['customer service', 'team management', 'motivation', 'goal setting', 'strong interpersonal', 'vendor management', 'leadership', 'problem solving', 'communication', 'management']"
Network Architect,"['project support', 'knowledge management', 'solution conceptualization', 'asset development and governance', 'enterprise asset assessment', 'training & mentoring', 'business development support', 'solution definition and design']"
Network Architect,"['project oversight', 'risk management', 'attention to detail', 'decision making', 'critical thinking', 'team leadership', 'communication', 'collaboration', 'problem solving', 'training', 'quality assurance', 'policy enforcement', 'cultural awareness', 'adaptability']"
Network Architect,"['time management', 'and budget planning', 'adaptability', 'teamwork and persistence', 'detail oriented', 'project management', 'quick reaction time', 'vendor management', 'scalability', 'collaboration with business leader', 'high analytical', 'capacity']"
Network Architect,"['organizational', 'problem solving', 'project management', 'mentoring', 'communication']"
Network Architect,"['time management', 'knowledge transfer', 'providing status update', 'problem solving', 'collaboration with team', 'communication']"
Network Architect,"['mentorship and guidance', 'multi project servicing', 'prioritization', 'interpersonal', 'problem solving', 'communication', 'client and employee interface']"
Network Architect,"['strategic thinking', 'self learning', 'business value orientation', 'articulation', 'presentation', 'client service', 'leadership', 'problem solving', 'teamwork', 'communication', 'analytical thinking', 'adaptability']"
Network Architect,"['leadership', 'analytical', 'decision making', 'collaboration', 'strategic thinking', 'problem solving', 'communication', 'adaptability']"
Network Architect,"['problem solving', 'communication', 'analytical']"
Network Architect,"['strategic thinking', 'team collaboration', 'innovation', 'project management', 'leadership', 'problem solving', 'communication', 'adaptability']"
Network Architect,"['professional appearance', 'relationship building', 'attention to detail', 'customer service orientation']"
Network Architect,"['collaboration', 'communication', 'leadership']"
Network Architect,"['problem solving', 'collaboration', 'communication', 'troubleshooting']"
Network Architect,"['leadership', 'presentation', 'decision making', 'collaboration', 'staff development', 'mentorship', 'communication', 'staff mentoring']"
Network Architect,"['strong communication', 'stakeholder management', 'attention to detail', 'team player', 'documentation']"
Network Architect,"['commitment to customer success', 'communication', 'flair for']"
Network Architect,"['customer service orientation', 'problem solving ability', 'strategic planning ability', 'training and development facilitation', 'stakeholder engagement and management', 'teamwork', 'communication', 'documentation']"
Network Architect,"['attention to detail', 'self motivated', 'strong customer relationship building', 'energetic', 'confident and articulate', 'self starter', 'communication', 'continuous improvement mindset']"
Network Architect,"['mentorship', 'project management', 'leadership']"
Network Architect,"['presentation', 'problem solving', 'leadership', 'persuasion', 'communication']"
Network Architect,"['incident management', 'collaboration', 'troubleshooting', 'mentoring', 'problem solving', 'communication']"
Network Architect,"['strong communication', 'adaptability in complex situation', 'community engagement', 'passionate', 'coaching', 'trusted advisor', 'problem solving', 'relationship building', 'continuous learning', 'leadership', 'mentoring', 'team building', 'professional networking']"
Network Architect,"['leadership', 'ownership', 'adaptability', 'decision making', 'active listening', 'strategic thinking', 'problem solving', 'communication', 'organization']"
Network Architect,"['vendor and supplier management', 'creative problem solving', 'problem solving ability', 'independent judgment and initiative', 'project management', 'interpersonal communication', 'customer service and discretion', 'analytical thinking', 'organizational and prioritization']"
Network Architect,"['multitasking ability', 'attention to detail', 'organizational', 'prioritization', 'cisa', 'cism', 'leadership', 'certifications cissp', 'communication', 'analytical thinking']"
Network Architect,"['customer service', 'time management', 'accountability', 'judgment', 'prioritization', 'decision making', 'critical thinking', 'collaboration', 'initiative', 'problem solving', 'teamwork', 'communication', 'adaptability']"
Network Architect,"['risk taking', 'initiative', 'leadership', 'problem solving', 'communication']"
Network Architect,"['architectural decision making', 'mentorship', 'technical research', 'leadership', 'communication']"
Network Architect,"['time management', 'professionalism', 'active listening', 'self motivation', 'ethical behavior', 'collaboration', 'communication', 'problem solving', 'judgment', 'adaptability']"
Network Architect,"['time management', 'highly motivated', 'detail oriented', 'writing', 'project management', 'leadership', 'problem solving', 'customer interaction', 'teamwork', 'communication']"
Network Architect,"['strategic thinking', 'client relationship management', 'consulting', 'decision making', 'critical thinking', 'leadership', 'problem solving', 'teamwork', 'communication', 'initiative taking']"
Network Architect,"['time management', 'attention to detail', 'prioritization', 'fast paced environment adaptability', 'travel flexibility', 'collaboration', 'leadership', 'communication']"
Network Architect,"['report writing', 'public presentation', 'market understanding', 'communication and presentation', 'attention to documentation detail']"
Network Architect,"['problem solving', 'teamwork', 'analytical thinking', 'timely resolution']"
Network Architect,"['team management', 'risk management', 'presentation', 'relationship building', 'business acumen', 'communication', 'adaptability']"
Network Architect,"['time management', 'organizational', 'self motivation', 'collaboration', 'interpersonal communication', 'relationship building', 'planning and coordination', 'problem solving', 'multi tasking', 'team building']"
Network Architect,"['decision making', 'project management', 'troubleshooting', 'customer support', 'teamwork', 'communication']"
Network Architect,"['time management', 'presentation', 'organizational', 'verbal and written communication', 'self motivation', 'collaboration', 'interpersonal communication', 'adaptability']"
Network Architect,"['customer service', 'time management', 'detail oriented', 'leadership', 'problem solving', 'teamwork', 'communication']"
Network Architect,"['customer service', 'analytical', 'attention to detail', 'organizational', 'interpersonal', 'collaboration', 'problem solving', 'communication', 'multi tasking', 'adaptability']"
Network Architect,"['business process improvement', 'client relationship management', 'interpersonal', 'travel flexibility', 'collaboration', 'leadership', 'teamwork', 'communication']"
Network Architect,"['personal growth orientation.', 'multi tasking ability', 'ethical standards commitment', 'presentation and facilitation', 'adaptability to changing environment', 'negotiation and coaching']"
Network Architect,"['attention to detail', 'team development', 'continuous improvement', 'change management', 'decision making', 'collaboration', 'solution seeking', 'sense of urgency', 'strategic thought leadership', 'problem solving', 'networking', 'communication', 'multi tasking', 'stakeholder engagement']"
Network Architect,"['team player', 'strong problem solving', 'commitment to meeting timetable', 'creative thinking']"
Network Architect,"['problem solving', 'technical leadership', 'documentation', 'communication in english']"
Network Architect,"['team management', 'strategic planning', 'decision making', 'collaboration', 'leadership', 'problem solving', 'communication', 'analytical thinking']"
Network Architect,"['motivation', 'customer facing', 'independence', 'written communication', 'interpersonal', 'desire for practice ownership']"
Network Architect,"['ability to conduct research', 'strong project management']"
Network Architect,"['problem solving', 'communication', 'creativity', 'interpersonal']"
Network Architect,"['team management', 'oversight', 'technical guidance', 'project management', 'leadership', 'training', 'communication']"
Network Architect,"['time management', 'analytical', 'detail oriented', 'teamwork and persistence', 'project management', 'strong organization', 'interpersonal communication', 'troubleshooting', 'adaptability']"
Network Architect,"['customer service', 'professionalism', 'strength of character', 'diversity awareness', 'positive attitude', 'ability to educate client', 'teamwork', 'keeping informed']"
Network Architect,"['collaboration', 'creativity', 'leadership', 'problem solving', 'training', 'communication', 'analytical thinking', 'documentation']"
Network Architect,"['time management', 'analytical', 'attention to detail', 'decision making', 'interpersonal', 'leadership', 'communication', 'continuous improvement mindset']"
Network Architect,"['creative solution definition', 'presentation', 'research', 'collaboration', 'problem solving', 'communication']"
Network Architect,"['customer interfacing', 'team collaboration', 'time and expense management', 'communication with stakeholder', 'client consulting', 'education and training development', 'project leadership', 'problem solving']"
Network Architect,"['written', 'adapt', 'self motivated', 'ability to learn', 'verbal', 'good listening', 'driven']"
Network Architect,"['work ethic', 'customer service orientation', 'problem solving', 'multitasking', 'communication', 'adaptability.']"
Network Architect,"['presentation', 'credible and convincing reasoning', 'analytical', 'strategic sales support', 'collaboration', 'problem solving', 'communication', 'peer relationships with customer']"
Network Architect,"['problem solving ability', 'detail oriented', 'project management', 'analytical ability', 'interpersonal communication', 'leadership']"
Network Architect,"['strong business discovery process', 'public speaking', 'active listening', 'client relation', 'problem solving', 'communication']"
Network Architect,"['time management', 'collaboration', 'creativity', 'leadership', 'problem solving', 'communication', 'adaptability']"
Network Architect,"['time management', 'organizational', 'task prioritization', 'interpersonal', 'mentoring', 'communication']"
Network Architect,"['coordination', 'leadership', 'problem solving', 'teamwork', 'communication']"
Network Architect,"['strong communication', 'quick learner', 'attention to detail', 'problem solving', 'autonomy', 'self starter', 'teamwork']"
Network Architect,"['analytical', 'attention to detail', 'operational budget management', 'problem solving', 'team leadership', 'project management', 'technical expertise', 'relationship building', 'strategic thinking', 'personnel development', 'vendor negotiation', 'communication']"
Network Architect,"['design', 'analytical', 'presentation', 'education', 'critical thinking', 'project management', 'risk assessment', 'relationship building', 'problem solving', 'communication', 'customer champion']"
Network Architect,"['presentation', 'planning', 'analytical', 'prioritization', 'self driven', 'collaboration', 'leadership', 'teamwork', 'communication']"
Network Architect,"['efficiency', 'leadership', 'problem solving', 'diplomacy', 'teamwork', 'communication', 'flexibility']"
Network Architect,"['attention to detail', 'commitment to teamwork', 'team player', 'self starter', 'critical thinking', 'communication', 'problem solving', 'interpersonal', 'flexibility']"
Network Architect,"['strategic thinking', 'decision making', 'collaboration', 'leadership', 'problem solving', 'communication', 'analytical thinking', 'adaptability']"
Network Architect,"['negotiation', 'intellectual curiosity', 'consultative sale', 'leadership', 'business acumen', 'communication', 'team building', 'adaptability']"
Network Architect,[]
Network Architect,"['customer service', 'soft skills:', 'leadership', 'problem solving', 'teamwork', 'communication', 'adaptability']"
Network Architect,"['time management', 'communication', 'problem solving', 'teamwork', 'interpersonal', 'adaptability']"
Network Architect,"['self motivation', 'excellent customer service', 'relationship building', 'teamwork', 'communication']"
Network Architect,"['motivation', 'multi functional collaboration', 'influencing', 'feedback sharing', 'collaboration', 'creativity', 'autonomy', 'trust building', 'passion for progress', 'continuous learning', 'strategic thinking', 'problem solving', 'teamwork', 'communication']"
Network Architect,"['customer service', 'time management', 'decision making', 'collaboration', 'problem solving', 'communication']"
Network Architect,['professionalism']
Network Architect,"['strategic thinking', 'ethical standard', 'urgency', 'risk management', 'talent management', 'service orientation', 'decision making', 'interpersonal', 'collaboration', 'integrity', 'relationship building', 'mentoring', 'leadership', 'problem solving', 'communication']"
Network Architect,"['time management', 'stakeholder management', 'analytical', 'trustworthiness', 'self motivation', 'relationship building', 'leadership', 'problem solving', 'communication']"
Network Architect,"['strategic planning', 'ability to work independently', 'documentation']"
Network Architect,"['customer centric', 'time management', 'adaptability', 'decision making', 'critical thinking', 'initiative', 'problem solving', 'business acumen', 'communication', 'teamwork/collaboration']"
Network Architect,"['consulting', 'influence', 'collaboration', 'leadership', 'mentoring', 'communication']"
Network Architect,"['innovative thinking', 'leadership and team management', 'strategic planning', 'collaboration and networking', 'problem solving', 'research and investigation']"
Network Architect,"['team collaboration', 'project management', 'vendor management', 'problem solving', 'communication']"
Network Architect,"['leadership', 'consulting', 'decision making', 'collaboration', 'strategic thinking', 'communication', 'analytical thinking', 'adaptability']"
Network Architect,"['transformational mindset', 'impact driven', 'collaboration', 'leadership', 'problem solving', 'communication']"
Network Architect,"['clarity in communication', 'innovation', 'decision making', 'influence and guidance', 'collaboration', 'anticipation of future need', 'strategy development', 'relationship building', 'leadership', 'problem solving']"
Network Architect,"['team management', 'leadership', 'conflict resolution', 'strategic planning', 'policy development', 'vendor management', 'negotiation', 'problem solving', 'communication', 'supervision']"
Network Architect,"['accountability', 'innovation', 'decision making', 'soft skills:', 'teamwork & collaboration', 'analytical ability', 'excellence', 'communication', 'safety']"
Network Architect,"['strategic thinking', 'customer centric approach', 'interpersonal', 'self motivation', 'collaboration', 'initiative', 'leadership', 'problem solving', 'communication']"
Network Architect,"['problem solving', 'collaboration', 'communication', 'documentation']"
Network Architect,"['sales support', 'presentation', 'consulting', 'consultative', 'collaboration', 'proactive', 'engineering', 'leadership', 'solution design', 'communication', 'customer focused', 'account management']"
Network Architect,"['collaboration', 'communication', 'interpersonal', 'leadership']"
Network Architect,['ability to work independently']
Network Architect,"['communication with stakeholder', 'on call availability', 'end user support', 'project leadership', 'problem solving', 'ownership of problem', 'documentation']"
Network Architect,"['communication', 'multi tasking', 'quality commitment', 'organizational']"
Network Architect,"['collaboration', 'communication', 'time management', 'troubleshooting']"
Network Architect,"['problem solving', 'collaboration', 'communication', 'innovation']"
Network Architect,['professionalism']
Network Architect,"['customer service', 'presentation', 'prioritization', 'self motivation', 'safety awareness', 'communication', 'strategic thinking', 'problem solving', 'physical capability', 'teamwork', 'customer interaction', 'flexibility', 'willingness to travel', 'adaptability']"
Network Architect,"['cross cultural collaboration', 'presentation', 'innovation', 'soft skills:', 'collaboration', 'creativity', 'interpersonal']"
Network Architect,['excellent communication']
Network Architect,"['program management', 'leadership']"
Network Architect,"['multitasking ability', 'time management', 'organizational', 'excellent teamwork', 'communication', 'flexibility', 'documentation']"
Statistics,"['organizational', 'team player', 'customer relation', 'deadline oriented', 'accuracy', 'confidentiality', 'communication', 'multi tasking', 'reliability']"
Statistics,"['problem solving', 'teamwork', 'communication', 'attention to detail']"
Statistics,"['attention to detail', 'patient interaction', 'problem solving', 'teamwork', 'communication', 'organization']"
Statistics,"['problem solving', 'communication', 'attention to detail']"
Statistics,"['customer service', 'time management', 'organizational', 'stress management', 'judgment and decision making', 'confidentiality', 'relationship building', 'written and oral communication', 'multitasking', 'adaptability']"
Statistics,"['time management', 'attention to detail', 'independence', 'collaboration', 'problem solving', 'communication', 'cultural sensitivity', 'adaptability']"
Statistics,"['time management', 'analytical', 'client management', 'collaboration', 'problem solving']"
Statistics,"['ethics', 'time management', 'professionalism', 'collaboration', 'positive attitude', 'judgment', 'adaptability']"
Statistics,"['teamwork and collaboration', 'credibility building', 'accountability and encouragement', 'partner relationship management', 'communication']"
Statistics,"['resourcefulness', 'partner relationship building', 'attention to detail', 'exceptional verbal communication', 'quality improvement orientation', 'positive attitude', 'initiative', 'ability to handle pressure', 'problem solving', 'teamwork', 'multicultural communication', 'adaptability']"
Statistics,"['problem solving', 'customer service', 'interpersonal communication', 'empathy']"
Statistics,"['teamwork', 'communication']"
Statistics,"['time management', 'attention to detail', 'excellent customer service', 'ability to follow direction', 'problem solving', 'teamwork', 'communication']"
Statistics,"['customer service', 'establishing effective relationship', 'physical abilities (lifting', 'bending', 'climbing', 'problem solving', 'communication', 'etc.)']"
Statistics,"['discipline', 'motivation', 'analytical', 'curiosity', 'presentation', 'project management', 'collaboration', 'autonomy']"
Statistics,"['customer service', 'time management', 'presentation', 'coaching', 'detail oriented', 'training and facilitation', 'communication']"
Statistics,"['time management', 'communication', 'attention to detail', 'organization']"
Statistics,"['customer service', 'written and oral communication', 'flexibility and cooperation', 'decision making', 'interpersonal communication', 'problem solving', 'confidentiality', 'teamwork', 'analytical thinking', 'supervision']"
Statistics,"['customer service', 'attention to detail', 'problem solving', 'teamwork', 'communication', 'adaptability']"
Statistics,"['communication', 'empathy', 'attention to detail', 'adaptability']"
Statistics,"['analytical', 'research', 'critical thinking', 'project management', 'mentoring', 'leadership', 'problem solving', 'teamwork', 'communication', 'adaptability']"
Statistics,"['willingness to take risk', 'data driven decision making', 'innovative thinking', 'program development', 'governance', 'feedback collection']"
Statistics,"['sensitivity and understanding', 'adaptability', 'initiative', 'relationship building', 'problem solving', 'communication', 'organization']"
Statistics,"['written communication', 'relationship building', 'interpersonal communication', 'leadership']"
Statistics,"['talent management', 'inspirational leadership', 'customer focus', 'influencing', 'results focus', 'relationship building', 'strategic thinking', 'change & innovation']"
Statistics,"['problem solving', 'customer service', 'communication']"
Statistics,"['organizational', 'prioritization', 'interpersonal', 'problem solving', 'multitasking', 'communication', 'management']"
Statistics,"['time management', 'attention to detail', 'teamwork', 'communication', 'organization']"
Statistics,"['customer service', 'time management', 'attention to detail', 'problem solving', 'communication']"
Statistics,"['problem solving', 'research', 'collaboration']"
Statistics,"['work ethic', 'presentation', 'attention to detail', 'self direction', 'written and verbal communication']"
Statistics,"['time management', 'accountability', 'attention to detail', 'adaptability', 'interpersonal', 'communication', 'supervision']"
Statistics,"['multidisciplinary work', 'marketing', 'client relationship management', 'time management', 'work direction', 'resource management', 'professional development', 'building relationship', 'collaboration', 'project coordination', 'multicultural context', 'leadership', 'problem solving', 'teaching', 'communication']"
Statistics,"['resourcefulness', 'leadership', 'cross functional communication', 'ownership', 'influence', 'project management', 'strategic thinking', 'problem solving', 'communication']"
Statistics,"['strategic thinking', 'time management', 'interpersonal', 'collaboration', 'negotiation', 'efficiency', 'relationship building', 'leadership', 'problem solving', 'written and oral communication', 'diplomacy', 'flexibility']"
Statistics,"['time management', 'interpersonal', 'analytical mindset', 'leadership', 'decision making ability', 'communication', 'adaptability']"
Statistics,"['analytical', 'attention to detail', 'problem solving', 'teamwork', 'communication']"
Statistics,"['relationship management', 'planning/organizing', 'project management', 'written communication', 'problem solving', 'dependability', 'adaptability']"
Statistics,"['presentation', 'planning', 'organizational', 'interpersonal', 'project management', 'collaboration', 'communication']"
Statistics,"['communication', 'interpersonal', 'multi tasking', 'organization']"
Statistics,"['interpersonal', 'teamwork', 'communication', 'project management']"
Statistics,"['customer service', 'effective communication', 'ability to read', 'understand', 'interpret']"
Statistics,"['time management', 'stakeholder management', 'detail oriented', 'critical thinking', 'autonomy', 'communication', 'adaptability']"
Statistics,"['written', 'analytical', 'organizational', 'detail oriented', 'communication']"
Statistics,"['time management', 'analytical', 'attention to detail', 'integrity and autonomy', 'communication', 'relationship building', 'cross functional partnership', 'multi tasking']"
Statistics,"['time management', 'presentation', 'analytical', 'attention to detail', 'accountability', 'critical thinking', 'adaptable', 'interpersonal communication', 'written communication', 'intellectual curiosity', 'initiative', 'client service orientation', 'problem solving', 'teamwork', 'multi tasking', 'oral communication']"
Statistics,"['team management', 'time management', 'conflict resolution', 'leadership', 'communication']"
Statistics,"['time management', 'analytical', 'detail orientation', 'teamwork', 'communication']"
Statistics,"['analytical', 'research', 'prioritization', 'teamwork', 'communication', 'adaptability']"
Statistics,"['time management', 'attention to detail', 'adaptability', 'communication', 'interpersonal', 'organization']"
Statistics,"['collaboration', 'communication', 'flexibility']"
Statistics,"['multicultural sensitivity', 'accountability', 'planning', 'organizational', 'verbal communication', 'evaluation', 'delegation', 'self motivation', 'written communication']"
Statistics,"['analytical', 'business partnership', 'problem solving', 'teamwork', 'communication', 'organization']"
Statistics,"['customer service', 'strong organizational', 'decision making', 'relationship building', 'problem solving']"
Statistics,"['public speaking', 'decision making', 'collaboration', 'leadership', 'communication']"
Statistics,"['customer service', 'time management', 'attention to detail', 'adaptability', 'collaboration', 'problem solving', 'multitasking', 'communication', 'organization']"
Statistics,"['customer service', 'professionalism', 'attention to detail', 'confidentiality', 'dependability', 'communication', 'priority setting', 'adaptability']"
Statistics,"['ability to work independently', 'excellent communication', 'organizational', 'detail oriented', 'interpersonal', 'problem solving', 'ability to multitask']"
Statistics,"['problem solving', 'collaboration', 'communication', 'critical thinking']"
Statistics,"['customer service', 'attention to detail', 'report writing', 'diversity appreciation', 'project management', 'integrity', 'communication', 'multi tasking']"
Statistics,"['team management', 'customer service', 'decision making', 'training and development', 'leadership', 'problem solving', 'communication']"
Statistics,"['attention to detail', 'critical thinking', 'problem solving', 'teamwork', 'communication']"
Statistics,"['presentation', 'attention to detail', 'strategic planning', 'collaboration', 'analytical mindset', 'problem solving', 'teamwork', 'communication']"
Statistics,"['time management', 'attention to detail', 'organizational', 'professionalism', 'staff engagement', 'communication']"
Statistics,"['resourcefulness', 'customer service', 'organizational', 'confidentiality handling', 'detail oriented', 'results driven', 'collaboration', 'flexibility', 'relationship building', 'problem solving', 'communication', 'multi tasking', 'adaptability']"
Statistics,"['strong organizational', 'ability to multitask', 'service oriented', 'attention to detail']"
Statistics,"['problem solving', 'communication', 'analytical', 'organizational']"
Statistics,"['organization and planning', 'ownership', 'innovation', 'business acumen', 'customer focus', 'commitment to continuous learning', 'collaboration', 'integrity', 'excellence', 'teamwork', 'communication', 'adaptability']"
Statistics,"['attention to detail', 'quantitative aptitude', 'strong organizational', 'self motivation', 'inquisitiveness', 'logical and systematic thinking', 'flexibility']"
Statistics,"['good english communication', 'attention to detail', 'good telephone communication']"
Statistics,"['customer service', 'effective communication', 'following instruction', 'eagerness to learn', 'task oriented', 'problem solving', 'teamwork']"
Statistics,"['presentation', 'analytical', 'attention to detail', 'self motivated', 'dynamic', 'communication', 'multi tasking']"
Statistics,"['customer service', 'conflict management', 'interpersonal communication', 'problem solving']"
Statistics,"['organizational', 'empathy', 'leadership', 'problem solving', 'teamwork', 'communication']"
Statistics,"['attention to detail', 'physical stamina and dexterity', 'self starter', 'teamwork', 'communication', 'adaptability']"
Statistics,"['customer service', 'punctuality', 'attention to detail', 'safety awareness', 'teamwork', 'communication', 'flexibility', 'reliability']"
Statistics,"['customer service', 'teamwork', 'communication']"
Statistics,[]
Statistics,"['time management', 'independence.', 'critical thinking']"
Statistics,"['problem solving', 'time management', 'communication', 'detail oriented']"
Statistics,"['fast paced environment', 'meticulous attention to detail', 'accurate', 'demonstrated problem solving']"
Statistics,"['effective communication', 'time management', 'team collaboration', 'creativity', 'integrity', 'problem solving']"
Statistics,"['strong organizational', 'communication', 'management and supervision experience']"
Statistics,"['customer service', 'attention to detail', 'decision making', 'interpersonal', 'collaboration', 'continuous learning', 'ethics and value', 'problem solving', 'communication', 'adaptability']"
Statistics,"['interest in sport', 'attention to detail', 'team player', 'quick information processing', 'communication']"
Statistics,"['customer service', 'supervisory', 'communication']"
Statistics,"['verbal communication', 'positive attitude', 'flexibility', 'delegation']"
Statistics,"['problem solving', 'time management', 'customer service', 'communication']"
Statistics,"['attention to detail', 'self motivated', 'prioritization', 'strong analytical', 'initiative', 'problem solving', 'communication']"
Statistics,"['research experience', 'communication', 'analytical', 'attention to detail']"
Statistics,"['community engagement ability', 'customer service', 'collaboration', 'creativity', 'leadership', 'strong presentation', 'interpersonal']"
Statistics,['strong interpersonal']
Statistics,"['customer service', 'communication', 'analytical', 'tact and courtesy']"
Statistics,"['customer service', 'time management', 'attention to detail', 'adaptability', 'problem solving', 'teamwork', 'communication', 'flexibility', 'organization']"
Statistics,"['soft skills:', 'critical thinking', 'collaboration', 'problem solving', 'interpersonal', 'cultural sensitivity']"
Statistics,"['attention to detail', 'critical thinking', 'collaboration', 'problem solving', 'teamwork', 'communication', 'adaptability']"
Statistics,"['administrative support', 'attention to detail', 'organizational', 'judgment', 'initiative', 'interpretation', 'independent coordination', 'problem solving', 'confidentiality', 'communication', 'multi tasking']"
Statistics,"['time management', 'attention to detail', 'organizational', 'research', 'problem solving', 'teamwork', 'communication']"
Statistics,"['creativity', 'communication', 'attention to detail', 'adaptability']"
Statistics,"['analytical', 'entrepreneurial spirit', 'self starter', 'detail oriented', 'enthusiastic', 'innovative', 'problem solving', 'communication']"
Statistics,"['flexibility', 'excellence in teaching']"
Statistics,"['stakeholder management', 'critical thinking', 'proactive communication', 'problem solving', 'teamwork', 'communication', 'analytical thinking', 'adaptability']"
Statistics,"['customer service', 'time management', 'attention to detail', 'organizational', 'confidentiality', 'teamwork', 'professional communication']"
Statistics,"['attention to detail', 'strong interpersonal', 'project management', 'organizational']"
Statistics,"['resourcefulness', 'attention to detail', 'teamwork', 'critical thinking', 'interpersonal', 'initiative', 'problem solving', 'confidentiality', 'multitasking', 'communication']"
Statistics,"['time management', 'judgment', 'attention to detail', 'active learning', 'critical thinking', 'professional etiquette', 'positive attitude', 'multitasking', 'collaboration', 'problem solving', 'teamwork', 'communication', 'adaptability']"
Statistics,"['monitoring', 'attention to detail', 'initiative', 'problem solving', 'teamwork', 'communication', 'multi tasking', 'adaptability']"
Statistics,"['customer service', 'attention to detail', 'energetic', 'confidentiality', 'respectfulness', 'learning agility', 'observational', 'responsibility', 'leadership', 'problem solving', 'maturity', 'teamwork', 'communication']"
Statistics,"['listening', 'ability to take direction', 'organizational', 'playful exploration mindset', 'results driven', 'giving feedback', 'collaboration', 'creativity', 'quick learning ability', 'communication', 'cross functional teamwork', 'adaptability']"
Statistics,"['time management', 'adaptability', 'communication', 'organizational']"
Statistics,"['time management', 'attention to detail', 'interpersonal', 'initiative', 'discretion', 'teamwork', 'communication']"
Statistics,"['passion', 'one team philosophy', 'accountability', 'highly organized', 'customer focus', 'detail oriented', 'teamwork', 'flexibility']"
Statistics,"['customer service', 'decision making', 'relationship building', 'communication (verbal and written)', 'problem solving', 'adaptability']"
Statistics,"['resourcefulness', 'professionalism', 'organizational', 'team player', 'strong interpersonal', 'initiative', 'composure in stressful situation']"
Statistics,"['empathy', 'interpersonal', 'collaboration', 'negotiation', 'communication']"
Statistics,"['attention to detail', 'organizational', 'ability to multitask', 'interpersonal', 'teamwork', 'communication', 'adaptability']"
Statistics,"['time management', 'professionalism', 'customer service orientation', 'organization', 'ethical behavior', 'positive attitude', 'teamwork', 'communication', 'adaptability']"
Statistics,"['communication', 'prioritization', 'relationship building', 'organization']"
Technical Operations,"['professionalism', 'patience', 'strong customer service', 'problem solving', 'communication', 'team oriented']"
Technical Operations,"['collaborative team player', 'results driven']"
Technical Operations,"['customer service', 'time management', 'collaboration', 'problem solving', 'adaptability']"
Technical Operations,"['ability to work independently', 'attention to detail', 'prioritization', 'decision making', 'communication', 'organization']"
Technical Operations,"['excellent attendance and punctuality', 'prioritization', 'safety awareness', 'professional appearance', 'teamwork', 'communication', 'flexibility']"
Technical Operations,"['customer service', 'conflict resolution', 'collaboration', 'sensitivity to special need', 'problem solving', 'cultural competence']"
Technical Operations,"['customer service', 'sale', 'relationship building', 'problem solving', 'communication']"
Technical Operations,"['customer service', 'prioritization', 'interpersonal', 'problem solving', 'diplomacy', 'communication', 'adaptability']"
Technical Operations,"['resourcefulness', 'continual learning ability', 'professional phone demeanor', 'professionalism', 'attendance and reliability', 'caring', 'excellent customer service', 'integrity', 'adaptability']"
Technical Operations,"['customer service', 'conflict management', 'analytical', 'teamwork', 'interpersonal', 'negotiation', 'problem solving', 'dependability', 'communication', 'adaptability']"
Technical Operations,"['detail orientation', 'professional development', 'self motivation', 'collaboration', 'interdisciplinary teamwork', 'strategic thinking', 'teamwork', 'communication', 'flexibility']"
Technical Operations,"['customer service', 'accountability', 'innovation', 'adaptability', 'prioritization', 'collaboration', 'growth mindset', 'relationship building', 'problem solving', 'communication', 'analytical thinking', 'stakeholder engagement', 'organization']"
Technical Operations,"['strong communication', 'organizational', 'detail oriented', 'consulting and influencing', 'project management', 'relationship building', 'proactive talent engagement']"
Technical Operations,"['planning', 'attention to detail', 'adaptability', 'prioritization', 'decision making', 'reading comprehension', 'interpersonal communication', 'problem solving', 'teamwork', 'flexibility', 'organization']"
Technical Operations,"['team player', 'detail oriented', 'initiative', 'motivation for advancement', 'adaptability']"
Technical Operations,"['critical thinking ability', 'organizational', 'supervisory experience', 'written procedure creation', 'relationship building', 'communication', 'confidentiality maintenance', 'adaptability']"
Technical Operations,"['customer service', 'time management', 'interpersonal', 'integrity', 'problem solving', 'teamwork', 'communication', 'adaptability']"
Technical Operations,"['problem solving', 'outstanding communication', 'building working relationship', 'maturity and professionalism']"
Technical Operations,"['resourcefulness', 'punctuality', 'time management', 'analytical', 'attention to detail', 'exceptional customer service', 'self motivation', 'dependability']"
Technical Operations,"['critical thinking', 'teamwork', 'communication', 'analytical thinking', 'adaptability']"
Technical Operations,"['customer service', 'following instruction', 'accountability', 'interpersonal and human relation', 'maintaining confidentiality', 'soft skills:', 'initiative', 'oral and written communication', 'problem solving', 'prioritizing workload', 'adaptability']"
Technical Operations,"['problem solving', 'time management', 'teamwork', 'communication']"
Technical Operations,"['customer service', 'interpersonal', 'teamwork', 'communication', 'flexibility']"
Technical Operations,"['organizational support', 'initiative', 'quantity output', 'teamwork', 'quality orientation', 'customer service', 'innovation', 'dependability', 'soft skills:', 'diversity awareness', 'problem solving', 'attendance/punctuality', 'quality management', 'planning/organizing', 'judgment', 'cost consciousness', 'interpersonal', 'ethics', 'motivation', 'professionalism', 'verbal communication', 'written communication', 'business acumen', 'adaptability']"
Technical Operations,"['problem solving', 'time management', 'communication']"
Technical Operations,"['time management', 'communication']"
Technical Operations,"['time management', 'organizational', 'interpersonal', 'quick learning ability', 'problem solving', 'teamwork', 'communication', 'flexibility', 'adaptability']"
Technical Operations,"['stakeholder management', 'curiosity', 'detail oriented', 'fast paced working', 'collaboration', 'strategic thinking', 'problem solving', 'communication', 'analytical thinking']"
Technical Operations,"['positive attitude', 'communication', 'service excellence']"
Technical Operations,"['collaboration', 'relationship building', 'multitasking', 'professional communication', 'adaptability']"
Technical Operations,"['time management', 'attention to detail', 'problem solving', 'teamwork', 'communication']"
Technical Operations,"['multitasking ability', 'time management', 'attention to detail', 'organizational', 'problem solving ability', 'decision making', 'collaboration', 'initiative', 'creativity in training material', 'teaching', 'communication', 'exceptional business judgment', 'adaptability']"
Technical Operations,"['problem solving', 'time management', 'communication', 'attention to detail']"
Technical Operations,"['stress tolerance', 'professional demeanor', 'thoroughness', 'high level of confidentiality', 'independent judgment', 'team player', 'self motivation', 'proactive', 'excellent written', 'initiative', 'tact and diplomacy', 'flexibility']"
Technical Operations,"['customer service', 'team collaboration', 'interpersonal', 'integrity', 'rapport building', 'physical stamina and ability', 'communication', 'flexibility', 'adaptability']"
Technical Operations,"['customer service', 'listening', 'conflict resolution', 'professionalism', 'teamwork', 'effective questioning', 'courteous communication', 'problem solving', 'confidentiality', 'multitasking', 'interpersonal', 'flexibility', 'adaptability']"
Technical Operations,"['customer service', 'attention to detail', 'verbal and written communication']"
Technical Operations,"['pleasant telephone personality', 'organizational']"
Technical Operations,"['coaching and development', 'attention to detail', 'efficiency enhancement', 'collaboration', 'strategic agility', 'communication', 'quality improvement', 'problem solving', 'leadership', 'self improvement', 'adaptability']"
Technical Operations,"['guidance and oversight', 'collaboration', 'audit/evaluation support', 'self starter', 'teamwork', 'communication', 'flexibility']"
Technical Operations,"['effective communication', 'multitasking ability', 'organizational', 'problem solving', 'cross functional collaboration']"
Technical Operations,"['customer service', 'self reliant', 'project management', 'process oriented', 'learning agility', 'problem solving', 'communication', 'documentation', 'team oriented']"
Technical Operations,"['time management', 'attention to detail', 'change management', 'collaboration', 'continuous learning', 'leadership', 'problem solving', 'teamwork', 'interpersonal', 'adaptability']"
Technical Operations,"['compliance adherence', 'strategic planning', 'prioritization', 'training and development', 'leadership', 'problem solving', 'customer interaction', 'teamwork', 'communication']"
Technical Operations,"['attention to detail', 'coordination', 'safety precaution', 'troubleshooting', 'problem solving', 'documentation']"
Technical Operations,"['strong oral/written communication', 'self motivated', 'detail oriented', 'highly creative.', 'leadership', 'interpersonal']"
Technical Operations,"['multitasking', 'customer focus', 'team collaboration', 'attention to detail']"
Technical Operations,"['supervision', 'training', 'communication', 'organizational']"
Technical Operations,"['leadership', 'analytical', 'attention to detail', 'entrepreneurial mindset', 'interpersonal', 'collaboration', 'strategic thinking', 'communication']"
Technical Operations,"['dedication', 'attention to detail', 'organizational', 'interpersonal', 'problem solving', 'teamwork', 'communication', 'proactivity']"
Technical Operations,"['exceptional customer service', 'superior organization', 'problem solver', 'ability to work night', 'cross department collaboration']"
Technical Operations,"['time management', 'professionalism', 'problem solving', 'teamwork', 'communication', 'adaptability']"
Technical Operations,"['relationship management', 'collaboration', 'accuracy']"
Technical Operations,"['customer service', 'time management', 'active listening', 'problem solving', 'communication']"
Technical Operations,"['preparedness', 'accountability', 'analytical', 'impact driven', 'self motivation', 'growth mindset', 'problem solving', 'service mindset', 'communication', 'positivity']"
Technical Operations,"['customer service', 'tact and patience', 'professionalism', 'self motivated', 'critical thinking', 'relationship building', 'adaptability']"
Technical Operations,"['self motivated', 'curious', 'detail oriented', 'ability to mentor other', 'adaptive', 'flexibility', 'problem solving', 'resourceful', 'multi tasking', 'data driven']"
Technical Operations,"['customer service', 'attention to detail', 'communication', 'integrity', 'problem solving', 'teamwork', 'interpersonal', 'adaptability']"
Technical Operations,"['adhering to safety guideline', 'reliable transportation', 'following guideline', 'wearing necessary safety gear', 'highly motivated', 'cleaning work area']"
Technical Operations,"['leadership', 'team collaboration', 'analytical', 'customer focus', 'project management', 'strategic thinking', 'problem solving', 'communication']"
Technical Operations,"['customer service', 'time management', 'attention to detail', 'collaboration', 'problem solving', 'communication', 'organization']"
Technical Operations,"['organizational', 'diversity training', 'empathy', 'problem solving', 'cultural competence', 'communication', 'documentation']"
Technical Operations,"['analytical', 'organizational', 'interpersonal', 'relationship building', 'business judgment', 'communication', 'initiative taking']"
Technical Operations,"['continuous improvement focus', 'basic computing knowledge', 'exceptional customer service', 'team participation', 'establishing and maintaining relationship', 'integrity and reliability', 'self directed', 'organization']"
Technical Operations,"['communication', 'emotional intelligence', 'adaptability']"
Technical Operations,"['detail oriented', 'organized']"
Technical Operations,"['customer service', 'training', 'attention to detail', 'problem solving', 'procurement', 'communication']"
Technical Operations,"['problem solving', 'effective communication', 'organizational']"
Technical Operations,"['meeting deadline', 'analytical', 'organizational', 'verbal communication', 'strong interpersonal', 'prioritization', 'written communication']"
Technical Operations,"['safety regulations adherence', 'maintenance work', 'attention to detail', 'cleanliness and organization', 'following instruction']"
Technical Operations,"['self starter', 'soft skills:', 'operational excellence', 'strong work ethic', 'teamwork']"
Technical Operations,"['customer service', 'attention to detail', 'collaboration', 'problem solving', 'teamwork', 'communication', 'adaptability']"
Technical Operations,"['physical strength and endurance', 'time management', 'attention to detail', 'problem solving', 'strong work ethic', 'dependability', 'communication', 'flexibility', 'adaptability']"
Technical Operations,"['maintaining confidentiality', 'communication', 'attention to detail']"
Technical Operations,"['customer service', 'analytical', 'training coordination', 'verbal communication', 'prioritization', 'written communication', 'problem solving']"
Technical Operations,"['detail oriented', 'cross functional teamwork']"
Technical Operations,"['highly organized', 'detail oriented', 'strong analytical', 'excellent interpersonal', 'professional with sound judgment']"
Technical Operations,"['independence', 'trustworthiness', 'decision making', 'problem solving', 'relationship building', 'leadership', 'cross functional team collaboration', 'communication']"
Technical Operations,"['decision making', 'critical thinking', 'influencing', 'interpersonal', 'proactivity.', 'leadership', 'problem solving', 'communication', 'cross functional teamwork', 'organization']"
Technical Operations,"['risk management', 'innovation', 'collaboration', 'leadership', 'business acumen', 'communication', 'emergency preparedness', 'building coalition']"
Technical Operations,"['attention to detail', 'physical fitness', 'safety consciousness', 'teamwork', 'adaptability']"
Technical Operations,"['attention to detail', 'following safety rule', 'neat and clean workspace', 'flexibility', 'manual dexterity', 'communication', 'spatial and visual perception', 'adaptability']"
Technical Operations,"['positive attitude', 'leadership', 'mentoring', 'fast paced environment', 'communication', 'team building', 'adaptability']"
Technical Operations,"['time management', 'attention to detail', 'collaboration', 'problem solving', 'fast paced environment', 'communication']"
Technical Operations,"['strong communication', 'organized mindset', 'collaborative mindset', 'exceptional hands on support', 'ability to work autonomously', 'self starter']"
Technical Operations,"['accountability', 'analytical', 'leadership', 'teamwork', 'communication', 'adaptability']"
Technical Operations,"['mentoring', 'knowledge sharing', 'technical expertise']"
Technical Operations,"['customer service', 'collaboration', 'leadership', 'problem solving', 'communication']"
Technical Operations,"['initiative', 'good teamwork quality']"
Technical Operations,"['time management', 'presentation', 'motivation', 'strong customer service', 'attention to detail', 'public speaking', 'collaboration', 'interpersonal communication', 'problem solving', 'adaptability']"
Technical Operations,"['soft skills:', 'project management', 'teamwork', 'communication', 'analytical thinking']"
Technical Operations,"['conflict resolution', 'strategic planning', 'collaboration', 'negotiation', 'communication']"
Technical Operations,"['positive/service oriented attitude', 'attention to detail/well organized', 'soft skills:', 'proactive/excellent follow through', 'presentation skills/poise']"
Technical Operations,"['team management', 'results oriented', 'values alignment', 'strategic planning', 'relationship management', 'public speaking', 'collaboration', 'relationship building', 'leadership', 'communication']"
Technical Operations,"['attention to detail', 'customer service attitude', 'self management', 'problem solving', 'written and verbal communication', 'teamwork', 'interpersonal', 'flexibility', 'task efficiency', 'organization']"
Technical Operations,"['time management', 'presentation', 'prioritization', 'influencing', 'problem solving', 'decision making', 'leadership', 'mentoring', 'customer interaction', 'teamwork', 'communication', 'flexibility']"
Technical Operations,"['oral', 'ability to work independently', 'strong customer service', 'organizational', 'detail oriented', 'presentation)', 'excellent communication skills (written']"
Technical Operations,"['customer service', 'analytical', 'attention to detail', 'independence', 'creativity', 'relationship building', 'problem solving', 'multitasking', 'communication']"
Technical Operations,"['customer service', 'attention to detail', 'organizational', 'written communication', 'problem solving', 'teamwork']"
Technical Operations,"['training and education', 'time management', 'planning', 'collaboration', 'leadership', 'problem solving', 'communication', 'team coordination', 'organization']"
Technical Operations,"['weekend', 'proficiency in office procedure', 'and holiday', 'interacting and entertaining passenger', 'working flexible hour']"
Technical Operations,"['ethics', 'attention to detail', 'dependability', 'safety awareness', 'mechanical ability', 'problem solving', 'teamwork', 'communication', 'adaptability']"
Technical Operations,"['customer service', 'time management', 'attention to detail', 'problem solving', 'teamwork', 'communication']"
Technical Operations,"['time management', 'organization', 'detail oriented', 'positive attitude', 'problem solving', 'teamwork', 'communication', 'adaptability']"
Technical Operations,"['team collaboration', 'user insights discovery', 'intellectual curiosity', 'multitasking', 'flexibility', 'remote team management']"
Technical Operations,"['resourcefulness', 'planning and prioritization', 'influence', 'problem solving', 'communication']"
Technical Operations,"[') team orientation', ') tact and diplomacy', ') professionalism', ') adaptability', ') drive for excellence', ') customer commitment']"
Technical Operations,"['customer satisfaction', 'decision making', 'collaboration', 'leadership', 'problem solving', 'communication', 'organization']"
Technical Operations,"['ability to work independently', 'attention to detail', 'teamwork', 'trustworthiness', 'dependability', 'communication']"
Technical Operations,"['analytical', 'relationship management', 'collaborative environment building', 'soft skills:', 'problem solving', 'communication']"
Technical Operations,"['problem solving', 'teamwork', 'communication', 'attention to detail']"
Technical Operations,"['customer service', 'attention to detail', 'organizational', 'sensitivity to diverse culture', 'self motivation', 'communication', 'problem solving', 'teamwork', 'interpersonal', 'multi tasking', 'adaptability']"
Technical Operations,"['time management', 'attention to detail', 'empathy', 'interpersonal', 'relationship building', 'problem solving', 'teamwork', 'communication', 'adaptability']"
Technical Operations,"['conflict resolution', 'organizational', 'collaboration', 'relationship building', 'leadership', 'problem solving']"
Technical Operations,"['customer service', 'time management', 'empathy', 'interpersonal', 'collaboration', 'problem solving', 'teamwork', 'communication', 'adaptability']"
Technical Operations,"['physical strength', 'ability to follow instruction', 'attention to detail', 'manual', 'timeliness', 'safety consciousness', 'working in a team', 'adaptability']"
Technical Operations,"['attention to detail', 'collaboration', 'leadership', 'problem solving', 'communication']"
Technical Operations,"['customer service', 'presentation', 'collaboration', 'relationship building', 'problem solving', 'communication']"
Technical Operations,"['presentation', 'attention to detail', 'critical thinking', 'collaboration', 'relationship building', 'problem solving', 'communication', 'adaptability']"
Technical Operations,"['influence', 'collaboration', 'initiative', 'relationship building', 'problem solving', 'teamwork', 'communication']"
Technology Integration,"['ability to follow instruction', 'excellent communication', 'cross functional experience', 'detail oriented', 'flexibility']"
Technology Integration,"['ability to work independently', 'attention to detail', 'collaboration', 'problem solving', 'communication']"
Technology Integration,"['attention to detail', 'judgment', 'sense of humor', 'initiative', 'strategic thinking', 'problem solving', 'executive presence', 'communication', 'analytical thinking']"
Technology Integration,"['problem solving ability', 'attention to detail']"
Technology Integration,"['exceptional communication', 'outgoing', 'confident', 'self motivated', 'ability to multi task', 'initiative']"
Technology Integration,"['customer service', 'detail oriented']"
Technology Integration,"['excellent organizational', 'excellent communication']"
Technology Integration,"['credibility', 'time management', 'attention to detail', 'organizational', 'trustworthiness', 'ethical conduct', 'collaboration', 'integrity', 'communication', 'teamwork', 'interpersonal', 'adaptability']"
Technology Integration,"['customer obsession', 'organizational', 'drive for result', 'influencing for impact', 'collaboration', 'adaptability']"
Technology Integration,"['customer service', 'resourcefulness', 'patience', 'organization', 'writing', 'communication', 'adaptability']"
Technology Integration,"['time management', 'attention to detail', 'organizational', 'teamwork', 'decision making', 'critical thinking', 'problem solving', 'multitasking', 'communication']"
Technology Integration,"['excellent written communication', 'strong administrative', 'planning', 'attention to detail', 'self motivation', 'collaboration', 'problem solving', 'interpersonal relationship']"
Technology Integration,"['service minded attitude', 'customer centric approach', 'communication', 'interpersonal']"
Technology Integration,"['strong communication', 'demonstrating service discipline', 'turning data into information', 'critical thinking', 'problem resolution', 'negotiating collaboratively', 'interpersonal']"
Technology Integration,"['team collaboration', 'attention to detail', 'adaptability and responsiveness', 'project management', 'compliance with regulation', 'vendor management', 'relationship building', 'report preparation', 'customer support', 'confidentiality', 'communication']"
Technology Integration,"['customer service', 'attention to detail', 'collaboration', 'team oriented', 'problem solving', 'training', 'communication', 'supervision']"
Technology Integration,"['time management', 'attention to detail', 'decision making', 'collaboration', 'leadership', 'problem solving', 'communication']"
Technology Integration,"['strong problem solving', 'attention to detail', 'strong analytical', 'excellent communication']"
Technology Integration,"['time management', 'team collaboration', 'innovation and creativity', 'research', 'customer focus', 'planning and organization', 'mentoring', 'problem solving', 'communication', 'adaptability']"
Technology Integration,"['time management', 'relationship management', 'decision making', 'collaboration', 'communication', 'negotiation', 'problem solving', 'leadership']"
Technology Integration,"['attention to detail', 'writing', 'communication', 'teamwork', 'interpersonal', 'organization']"
Technology Integration,"['customer service', 'time management', 'presentation', 'prioritization', 'interpersonal', 'self motivation', 'travel flexibility', 'communication', 'collaboration', 'problem solving', 'enterprise vision', 'teamwork', 'customer interaction', 'physical ability (lifting equipment)', 'adaptability']"
Technology Integration,"['driven for result', 'enterprising', 'clear communication', 'critical thinking', 'organizational & influencing strength']"
Technology Integration,"['team collaboration', 'verbal and written communication', 'strategic planning', 'relationship management', 'leadership', 'problem solving', 'communication', 'organization']"
Technology Integration,"['global business acumen', 'design compliance', 'analytic and problem solving', 'team leadership', 'organizational and time management', 'oral and written communication', 'project delivery', 'team oriented']"
Technology Integration,"['business facing', 'excellent communication', 'leadership']"
Technology Integration,"['initiative and responsibility taking', 'exceptional attention to detail', 'continuous learning']"
Technology Integration,"['customer service', 'time management', 'attention to detail', 'problem solving', 'communication']"
Technology Integration,"['effective communication', 'attention to detail', 'organizational', 'instructional', 'adaptability']"
Technology Integration,"['problem solving', 'teamwork', 'communication']"
Technology Integration,"['analytical', 'attention to detail', 'research', 'collaboration', 'learning agility', 'problem solving', 'communication', 'adaptability']"
Technology Integration,"['effective communication in english', 'interacting with vendor']"
Technology Integration,"['detail oriented', 'enthusiastic', 'problem solving', 'teamwork', 'communication']"
Technology Integration,"['consulting', 'high pressure situation management', 'active listening', 'creative)', 'problem solving (proactive', 'relationship building', 'reactive']"
Technology Integration,"['customer service', 'attention to detail', 'problem solving', 'teamwork', 'communication']"
Technology Integration,"['advising', 'industry trend identification', 'roadmap development', 'leadership', 'mentoring']"
Technology Integration,"['communication', 'networking', 'analytical', 'project management']"
Technology Integration,"['customer service', 'analytical', 'strategic planning', 'soft skills:', 'critical thinking', 'collaboration', 'leadership', 'problem solving', 'teamwork', 'communication', 'flexibility', 'organization']"
Technology Integration,"['strategic planning', 'project management', 'leadership', 'mentoring', 'communication']"
Technology Integration,"['independence', 'interpersonal', 'collaboration', 'leadership', 'problem solving', 'communication', 'adaptability']"
Technology Integration,"['customer service', 'time management', 'attention to detail', 'decision making', 'critical thinking', 'collaboration', 'problem solving', 'teamwork', 'communication', 'flexibility']"
Technology Integration,"['independent', 'organized', 'self motivated', 'passionate', 'highly motivated', 'mentorship', 'smart', 'proactive', 'tech savvy', 'teamwork', 'relentless']"
Technology Integration,"['teamwork', 'communication', 'client satisfaction.']"
Technology Integration,"['customer obsession', 'drive for result', 'strong organizational', 'influencing for impact', 'collaboration', 'adaptability']"
Technology Integration,"['confidence', 'attention to detail', 'excellent communication', 'organizational', 'decision making ability', 'teamwork', 'flexibility', 'adaptability']"
Technology Integration,"['technical team direction', 'statistical analysis', 'prioritization', 'collaboration', 'ownership/responsiveness', 'leadership', 'problem solving', 'teamwork', 'communication', 'data analysis']"
Technology Integration,"['supervision', 'support', 'coaching', 'adaptability', 'decision making', 'mentoring', 'leadership', 'problem solving', 'communication', 'organization']"
Technology Integration,"['effective time management', 'customer satisfaction', 'organizational', 'detail oriented', 'prioritization', 'oral and written communication', 'independent and collaborative work', 'teamwork']"
Technology Integration,"['team player', 'safety conscious', 'coordination', 'problem solving', 'communication', 'quality orientation', 'adaptability']"
Technology Integration,"['problem solving', 'collaboration', 'communication']"
Technology Integration,"['information sharing', 'customer service', 'organizational', 'ability to learn quickly', 'strong interpersonal', 'collaboration', 'estimation', 'clear and concise communication', 'adaptability']"
Technology Integration,"['ability to work independently', 'time management', 'excellent communication', 'creative thinking', 'decision making', 'project management', 'strong leadership', 'strategic advisory']"
Technology Integration,"['attention to detail', 'coaching', 'critical thinking', 'responsiveness', 'collaboration', 'self direction', 'leadership', 'problem solving', 'teamwork', 'communication', 'adaptability']"
Technology Integration,"['stakeholder communication', 'quality management', 'performance appraisal', 'knowledge management', 'change management', 'people management', 'incident management', 'process improvement', 'problem solving', 'team leadership', 'estimation', 'mentoring', 'training', 'project planning']"
Technology Integration,"['passion for excellence', 'analytical', 'innovation', 'fast paced environment adaptation', 'teamwork', 'communication', 'multi tasking', 'adaptability']"
Technology Integration,"['customer service', 'time management', 'conflict resolution', 'judgment', 'teamwork', 'independence', 'compassion', 'empathy', 'flexibility', 'problem solving', 'cultural competence', 'multitasking', 'communication', 'diplomacy']"
Technology Integration,"['communication (written and oral)', 'leadership', 'problem solving', 'teamwork', 'interpersonal']"
Technology Integration,"['knowledge sharing', 'research', 'problem solving', 'communication', 'documentation']"
Technology Integration,"['judgment in clinical research.', 'team collaboration', 'analytical', 'detail oriented', 'prioritization', 'decision making', 'project management', 'managerial', 'problem solving', 'communication']"
Technology Integration,"['communication', 'organizational']"
Technology Integration,"['strategic thinking', 'supervisory', 'communication proficiency', 'project management', 'leadership', 'performance management']"
Technology Integration,"['time management', 'attention to detail', 'client service', 'technical support', 'problem solving', 'communication', 'documentation']"
Technology Integration,"['business savvy', 'communication', 'visionary', 'strategic thinking', 'coaching and mentoring', 'leadership', 'team building']"
Technology Integration,"['effective problem solving', 'ability to work independently', 'communication', 'interpersonal']"
Technology Integration,"['strategic thinking', 'decision making', 'leadership', 'problem solving', 'teamwork', 'communication', 'adaptability']"
Technology Integration,"['problem solving', 'collaboration with ecm administrator', 'analytical']"
Technology Integration,"['innovation', 'stress management', 'strategic decision making', 'results delivery', 'influence and negotiation', 'interpersonal', 'continuous learning', 'leadership', 'problem solving', 'communication', 'flexibility', 'team building']"
Technology Integration,"['strategic thinking', 'relationship management', 'partnership building', 'collaboration', 'leadership', 'problem solving', 'teamwork', 'communication']"
Technology Integration,"['planning', 'attention to detail', 'adaptability', 'safety awareness', 'leadership', 'problem solving', 'teamwork', 'communication', 'organization']"
Technology Integration,"['customer service', 'time management', 'attention to detail', 'organizational', 'collaboration', 'positive attitude', 'problem solving', 'teamwork', 'communication', 'adaptability']"
Technology Integration,"['collaboration', 'teamwork', 'passion for sustainability', 'innovation']"
Technology Integration,"['customer service', 'time management', 'leadership', 'problem solving', 'teamwork', 'communication']"
Technology Integration,"['leadership', 'customer focus', 'collaboration', 'quality improvement', 'problem solving', 'communication', 'adaptability']"
Technology Integration,"['customer obsession', 'drive for result', 'influencing for impact', 'collaboration', 'adaptability']"
Technology Integration,"['customer obsession', 'drive for result', 'strong organizational', 'influencing for impact', 'collaboration', 'adaptability']"
Technology Integration,"['presentation', 'analytical', 'team development', 'ability to travel', 'decision making', 'interpersonal', 'collaboration', 'leadership', 'problem solving', 'communication', 'management']"
Technology Integration,"['problem solving', 'time management', 'communication', 'attention to detail']"
Technology Integration,"['customer communication', 'verbal and written communication', 'self motivation', 'initiative', 'teamwork', 'travel readiness']"
Technology Integration,"['strong communication', 'strong attention to detail', 'ability to work independently']"
Technology Integration,"['customer service', 'soft skills:', 'problem solving', 'communication', 'flexibility']"
Technology Integration,"['multitasking ability', 'time management', 'strong collaboration', 'independent work ability', 'organizational', 'customer service orientation', 'detail oriented', 'critical thinking', 'intellectual curiosity', 'relationship building', 'problem solving', 'adaptability to change', 'proactivity']"
Technology Integration,"['motivation', 'innovation', 'relationship management', 'mentoring and coaching', 'project management', 'communication', 'strategic thinking', 'teamwork', 'leadership', 'adaptability']"
Technology Integration,"['leadership', 'passion for ecosystem', 'prioritization', 'drive', 'strategic thinking', 'problem solving', 'communication', 'innovation awareness', 'cross functional teamwork', 'adaptability']"
Technology Integration,"['conflict resolution', 'presentation', 'discipline', 'organizational', 'prioritization', 'focus on business fundamental', 'integrity', 'interpersonal communication', 'relationship building', 'leadership', 'consultative approach', 'written and verbal communication', 'customer centered decision making', 'multi tasking', 'analytical thinking']"
Technology Integration,"['ability to think logically', 'client facing', 'decisiveness in critical situation', 'motivational', 'planning/time management', 'prioritization', 'project management', 'customer interface', 'integrity', 'oral and written communication', 'customer consulting service', 'mission focus']"
Technology Integration,"['problem solving', 'communication', 'analytical', 'adaptability']"
Technology Integration,"['attention to detail', 'education', 'project management', 'change control', 'collaboration', 'problem solving', 'training', 'communication', 'analytical thinking', 'adaptability']"
Technology Integration,"['resourcefulness', 'customer interaction', 'communication', 'detail oriented']"
Technology Integration,"['independent work', 'collaboration', 'proactive approach', 'problem solving', 'communication', 'reliability', 'adaptability']"
Technology Integration,"['excellent customer service', 'good communication', 'people', 'individual thinker']"
Technology Integration,"['team collaboration', 'sdlc understanding', 'time management', 'project management', 'technical artifact development', 'learning agility', 'task execution', 'problem solving', 'requirement translation', 'organizational improvement', 'communication', 'documentation', 'proactive communication', 'continuous learning', 'self starter', 'client interfacing', 'strong soft', 'supportive', 'analytical thinking', 'technology exposure']"
Technology Integration,"['customer service', 'time management', 'attention to detail', 'organizational', 'decision making', 'flexibility', 'leadership', 'confidentiality', 'communication', 'multi tasking']"
Technology Integration,"['organizational', 'client management', 'critical thinking', 'relationship building', 'strategic thinking', 'problem solving', 'communication', 'adaptability']"
Technology Integration,"['self starter', 'good communication', 'detail oriented']"
Technology Integration,"['collaboration', 'creativity', 'customer support', 'problem solving', 'business acumen', 'communication']"
Technology Integration,"['strong communication', 'presentation', 'results oriented', 'leadership ability', 'problem solving', 'teamwork', 'interpersonal', 'adaptability']"
Technology Integration,"['adaptability', 'communication', 'professionalism', 'self motivation']"
Technology Integration,"['analytical', 'priority management', 'interpersonal', 'self motivation', 'relationship building', 'communication']"
Technology Integration,"['team management', 'professionalism', 'relationship management', 'influence', 'interpersonal', 'negotiation', 'integrity', 'tenacity', 'leadership', 'problem solving', 'communication', 'adaptability']"
Technology Integration,"['strategic thinking', 'research', 'relationship building', 'mentoring', 'leadership', 'problem solving', 'communication', 'adaptability']"
Technology Integration,"['analytical', 'organizational', 'multi tasking ability', 'prioritization', 'responsibility and confidentiality', 'problem solving', 'teamwork', 'communication', 'ethics and professionalism', 'punctuality and dependability']"
Technology Integration,"['time management', 'attention to detail', 'problem solving', 'teamwork', 'communication', 'flexibility']"
Technology Integration,"['effective influencing strategy', 'excellent problem solving']"
Technology Integration,[]
Technology Integration,"['interpersonal', 'relationship building', 'verbal and written communication']"
Technology Integration,"['professional development', 'collaboration', 'equity in education', 'problem solving', 'communication']"
Technology Integration,"['planning', 'organizational', 'problem solving', 'teamwork', 'communication', 'adaptability']"
Technology Integration,"['problem solving', 'communication', 'team leadership']"
Technology Integration,"['presentation', 'deadline oriented', 'collaboration', 'management expertise', 'leadership', 'problem solving', 'interpersonal', 'initiative and drive', 'adaptability']"
Technology Integration,"['time management', 'problem solving', 'teamwork', 'communication', 'adaptability']"
Technology Integration,"['time management', 'self motivated', 'curiosity', 'innovation', 'interpersonal communication', 'multitasking', 'client focused mindset']"
Technology Integration,"['presentation', 'collaboration', 'service oriented', 'business writing', 'team spirit', 'communication']"
Technology Integration,"['time management', 'innovation', 'coordination', 'efficiency', 'leadership', 'problem solving', 'teamwork', 'communication']"
Technology Integration,"['customer/client focus', 'diversity and inclusion', 'effective oral', 'personal effectiveness and credibility']"
Technology Integration,"['time management', 'organizational', 'team player', 'detail oriented', 'communication', 'flexibility and adaptability']"
Technology Integration,"['team collaboration', 'project management', 'customer relationship management', 'leadership', 'problem solving', 'communication']"
Technology Integration,['collaboration']
Technology Integration,"['problem solving ability', 'strategic thinking and implementation']"
Technology Integration,"['analytical', 'creative thinking', 'attention to detail', 'organizational', 'self motivation', 'problem solving', 'teamwork', 'communication']"
Technology Integration,"['attention to detail', 'creative thinking', 'client facing experience', 'project management', 'teamwork', 'communication']"
