Query,IT Skills
Artificial Intelligence,"['reinforcement/demonstration learning', 'inverse kinematics', 'motion planning', 'artificial intelligence', 'python', 'c++', 'ros', 'robot operating system', 'programming', 'task planning under uncertainty', 'supervised learning', 'collaborative manipulation']"
Artificial Intelligence,"['technical requirement analysis', 'python', 'cross-functional collaboration', 'infotainment systems', 'programming languages: c', 'heads-up display', 'hud', 'poc', 'platform optimization', 'augmented reality', 'proof of concept', 'system application development', 'haptic devices', 'java', 'c++', 'linux/android development', 'software development', 'ar', 'artificial intelligence', 'prototype development']"
Artificial Intelligence,"['audio/video codec', 'ar/vr', 'machine learning', 'artificial intelligence']"
Artificial Intelligence,"['connectivity', 'connected vehicles', 'autonomous driving', 'automotive software knowledge', 'electronics knowledge', 'artificial intelligence', 'business strategy development', 'vehicle electrification', 'cybersecurity', 'infotainment', 'telematics', 'mobility technological trends expertise']"
Artificial Intelligence,"['bug tracking tools', 'automation principles', 'software development lifecycle', 'test planning', 'troubleshooting', 'writing test cases', 'programming language', 'automation writing', 'agile software development']"
Artificial Intelligence,"['ott video', 'artificial intelligence', 'voice assistants/navigation', 'agile project management', 'virtual/augmented reality', 'wearable devices', 'advanced technology integration', 'iot', 'machine vision', 'digital product research']"
Artificial Intelligence,"['enterprise analytics platform configuration', 'power bi', 'r', 'tableau', 'aws tools', 'python', 'data mining', 'extract transform load', 'business intelligence tools', 'sql', 'data analysis', 'advanced excel models', 'pivot tables']"
Artificial Intelligence,"['precision medicine', 'hl-7 fhir', 'data retrieval', 'electronic health records', 'loinc', 'drug information solutions', 'care plans', 'analytics', 'medical terminologies', 'clinical content authoring', 'healthcare information technology', 'decision support', 'clinical pathways', 'learning management systems', 'healthcare standards', 'quality measurement', 'order sets', 'rxnorm', 'e.g.', 'snomed-ct', 'icd-9/icd-10', 'taxonomies', 'clinical decision support solutions']"
Artificial Intelligence,"['automation', 'emerging technologies', 'third-party engagement', 'policies and procedures interpretation', 'compliance', 'agile methodologies', 'cloud platforms', 'risk management', 'software development processes', 'technology risk management']"
Artificial Intelligence,"['microsoft excel', 'microsoft word', 'analyzing clinical data', 'microsoft outlook', 'microsoft powerpoint']"
Artificial Intelligence,"['sales operations', 'lead generation', 'forecasting and reporting', 'sales enablement', 'sales compensation planning', 'salesforce.com', 'financial acumen', 'proposal and rfp response', 'business strategy', 'crm tools']"
Artificial Intelligence,"['troubleshooting', 'data collection', 'computer proficiency']"
Artificial Intelligence,"['bing', 'project management', 'display and social ads', 'display networks', 'data management platforms', 'etc.', 'demand-side platforms', 'dmps', 'search engine marketing', 'personalization & optimization', 'ad-tech tools', 'adwords', 'dsps']"
Artificial Intelligence,"['engineering', 'data structures', 'customer journey mapping', 'algorithm', 'market launch', 'artificial intelligence', 'technology', 'innovation strategies', 'quantitative research methods', 'product and service design', 'growth opportunities identification', 'presentation skills', 'computer science', 'ethnographic research', 'design thinking', 'prototyping', 'agile development', 'insight hunting']"
Artificial Intelligence,"['teaching', 'artificial intelligence', 'programming', 'computer science', 'medical imaging', 'translational research', 'data analysis', 'research']"
Artificial Intelligence,"['design systems', 'front-end development', 'design approaches', 'user flows', 'user experience design', 'prototyping', 'react.js', 'ruby on rails']"
Artificial Intelligence,"['c/c++', 'python', 'networking', 'developing large software systems', 'general purpose programming languages', 'mobile application development', 'unix/linux environments', 'java', 'machine learning', 'data storage', 'security', 'e.g.', 'ui design', 'web application development', 'information retrieval', 'artificial intelligence', 'natural language processing', 'large-scale system design', 'distributed computing']"
Artificial Intelligence,"['bug tracking tools', 'automation principles', 'test case design', 'troubleshooting expertise', 'automation writing and execution', 'jira', 'software development lifecycle', 'technical writing', 'agile software development methodologies', 'programming language familiarity', 'test strategies']"
Artificial Intelligence,"['project management', 'financial analysis', 'communication strategies', 'strategic planning', 'organizational change management']"
Artificial Intelligence,"['machine learning', 'storage/it industry knowledge', 'artificial intelligence', 'analytics', 'marketing principles and tactics']"
Artificial Intelligence,"['cvpr', 'c/c++', 'python', 'matlab', 'programming languages', 'computer vision', 'machine intelligence', 'deep learning', 'java', 'machine learning', 'algorithmic foundations of optimization', 'data mining', 'neural networks', 'natural language understanding', 'artificial intelligence', 'acl', 'data science', 'icml', 'research communities and efforts']"
Artificial Intelligence,"['customer service', 'jira', 'conflict resolution', 'communication skills', 'and google drive', 'understanding of salesforce', 'methodology knowledge', 'slack', 'data analysis']"
Artificial Intelligence,"['artificial intelligence', 'business intelligence', 'computer science', 'computer engineering', 'internet of things', 'iot', 'electrical engineering', 'data science']"
Artificial Intelligence,"['human machine interaction', 'big data technologies', 'python', 'matlab', 'stream data processing', 'cloud platforms', 'cognitive computing', 'unstructured data analysis', 'aws', 'predictive algorithm development', 'machine learning', 'stata', 'sas', 'data mining', 'r', 'artificial intelligence', 'azure', 'natural language processing', 'iot']"
Artificial Intelligence,"['product messaging refinement', 'writing style development', 'social media content development']"
Artificial Intelligence,"['microsoft office suite', 'client support', 'regulatory documents', 'redaction', 'adobe publishing products', 'policy 70 interpretation']"
Artificial Intelligence,"['data manipulation techniques', 'node.js', 'css', 'python', 'probabilistic models', 'linear algebra', 'statistics', 'html5', 'web development with angular', 'graph/nosql database techniques', 'calculus', 'scala']"
Artificial Intelligence,"['technology reporting', 'business journalism', 'analytical skills', 'artificial intelligence']"
Artificial Intelligence,"['human factors testing support', 'programming languages', 'windows-based tools', 'prototype integration', 'platform targeting', 'gesture interface development', 'data analysis software development', 'avionics', 'tracs development', 'interface development with fsx', 'graphic display development', 'data collection software development', 'touch interface development', 'prototyping', 'software development', 'hardware integration', 'ios', 'android', 'requirement derivation', 'physical control interface development', 'and prepar3d', 'hmi software development', 'human-machine interaction software development', 'esp', 'speech interface development']"
Artificial Intelligence,"['images', 'generally accepted accounting principles', 'budgeting', 'powerquery', 'microsoft powerpoint', 'business analysis', 'microsoft excel', 'salesforce', 'powerpivot', 'pivot tables', 'financial modeling', 'financial analysis', 'p &l; forecasting', 'erp systems', 'data links', 'data analysis', 'corporate templates', 'bi reporting', 'gaap']"
Artificial Intelligence,"['automation testing tools', 'c/c++', 'team foundation server', 'manual software unit testing', 'visual studio team services', 'microsoft sql server', 'testcomplete', 'microsoft test manager', 'structured programming', 'test script writing', 'test plan development', 'agile software development']"
Artificial Intelligence,"['visual design experience', 'application design experience', 'experience shipping software', 'interaction design experience']"
Artificial Intelligence,"['chatbots/artificial intelligence', 'microsoft excel', 'mobile marketing', 'roi analysis', 'data analysis', 'social media management', 'web platform management', 'kpi setting and measurement', 'powerpoint', 'integrated marketing campaigns', 'digital marketing', 'technology implementation']"
Artificial Intelligence,"['photogrammetric applications', 'geospatial data visualization', 'advanced computer processing techniques', 'geographic information systems', 'gis programming']"
Artificial Intelligence,"['machine learning', 'natural language processing', 'lms', 'learning management systems', 'computer vision', 'video creation and production']"
Artificial Intelligence,"['regulatory writing', 'crms', 'conducting/leading comment resolution meetings', 'document creation process understanding', 'microsoft word proficiency', 'document management techniques']"
Artificial Intelligence,"['sketch', 'flow diagrams', 'visual design execution', 'design specifications', 'html', 'css', 'user interface design', 'javascript', 'wireframes', 'adobe creative suite', 'prototyping', 'invision', 'design patterns', 'interaction models', 'front-end technologies', 'interaction design', 'ux design']"
Artificial Intelligence,"['chatbots', 'artificial intelligence', 'predictive analytics', 'research methodologies', 'quantitative skills', 'data-informed strategies']"
Artificial Intelligence,"['marketing analytics', 'content creation', 'market/industry research', 'trade-show management', 'competitive analysis', 'ecommerce tracking and reporting', 'lead generation activities']"
Artificial Intelligence,"['technical writing', 'journalism background or similar', 'hubspot certification', 'storytelling', 'analytics certification', 'inbound marketing skills', 'data analysis']"
Artificial Intelligence,"['voice platforms', 'product requirements definition', 'machine learning', 'artificial intelligence', 'natural language processing', 'product management', 'conversational interfaces', 'product roadmap planning', 'technical product management', 'amazon alexa', 'google assistant', 'text-based bots', 'voice assistants', 'user stories development', 'recommendation systems', 'market trends analysis', 'e.g.', 'apple siri']"
Artificial Intelligence,"['pr', 'media', 'communications', 'ai/ml cloud services', 'marketing']"
Artificial Intelligence,"['and outlook', 'microsoft word', 'understanding of manufacturing process', 'excel', 'erp experience', 'acute attention to detail', 'preferably sap']"
Artificial Intelligence,"['incident response', 'behavioral analysis', 'bash and/or python', ""api's"", 'attack and penetration assessments', 'machine learning', 'threat intelligence', 'siem systems', 'structured query language', 'host-based security technologies', 'micro-virtualization', 'scripting', 'whitelisting', 'sql', 'cyber security', 'malware/forensic analysis', 'modern malware lifecycle']"
Artificial Intelligence,"['advanced analytics', 'artificial intelligence', 'accounting tools and technology', 'audit', 'data interrogation', 'budgeting', 'process flow automation', 'data analysis', 'accounting']"
Artificial Intelligence,"['project management', 'artificial intelligence', 'operational support', 'digital technology', 'software development', 'cloud computing']"
Artificial Intelligence,"['crm system management', 'salesforce.com']"
Artificial Intelligence,"['caffe', 'python', 'hadoop', 'pytorch', 'classification', 'ai technology', 'functional programming', 'clustering', 'deep learning frameworks', 'spark', 'mxnet', 'model development', 'tensorflow', 'scalable computing', 'sql', 'deep learning', 'java', 'machine learning', 'c++', 'scala', 'data analysis', 'neural networks', 'caffe2', 'data manipulation', 'regression', 'agile software development']"
Artificial Intelligence,"['technical skills:', 'project management', 'presentation design', 'excel proficiency', 'data analysis', 'financial modeling']"
Artificial Intelligence,"['predictive analytics', 'big data', 'cybersecurity', 'payments', 'financial services industry knowledge', 'fraud prevention']"
Artificial Intelligence,"['biomaterials', 'materials development', 'conductive materials', 'additive manufacturing', 'self-healing devices', 'magnetic materials', 'material formulation', 'characterization of mechanical properties', 'self-folding structures', 'materials research', 'printable electronics', 'switchable materials', 'characterization of fluid properties', 'flexible electronics', 'synthesis of materials', 'characterization of thermal properties', 'stretchable electronics', 'semiconducting materials']"
Artificial Intelligence,"['coding standards', 'e.g. react', 'sass', 'ruby on rails', 'modern front-end frameworks', 'componentization', 'and code re-use']"
Artificial Intelligence,"['possess proficient writing skills', 'and by chat', 'through e-mail']"
Artificial Intelligence,"['object oriented programming', 'heuristic search techniques', 'java', 'artificial intelligence', 'c++', 'python', 'operations research', 'genetic algorithms', 'constraint programming', 'object-oriented design', 'ood', 'optimization techniques', 'object-oriented programming', 'linear programming']"
Artificial Intelligence,"['product roadmap alignment', 'sales', 'tradeshow representation', 'business development', 'strategy', 'cross-functional collaboration', 'relationship management', 'marketing']"
Artificial Intelligence,"['facebook insights', 'data visualization', 'python', 's3', 'hadoop', 'programming languages', 'statistical analysis', 'clustering', 'data visualization tools', 'spark', 'decision trees', 'hive', 'big data tools', 'map/reduce', 'a/b testing', 'predictive modeling', 'sql', 'pandas', 'splunk', 'java', 'power bi', 'machine learning', 'r shiny', 'data mining', 'scala', 'data analysis', 'neural networks', 'tableau', 'solution design implementation', 'adobe analytics', 'r', 'modeling algorithms', 'natural language processing', 'athena', 'scikit-learn', 'regression', 'redshift', 'google analytics']"
Artificial Intelligence,"['machine learning algorithms', 'business applications', 'artificial intelligence', 'natural language processing', 'fraud detection', 'computer vision', 'saas software support', 'compliance regulations', 'data analysis']"
Artificial Intelligence,"['regulatory writing', 'crms', 'knowledge of regulatory requirements', 'clinical development knowledge', 'conducting comment resolution meetings', 'synthesizing data', 'document management']"
Artificial Intelligence,"['motion graphics creation', 'transcription', 'audio editing', 'graphic design', 'camera operation', 'podcast editing', 'video editing', 'adobe creative suite', 'photoshop', 'premiere pro', 'lighting equipment', 'animation', 'final cut pro', 'audio equipment']"
Artificial Intelligence,"['spark', 'java', 'hive', 'net', 'data science', 'unix/linux', 'artificial intelligence', 'python', 'hadoop', 'impala', 'distributed systems', 'big data architecture', 'scala', 'cloud computing', 'svn', 'git']"
Artificial Intelligence,"['experience with linux', 'vehicle maintenance']"
Artificial Intelligence,"['instructional systems design', 'mobile learning design', 'adult learning principles', 'articulate 360', 'microsoft office suite', 'technical writing', 'graphic design', 'video development', 'learning development tools', 'xapi', 'training needs assessment', 'artificial intelligence in training', 'adobe creative suite', 'instructor-led training', 'e-learning development', 'e.g.', 'video and audio editing', 'storyline', 'data science']"
Artificial Intelligence,"['brand index', 'youtube insights', 'kantar', 'facebook insights', 'machine learning', 'artificial intelligence', 'predictive analytics', 'commspoint', 'mri/smm', 'advanced excel', 'real-time modeling', 'nielsen', 'google trends', 'kpi prediction', 'data analysis']"
Artificial Intelligence,"['machine learning', 'artificial intelligence', 'account management', 'microbiology', 'biochemistry', 'clinical or pharmaceutical sales']"
Artificial Intelligence,"['spark', 'agile methodology', 'machine learning', 'product management', 'aws technologies', 'python', 'computer science', 'data deployment', 'scala', 'metrics driven product development', 'data analysis', 'deep learning']"
Artificial Intelligence,"['knowledge management processes', 'legal operations management', 'financial management']"
Artificial Intelligence,"['c/c++', 'python', 'automotive protocols', 'android testing frameworks', 'android debugging tools', 'peakcan', 'programming languages', 'espresso', 'vehiclespy', 'scripting', 'broad r reach', 'automotive communication logs analysis', 'software requirements understanding', 'bug tracking system', 'java', 'test automation', 'lin', 'can', 'uiautomator', 'test plan development', 'test strategies', 'expresso/ui automator testing framework']"
Artificial Intelligence,"['business applications', 'microsoft sql server', 'brainspace', 'encase', 'visual basic', 'ediscovery services', 'cellebrite', 'lotus notes/domino', 'nuix', 'linux/unix', 'sql', 'forensics and analysis', 'it strategy and operations', 'relativity', 'microsoft access', 'or macintosh', 'security', 'blackbag', 'litigation-support software', 'microsoft exchange', 'design and implementation', 'microsoft .net framework']"
Artificial Intelligence,"['salesforce.com', 'microsoft office']"
Artificial Intelligence,"['spark', 'amazon redshift', 'hive', 'machine learning principles', 'aws technologies', 'hadoop', 'presto', 'metrics-driven product development', 'python', 'statistics principles', 'scala', 'data analysis']"
Artificial Intelligence,"['ibm watson', 'machine learning', 'artificial intelligence', 'r', 'python', 'sap leonardo', 'programming', 'data analytics', 'data science']"
Artificial Intelligence,"['technical skills:', 'software licenses', 'business model development', 'ip licensing', 'machine learning', 'artificial intelligence', 'negotiation skills', 'product development', 'drafting legal agreements', 'regulatory compliance', 'legal know-how', 'commercial agreements', 'navigating regulatory environments', 'data privacy regulations']"
Artificial Intelligence,"['machine learning', 'artificial intelligence', 'statistics', 'programming', 'data analytics', 'robotics', 'research & development']"
Artificial Intelligence,"['iot sensors', 'artificial intelligence', 'natural language processing', 'service agreement development', 'mechanical devices', 'drones', 'd authoring tools', 'mixed reality', 'connected automobile technology', 'game engines', 'virtual reality', 'patent application development', 'computer vision', 'robotics', 'mobile device platforms']"
Artificial Intelligence,"['business grasp', 'partner recruitment', 'sales technologies', 'marketing technologies', 'salesforce', 'customer satisfaction', 'it resource constraints', 'partner management', 'subject matter expertise']"
Artificial Intelligence,"['product knowledge', 'contract drafting and execution', 'xait-porter', 'upsell plan', 'market intelligence', 'sales process', 'sfdc.com']"
Artificial Intelligence,"['understanding creative briefs', 'understanding of ui diagrams', 'internet search skills', 'organizing documents', 'artificial intelligence', 'knowledge of local culture', 'content analysis', 'social media', 'telecommunications', 'quality control', 'smartphone expertise', 'microsoft office software']"
Artificial Intelligence,"['analytics/forecasting', 'machine learning', 'artificial intelligence', 'distributed systems', 'quantum information processing', 'networking and communications']"
Artificial Intelligence,"['linux', 'python', 'matlab', 'ros', 'computer graphics', 'software design', 'coding standards', 'shell scripting', 'image processing', 'gui programming', 'java', 'machine learning', 'algorithms', 'c++', 'software development', 'julia', 'git', 'system integration', 'data structures', 'r', 'artificial intelligence', 'object-oriented programming', 'robot operating system']"
Artificial Intelligence,"['capacity and spectral efficiency', 'holographic beam forming', 'wireless access challenges', 'autonomous driving', 'g connectivity', 'machine learning', 'artificial intelligence', 'augmented reality', 'inflight internet', 'wireless network infrastructure', 'broadband network infrastructure', 'software-defined antenna technology', 'patented antenna technology', 'drone delivery', 'k video', 'hbf', 'electromagnetic physics']"
Artificial Intelligence,"['regulatory environment experience', 'heuristic evaluations', 'design of experiments', 'user-centered design', 'statistical analysis', 'usability testing']"
Artificial Intelligence,"['project management', 'advanced computer software experience', 'artificial intelligence', 'kpis and metrics measurement', 'analytical skills', 'transformation management', 'requirements gathering', 'business analysis']"
Artificial Intelligence,"['scalability', 'advanced manufacturing', 'machine learning', 'artificial intelligence', 'fairness', 'ai algorithms and architectures', 'cybersecurity', 'iot and edge-computing', 'robustness', 'cyber-physical systems', 'verification', 'climate science', 'autonomous systems', 'theory of learning']"
Artificial Intelligence,"['computing and data services', 'cloud computing infrastructure', 'memory controller architecture', 'artificial intelligence computing infrastructure']"
Artificial Intelligence,"['lqr controller', 'stateflow', 'dspace/controldesk', 'c programming', 'vehicle control algorithms', 'path planning algorithms', 'performance assessment', 'embedded systems', 'perception algorithms', 'simulink', 'can communication tools', 'data fitting', 'optimization techniques', 'algorithm development', 'matlab scripting', 'sensor fusion']"
Artificial Intelligence,"['scrum', 'data science', 'artificial intelligence', 'sensors', 'real-time data analysis', 'software', 'data sets analysis', 'drilling software', 'scada systems', 'a.i.', 'streaming data platform']"
Artificial Intelligence,"['clinical data strategies', 'pk/pd data analysis', 'data integration', 'statistical modeling', 'dataset anonymization', 'cdisc/sdtm standards', 'sas programming']"
Artificial Intelligence,"['decision trees', 'logistic regression', 'predictive modeling', 'artificial intelligence', 'machine learning', 'r', 'python', 'linear regression', 'clustering techniques', 'analytics', 'pricing', 'sas', 'statistical analysis', 'data science', 'marketing', 'neural networks', 'prescriptive modeling', 'tableau']"
Artificial Intelligence,"['visualization technologies', 'bi/data analytics roadmap', 'cloud platforms', 'data analytics', 'methodologies', 'statistical analysis', 'architecture frameworks', 'data-driven decision-making', 'analytics platforms', 'data warehouse', 'data lakes', 'predictive modeling', 'sql', 'deep learning', 'reporting tools', 'machine learning', 'business intelligence', 'development patterns', 'financial reporting', 'agile scrum development', 'data mining', 'data strategies', 'artificial intelligence', 'predictive analytics', 'data mapping', 'legal requirements', 'extract transform load', 'data literacy', 'data-related technologies']"
Artificial Intelligence,"['vendor management', 'workflow management', 'data-driven decision-making', 'content creation', 'content engagement evaluation', 'operational metrics measurement', 'content audits', 'content quality improvement', 'content strategy', 'analytics', 'contract negotiations']"
Artificial Intelligence,"['engineering documentation', 'finite element analysis', 'artificial intelligence', 'robotics', 'emerging technologies', 'd cad', 'aar and fra regulations', 'systems integration', 'd printing', 'big data/data science', 'virtual reality', 'mechanical engineering', 'manufacturing', 'computer proficiency', 'hand calculations']"
Artificial Intelligence,"['advanced analytics', 'artificial intelligence', 'data governance', 'analytic tools', 'experimental design', 'data mining', 'methodologic approaches', 'statistical analysis', 'biomedical terminologies', 'computational techniques']"
Artificial Intelligence,"['microsoft office suite', 'project management', 'presentation skills', 'writing', 'data analysis', 'research']"
Artificial Intelligence,"['stem disciplines', 'artificial intelligence', 'basic and applied research', 'quantum information sciences', 'research proposal writing', 'engineering research', 'scientific research', 'research project planning']"
Artificial Intelligence,"['customer relationship management', 'salesforce.com', 'sales lead management', 'crm', 'business development', 'business research tools']"
Artificial Intelligence,"['talent acquisition', 'sourcing strategies', 'sourcing', 'data analysis', 'hiring', 'recruiting', 'career development', 'process implementation', 'competitive intelligence', 'training', 'mentorship', 'metrics analysis', 'recruitment programs implementation']"
Artificial Intelligence,"['scrum', 'program/project management', 'agile', 'embedded systems', 'technology transfer', 'sensor fusion', 'waterfall', 'workflow management methodologies', 'software engineering', 'mechanical engineering', 'computer vision', 'kanban', 'systems engineering', 'e.g.', 'advanced mechatronics', 'artificial intelligence', 'electrical engineering', 'aerospace', 'robotics']"
Artificial Intelligence,"['technical writing', 'user interface documentation', 'data science basics', 'web application', 'ui design']"
Artificial Intelligence,"['python', 'hadoop', 'leadership', 'data modeling', 'cognitive computing', 'project management', 'researching new technologies', 'unix', 'real-time analytics', 'sql', 'deep learning', 'java', 'cloud analytics', 'machine learning', 'solutions architecture', 'geo-spatial analytics', 'scala', 'analytics app development', 'etl programming', 'r', 'artificial intelligence', 'natural language processing', 'predictive analytics', 'graph databases/analytics', 'big data', 'strategic planning']"
Artificial Intelligence,"['training development', 'project management', 'client support', 'team leadership', 'regulatory knowledge']"
Artificial Intelligence,"['machine reading', 'natural language processing', 'question answering and explanation', 'commonsense reasoning', 'knowledge representation and reasoning', 'deep learning']"
Artificial Intelligence,"['data and privacy issues', 'legal product review', 'technology', 'data use/product features', 'cybersecurity requirements', 'compliance strategies', 'incident and breach management', 'financial privacy requirements']"
Artificial Intelligence,"['microsoft office suite', 'project management', 'artificial intelligence', 'apk development', 'cms', 'iot', 'content management system experience', 'aws']"
Artificial Intelligence,"['caffe', 'matlab', 'radar', 'applied mathematics', 'deep learning frameworks', 'graphical models', 'parallel programming', 'sensor technologies', 'tensorflow', 'opencl', 'computer vision', 'ultrasonic', 'c/c++/python coding', 'optimal control', 'machine learning', 'cameras', 'stereo camera', 'lidar', 'imu', 'algorithms development', 'artificial intelligence', 'cuda', 'supervised learning', 'reinforcement learning']"
Artificial Intelligence,"['continuous integration', 'cli development', 'artificial intelligence', 'restful web services', 'python', 'integration testing', 'sdk development', 'continuous delivery', 'gpu services', 'cloud computing', 'unit testing', 'deep learning']"
Artificial Intelligence,"['electronics engineering', 'process validation', 'quality system regulations', 'software engineering', 'engineering knowledge', 'mechanical engineering', 'product design', 'manufacturing procedures', 'qsr', 'quality management system']"
Artificial Intelligence,['end-to-end supply chain processes']
Artificial Intelligence,"['knowledge of digital trends', 'digital solution sales', 'project scoping and estimation', 'artificial intelligence', 'enterprise sales', 'augmented reality', 'iot', 'client relationship management', 'sales forecasting', 'voice interfaces', 'mobile', 'solution certifications', 'crm system management']"
Artificial Intelligence,"['cloud', 'artificial intelligence', 'sales', 'crm', 'mobile']"
Artificial Intelligence,"['research skills', 'financial analysis', 'data analysis']"
Artificial Intelligence,"['salesforce einstein', 'data governance', 'data visualization', 'big data technologies', 'cognitive computing', 'ibm watson', 'numenta', 'pega', 'analytics', 'customermatrix', 'open source scripting languages', 'expert system', 'proof of concept execution', 'google cloud platform/tensor flow', 'machine learning', 'microsoft cognitive services', 'deepmind', 'sparkcognition', 'disruptive analytics solutions', 'automation', 'artificial intelligence', 'natural language processing', 'analytical modeling', 'amazon web services/sagemaker', 'cognitivescale', 'ipsoft', 'science-based techniques', 'cloud computing', 'data management']"
Artificial Intelligence,"['microsoft office products', 'accounts receivable processing', 'word', 'outlook', 'oracle software', 'account reconciliations', 'excel', 'as400 software']"
Artificial Intelligence,"['reinforcement learning', 'sparql', 'artificial intelligence', 'python', 'scikit learn', 'c++', 'oechem', 'rdkit', 'pytorch', 'tensorflow', 'software engineering', 'deepchem', 'sql', 'generative methods', 'deep learning']"
Artificial Intelligence,"['research activities coordination', 'blog posts', 'grant proposals', 'newsletters', 'web presence oversight', 'written and oral communication', 'editing', 'project coordination', 'writing', 'reports', 'research skills', 'event organization', 'memos']"
Artificial Intelligence,"['competitor analysis', 'engagement techniques', 'applicant tracking systems', 'market mapping', 'talent pooling', 'full-cycle recruiting', 'software collaboration tools', 'sourcing strategies', 'data management/reporting']"
Artificial Intelligence,"['java', 'complex event processing', 'machine learning algorithms', 'natural language processing', 'python', 'aws/gcp/azure cloud platforms', 'speech recognition', 'programming', 'object recognition/tracking', 'audio processing', 'distributed computing architectures', 'web development', 'design patterns', 'scala', 'neural networks', 'computer vision']"
Artificial Intelligence,"['convolutional neural networks', 'python', 'optimization algorithms', 'programming', 'quantitative analytics', 'seismic projects', 'computer vision algorithms', 'machine learning fundamentals', 'statistical analysis', 'ai engineering', 'geophysics', 'tensorflow', 'java', 'sklearn', 'scipy', 'algorithms', 'c++', 'numpy', 'modern machine learning algorithms', 'software development experience', 'forecasting/predictive analytics', 'data science']"
Artificial Intelligence,"['continuous integration', 'linux', 'test-driven development', 'fusion and sensors', 'ros', 'middleware', 'automated driving', 'distributed systems', 'perception algorithms', 'software development', 'agile/scrum methodologies', 'qnx', 'dds', 'robotics', 'integration process', 'autosar', '###', 'system simulation']"
Artificial Intelligence,"['on-premise selling', 'applications experience', 'written and verbal communications', 'saas integration', 'enterprise sales', 'sales methodology training', 'salesforce management', 'sales cycle management', 'saas selling']"
Artificial Intelligence,"['quartz composer', 'uxpin', 'react', 'user story development', 'balsamiq', 'css3', 'wireframing', 'javascript', 'ui design software', 'angular', 'unit test development', 'invision', 'development with html5', 'framer.js', 'ui/ux design', 'source control tools']"
Big Data Engineer,"['report creation', 'roadway and intersection analysis', 'graphic design', 'advanced transportation planning', 'data collection', 'multi-modal studies', 'traffic engineering practices']"
Big Data Engineer,"['computer-aided engineering software', 'c/c++', 'test report documentation', 'debugging', 'simulation evaluation', 'python', 'matlab', 'model development', 'programming', 'root cause analysis', 'validation of corrective actions', 'test data analysis', 'system testing', 'scripting', 'failure analysis', 'data analysis']"
Big Data Engineer,"['best practices sharing', 'internal infrastructure maintenance', 'development with ci/cd tools', 'build and release process', 'automated testing solutions development', 'continuous integration systems', 'engineering design patterns articulation', 'ci/cd solutions development']"
Big Data Engineer,"['java', 'hbase', 'functional testing', 'rabbitmq', 'testing network security products', 'data visualization', 'elasticsearch', 'python', 'hadoop', 'tomcat', 'javascript', 'testing large data sets', 'kafka', 'scripting/programming', 'docker', 'test planning and execution', 'large data processing tools', 'data analysis']"
Big Data Engineer,"['microsoft access', 'visum', 'cube', 'gis', 'or other programming languages', 'python', 'emme', 'travel demand modeling software', 'statistics', 'vissim', 'traffic engineering principles', 'transportation system modeling', 'geographic information systems', 'c', 'econometrics', 'sql', 'transcad', 'daysim']"
Big Data Engineer,"['spark', 'statistical computing tools', 'hive', 'r', 'python', 'linux server administration', 'impala', 'scripting in linux-based shells', 'sql', 'hadoop environment programming', 'statistical analysis', 'scala', 'big data analytics', 'data pipeline management']"
Big Data Engineer,"['database systems', 'python', 'hadoop', 'predictive maintenance', 'data science technologies', 'spark', 'architecting solutions', 'aws', 'industrial iot', 'machine learning', 'algorithms', 'cloud environments', 'sas', 'scala', 'technology evaluations', 'data structures', 'google cloud', 'r', 'azure', 'big data', 'data mapping', 'data engineering', 'data science']"
Big Data Engineer,"['development', 'microsoft big data', 'troubleshooting', 'problem-solving', 'devops', 'microsoft azure architecture', 'open source technology', 'development/coding', 'service engineering', 'data integration solutions', 'cloud computing', 'microsoft azure platform']"
Big Data Engineer,"['spark', 'java', 'testing frameworks', 'data pipelines', 'spring framework', 'oracle databases', 'cassandra', 'hadoop', 'nosql data modeling', 'big data', 'apis development', 'kafka', 'continuous integration & delivery', 'infrastructure architecture', 'data analysis', 'performance tuning']"
Big Data Engineer,"['spark', 'real-time data streaming solutions', 'hive', 'experience with jupyter notebooks', 'experience with hadoop', 'expert level python', 'r', '.net', 'athena', 'schema/message design and modeling', 'aws deployment', 'tensorflow', 'pig', 'julia', 'high-performance solutions like gpus', 'r studio/shiny', 'familiarity with java']"
Big Data Engineer,"['h2o', 'airflow', 'redshift', 'aws', 'python data engineering', 'etl data pipelines', 'postgres sql']"
Big Data Engineer,"['spark', 'big data/hadoop experience', 'knowledge of data science', 'multi-threading', 'experience with distributed systems', 'hadoop', 'gcl', 'rpc', 'knowledge of python', 'performance optimization', 'knowledge of distributed systems', 'borg']"
Big Data Engineer,"['ranger', 'mapreduce', 'scrum', 'storm', 'apache pig', 's3', 'hadoop', 'dynamodb', 'agile development', 'governance', 'spark', 'hive', 'hadoop security', 'master data management', 'quantitative analysis', 'shell scripting', 'kafka', 'statistical modeling', 'java', 'kerberos', 'elastic search', 'algorithms', 'knox', 'kinesis', 'amazon emr', 'cassandra', 'data mining', 'scala', 'mongodb', 'performance tuning', 'data structures', 'data architecture']"
Big Data Engineer,"['graphic design applications', 'user research', 'user-centered design methodology', 'qualitative research', 'big data', 'ux design tools', 'adobe creative suite', 'statistical analysis', 'interaction models', 'information architecture', 'usability testing', 'quantitative research', 'user interfaces']"
Big Data Engineer,"['project management', 'business intelligence', 'applied analytics', 'operations research', 'analytics', 'systems engineering', 'management engineering', 'process engineering', 'business consulting', 'data analysis']"
Big Data Engineer,"['and apis', 'communication skills', 'picking up new software', 'learning new development languages', 'frameworks']"
Big Data Engineer,"['database replication', 'database management procedures', 'unix shell scripting', 'aws services', 'cloud database administration', 's3', 'kinesis', 'database monitoring and optimization', 'dynamo db', 'aws dms', 'attunity replicate support', 'rds', 'data modeling', 'data architecture design', 'database troubleshooting', 'sql development', 'backup and recovery']"
Big Data Engineer,"['spark', 'java', 'hive', 'r', 'unix/linux', 'xml', 'python', 'hadoop', 'impala', 'parquet', 'kafka', 'cloudera hadoop', 'avro', 'scala', 'github', 'sql', 'git', 'json']"
Big Data Engineer,"['mapreduce', 'python', 'zookeeper', 'sqoop', 'puppet', 'networking connectivity', 'spark', 'hive', 'hadoop security', 'yarn', 'ansible', 'cluster monitoring tools', 'flume', 'kafka', 'scripting', 'aws', 'cloudera manager/ambari', 'hbase', 'kerberos', 'solr', 'bash', 'ruby', 'io throughput', 'perl', 'cluster setup', 'pig', 'oozie', 'tls/ssl', 'scala', 'ganglia', 'jenkins', 'git', 'performance tuning', 'hdfs encryption', 'nagios', 'distributed hadoop ecosystem', 'sentry/ranger', 'hadoop administration', 'automation tools', 'hdfs']"
Big Data Engineer,"['defect tracking', 'jira', 'oracle tools', 'python', 'data cleansing', 'workflow monitor', 'denodo platform control center', 'obiee reporting', 'vb.net', 'unix shell scripting', 'test metrics', 'shell scripting', 'vba programming', 'toad', 'tidal job scheduling', 'sql', 'hp alm/quality center', 'informatica idq', 'test planning', 'test scripting', 'etl/data warehouse testing', 'test automation', 'c programming', 'sql developer', 'pl/sql', 'informatica power center', 'data analysis', 'requirements analysis', 'quality improvement practices', 'test case development', 'data reconciliation', 'data profiling', 'etl automation frameworks']"
Big Data Engineer,"['database management', 'system implementation & upgrades', 'systems monitoring & management', 'web servers', 'hadoop', 'cloud platforms', 'mssql servers', 'compliance environments', 'application servers', 'business objects', 'qlikview', 'systems & network engineering', 'linux infrastructure', 'active directory', 'aws', 'soc2', 'apache', 'microsoft windows servers', 'stata', 'san/storage platforms', 'hippa', 'mongodb', 'tableau', 'iso27001', 'azure', 'tomcat', 'data analytics technologies', 'distributed processing technologies']"
Big Data Engineer,"['corrective/preventive actions', 'customer requirements', 'quality assurance', 'quality management systems', 'supplier quality data analysis', 'root cause analysis', 'contract review', 'compliance', 'process capability analysis', 'cost of quality', 'statistical analysis', 'lean manufacturing', 'industry standards', 'inspection and test plans', 'quality system audit', 'government regulations', 'continuous improvement']"
Big Data Engineer,"['coding', 'ibm’s job control language', 'mvs operating systems', 'rmf', 'incident management process', 'remedy problem/change management systems', 'racf', 'jcl', 'dfsms', 'ibm’s sdsf', 'ibm’s smf', 'sas', 'data set naming convention', 'ibm z/os', 'omegamon for performance monitoring', 'tso ispf panels']"
Big Data Engineer,"['coding', 'mapreduce', 'analyzing', 'linux', 'oozie workflow/schedulers', 'python', 'database structures', 'programming languages', 'php', 'data modeling', 'and visualizing', 'spark', 'hive', 'high-performance algorithms', 'data parsing', 'shell scripting', 'open source tools', 'architecting scalable pipelines', 'java', 'multi-threading and concurrency concepts', 'testing patterns', 'sqoop data loading', 'impala', 'kafka setup and maintenance', 'flume processes', 'etl design', 'aws components', 'in-memory technologies', 'large-scale data infrastructures', 'real-time/streaming data delivery', 'managing', 'engineering software platforms', 'security and data privacy']"
Big Data Engineer,"['bw and hana', 'data modeling', 'sdlc', 'sap business intelligence', 'abap for bw', 'devops', 'etl development', 'sap lt replication server', 'software development life cycle', 'bods', 'agile methodology', 'data warehousing', 'data pipelines', 'business intelligence', 'performance tuning', 'data services', 'sql and pl/sql programming', 'microsoft office applications', 'requirements gathering']"
Big Data Engineer,"['zoning', 'python', 'solidfire', 'volume management', 'software defined storage', 'cisco sanos', 'par', 'brocade fos', 'storage provisioning', 'san storage technologies', 'cloud frameworks', 'scaleio', 'angular', 'hus', 'cisco and brocade fabrics', 'emc solutions enabler', 'distributed san operational experience', 'automation', 'ibm xiv', 'hitachi tuning manager', 'san switch technology management', 'lun masking', 'performance management']"
Big Data Engineer,"['data governance', 'model development', 'big data', 'systems infrastructure', 'data analytics', 'data mining', 'data engineering', 'business acumen', 'analytics tools evaluation', 'data tools development']"
Big Data Engineer,"['java', 'data pipelines', 'machine learning', 'object-oriented programming', 'data visualization', 'algorithms', 'computational complexity theory', 'python', 'c++', 'data extraction', 'state-of-art algorithms', 'database design', 'data modeling', 'etl processes', 'metadata management', 'data analysis', 'big data engineering', 'data warehousing']"
Big Data Engineer,"['and unix operating systems', 'java development', 'xml', 'web service apis', 'e.g.', 'nosql', 'big data', 'architectural patterns', 'inmemory environments', 'windows & linux', 'data integration', 'software development', 'jdbc', 'sql', 'version control systems', 'svn', 'git']"
Big Data Engineer,"['software application verification', 'product management', 'automotive systems', 'lin', 'root cause analysis', 'broadr', 'data analysis', 'web design', 'automotive communication networks', 'user experience design', 'can', 'transmission systems', 'vehicle diagnostics', 'obd', 'test plan development', 'engine', 'business analysis', 'mathematical concepts']"
Big Data Engineer,"['object-oriented analysis/design', 'mapreduce', 'domain-driven architecture and design', 'python', 'hadoop', 'automated software testing', 'spark', 'linux environment', 'rdbms', 'kafka', 'problem solving', 'big data environments', 'machine learning', 'service-oriented architecture', 'nosql solutions', 'j2ee specification', 'software engineering principles', 'domain-specific languages', 'etl tools', 'distributed system design', 'scala', 'e.g.', 'data quality tools', 'test-driven development', 'alternative programming languages', 'soa specification', 'agile software development', 'distributed programming']"
Big Data Engineer,"['data streaming', 'java', 'hive', 'big data tools', 'machine learning', 'python', 'hadoop', 'real-time analytics', 'programming', 'relational databases', 'nosql databases', 'data engineering', 'pig', 'data architecture', 'modern data pipelines', 'data warehousing']"
Big Data Engineer,"['spark', 'java', 'mapreduce', 'hadoop environment', 'data governance tools', 'distributed data processing frameworks', 'python', 'etl orchestration frameworks', 'airflow', 'monitoring and observability tools', 'linux environment', 'open source technologies', 'data ingestion practices', 'data modeling', 'oozie', 'scala', 'data architecture', 'data quality tools']"
Big Data Engineer,"['java', 'agile scrum development process', 'spring framework', 'r', 'spring boot', 'cassandra', 'python', 'javascript', 'relational databases', 'nosql databases', 'd3.js', 'scala', 'git', 'javascript frameworks', 'angularjs']"
Big Data Engineer,"['oltp', 'oracle', 'data integration', 'etl processes design', 'olap', 'kimball dimensional modeling', 'databricks/spark', 'data validation', 'sql', 'semi-structured data handling', 'bi reporting tools', 'unstructured data handling', 'aws s3', 'data pipeline understanding', 'erd review', 'enterprise data sources', 'mysql', 'redshift', 'structured data handling']"
Big Data Engineer,"['database testing knowledge', 'netezza', 'qa tools', 'strong analytical skills', 'strong sql skills', 'debugging of etl tools', 'oracle sql', 'datastage etl testing', 'qa testing knowledge', 'bi testing knowledge', 'microstrategy bi testing', 'dwh testing knowledge']"
Big Data Engineer,"['java development', 'linux', 'xml', 'nosql', 'unix', 'web services', 'big data', 'inmemory environments', 'operating systems', 'relational database management', 'data integration', 'windows', 'jdbc', 'sql', 'version control systems']"
Big Data Engineer,"['dataproc', 'open source technologies: hadoop', 'event hubs', 'cloud platforms', 'dataflow', 'bigtable', 'sql data warehouse', 'troubleshooting and performance tuning', 'spark', 'machine learning: spark mllib', 'hive', 'glue', 'kafka', 'bigquery', 'emr', 'data lake analytics', 'hbase', 'adls', 'gcp', 'hdinsight', 'cassandra', 'kinesis', 'root cause analysis', 'mongodb', 'azure', 'athena', 'redshift', 'neo4j', 'modern data technologies']"
Big Data Engineer,"['scrum', 'python', 'php', 'deployment practices', 'functional test automation', 'continuous integration', 'front-end technologies', 'spring', 'java', 'agile development methodology', 'rest', 'kanban', 'xp', 'nosql databases', 'unix/linux command line', 'git', 'svn', 'test-driven development', 'ruby on rails', 'unit testing', 'groovy']"
Big Data Engineer,"['technical skills', 'interpersonal skills', 'communication skills', 'soft skills:']"
Big Data Engineer,"['spark', 'coding', 'continuous integration/delivery', 'database development techniques', 'hadoop', 'nosql technologies', 'architecting', 'kafka', 'data engineering', 'relational database technologies']"
Big Data Engineer,"['relational and nonrelational', 'database management', 'big data tools', 'data engineering', 'python development']"
Big Data Engineer,"['mapreduce', 'postgres and mysql', 'amazon aws technologies', 'lambda', 'linux', 'nosql frameworks', 'dynamodb', 'fingerprinting', 'bash shell', 'relational database technologies', 'queueing systems', 'kinesis firehose', 'spark', 'redis', 'docker', 'cookies', 'kinesis', 'dynamo', 'building restful apis', 'nosql datastores', 'restful apis', 'sqs', 'sns', 'redshift', 'web browsers']"
Big Data Engineer,"['automation', 'husvm', 'linux shell', 'capacity planning', 'hds san and nas', 'hnas 3090', 'netapp nas', 'g-series', 'problem management', 'infrastructure projects management', 'microsoft powershell', 'perl', 'scripting', 'hus', 'linux and windows administration', 'veritas netbackup', 'san and nas systems']"
Big Data Engineer,"['business analytics', 'python', 'hadoop', 'programming languages', 'visualization tools', 'spark', 'big data methodologies', 'unix/linux environment', 'java', 'etc.', 'source code management', 'software development', 'scala', 'cloud and distributed systems', 'data mining/data science algorithms', 'git', 'svn', 'redshift', 'data processing pipelines']"
Big Data Engineer,"['order tracking', 'order entry', 'data extraction', 'customer service management', 'product availability', 'basic product knowledge']"
Big Data Engineer,"['coding', 'java', 'cloud computing environments', 'large-scale data infrastructures', 'data solutions using kafka/spark', 'node.js', 'testing patterns', 'python', 'talend tool', 'hdfs/cassandra/nosql', 'design', 'scala', 'requirements analysis', 'preferably aws', 'engineering software platforms']"
Big Data Engineer,"['jira', 'map reduce', 'xml', 'systems design and architecture', 'neptune', 'data modeling', 'swagger 2.0', 'devops principles', 'data analytics tools: tableau', 'database technologies: nosql', 'spark', 'relational', 'linux environment', 'kibana', 'rds', 'gremlin', 'modern database technologies', 'big data architectures: hadoop', 'java', 'modern databases: cassandra', 'graph', 'node.js', 'query languages: cypher', 'yaml data exchange formats', 'apache kafka', 'aws api gateway', 'graphql', 'json', 'aws services: dynamo', 'programming languages: python', 'elasticsearch', 'redshift', 'mongo', 'ec2', 'neo4j']"
Big Data Engineer,"['powershell', 'python', 'database monitoring', 'etl integration development', 'it operations automation', 'data flow diagrams', 'it operations management', 'solr', 'cassandra', 'analytic/reporting requirements gathering', 'e.g.', 'electronic health record systems', 'mongodb', 'relational database design', 'nosql document-based data stores', 'r', 'elasticsearch', 'database programming', 'data designs', 'scripting languages', 'lucene-based search frameworks']"
Big Data Engineer,"['mapreduce', 'linux', 'python', 'travis', 'networking', 'r programming', 'data modeling', 'ci/cd', 'cuda', 'hive', 'teamcity', 'devops', 'shell scripting', 'docker', 'aws', 'sql', 'pandas', 'apache hadoop', 'bash or powershell', 'kubernetes', 'numpy', 'apache spark', 'hive/postgresql/mssql/mysql/cassandra/redshift', 'data science pipelines', 'oozie', 'scala', 'jenkins', 'vsts', 'azure', 'gpu processing', 'airflow', 'pyspark', 'extract transform load']"
Big Data Engineer,"['linux', 'data visualization', 'big data technologies', 'hadoop', 'real time bidding', 'spark', 'hive', 'redis', 'rdbms', 'tensorflow', 'docker', 'machine learning frameworks', 'c', 'rtb frameworks', 'sql', 'windows', 'architectural design', 'java', 'golang', 'torch', 'machine learning', 'mysql', 'rtbkit', 'scala', 'openrtb', 'beeswax', 'caffe2', 'mongodb', 'r', 'percona', 'elasticsearch', 'nosql', 'big data', 'extract transform load']"
Big Data Engineer,"['excellent communication skills', 'results-oriented', 'soft skills:']"
Big Data Engineer,"['defect management', 'test automation', 'technical leadership', 'gap analysis', 'test plans', 'software testing', 'quality control', 'test strategies']"
Big Data Engineer,"['soap and rest', 'version control', 'sql and nosql', 'big data technologies', 's3', 'cassandra and/or mongodb', 'web service technologies', 'continuous integration/delivery toolkits', 'spark', 'hive', 'rabbitmq', 'jms', 'kafka', 'troubleshooting production issues', 'activemq', 'aws', 'spring', 'or similar mvc framework', 'monitoring and alerting', 'java', 'impala', 'queuing technologies', 'git', 'jenkins/puppet', 'unix/linux', 'sqs', 'sns', 'analytical skills', 'cloudera', 'ec2', 'hdfs']"
Big Data Engineer,"['unix-based operating systems', 'troubleshooting', 'debugging', 'cloud computing', 'documentation', 'integration technologies', 'javascript', 'e.g. git', 'data integration', 'relational databases', 'version control/scm', 'enterprise cloud applications', 'data transformation', 'application integration', 'data analysis', 'unit testing']"
Big Data Engineer,"['model building', 'python', 'it system hardware', 'data science life cycle', 'data integration', 'data transformation', 'finance knowledge', 'customer service knowledge', 'hive', 'cloud-based applications', 'linux ksh', 'aws', 'data warehouse', 'advanced technologies', 'sql', 'hadoop ecosystem', 'java', 'data quality', 'database concepts', 'data lake technology', 'marketing knowledge', 'data mining', 'database architecture', 'process improvement', 'open systems', 'automation', 'big data', 'data engineering', 'big data architecture', 'data science', 'data management']"
Big Data Engineer,"['pipe support load calculations', 'performance of audits', 'piping flexibility', 'design criteria development', 'familiarity with asme b31.3', 'design documentation', 'nozzle load calculations', 'flange leakage check', 'dynamic analysis', 'caesar ii software proficiency', 'api standards', 'piping engineering deliverables', 'stress analysis', 'spring support standards']"
Big Data Engineer,"['spark', 'java', 'hive', 'postgresql', 'python', 'hadoop', 'docker', 'pandas', 'aws', 'extract transform load', 'scala', 'sql', 'jenkins']"
Big Data Engineer,"['dataproc', 'open source technologies: hadoop', 'event hubs', 'dataflow', 'bigtable', 'sql data warehouse', 'spark', 'hive', 'project management', 'big data product knowledge', 'glue', 'kafka', 'bigquery', 'emr', 'data lake analytics', 'hbase', 'adls', 'methodology development', 'gcp', 'hdinsight', 'cassandra', 'kinesis', 'root cause analysis', 'best practices implementation', 'mongodb', 'performance tuning', 'azure', 'troubleshooting', 'athena', 'redshift', 'operationalizing models with tensorflow', 'neo4j', 'modern data technologies']"
Big Data Engineer,"['technical skills:', 'spark', 'hbase', 'hive', 'hadoop technologies', 'technical documentation', 'analytical skills', 'software engineering and development', 'unix/linux administration', 'hdfs']"
Big Data Engineer,"['data visualization technologies', 'continuous integration tools', 'debugging and code optimization', 'streaming technologies', 'hadoop ecosystem', 'informatica product stack', 'java ui technologies', 'e.g. udeploy', 'jenkins', 'performance optimization', 'e.g. tableau', 'data modeling', 'd3.js', 'github', 'production on-call support', 'e.g. apache spark', 'data warehousing']"
Big Data Engineer,"['big data applications', 'python', 'apache spark', 'database structures', 'redshift', 'aws', 'extract transform load', 's3 datalakes']"
Big Data Engineer,"['sql server', 'tdd', 'test-driven development', 'continuous integration/continuous deployment', 'database objects', 'git and github', 'microsoft ssis', 'analysis services', 'data modeling', 'ci/cd', 'agile environment experience', 'etl tool coding', 'data collection and organization']"
Big Data Engineer,"['problem solving', 'microsoft big data', 'troubleshooting', 'devops', 'microsoft azure architecture', 'open source technology', 'development/coding', 'service engineering', 'data integration solutions', 't-sql', 'user data management', 'cloud computing']"
Big Data Engineer,"['microsoft sql server', 'net library', 'design engineering', 'database design', 'developing software routines', 'net framework', 'yield improvement engineering', 'c', 'data analysis', 'product engineering']"
Big Data Engineer,"['python', 'elasticsearch', 'apache spark', 'postgres', 'aws', 'extract transform load', 'sql', 'data warehousing']"
Big Data Engineer,"['virtualization', 'storage configuration', 'linux/unix management', 'networking', 'cloud platforms', 'windows/active directory management', 'aws', 'data protection', 'cloud formation', 'replication']"
Big Data Engineer,"['linux', 'data modeling', 'capacity planning', 'database design', 'scripting', 'datasync', 'software engineering', 'data warehouse', 'informatica', 'bi publisher', 'java', 'data loading mechanisms', 'web catalog maintenance', 'dimensional hierarchies', 'etl tools', 'e.g.', 'performance tuning', 'odi', 'sql programming', 'oracle cloud bi', 'system risk analysis', 'oracle analytic cloud –oac']"
Big Data Engineer,"['mapreduce', 'hadoop', 'relational databases', 'data modeling', 'cloud performance monitoring', 'bash scripting', 'spark', 'etl/data pipeline solutions', 'python scripting', 'sql', 'data processing', 'java', 'data pipelines', 'hive/pig', 'nosql databases', 'data mining', 'scala', 'data analysis', 'r', 'cloud technologies', 'big data', 'hdfs']"
Big Data Engineer,"['postgresql', 'related to experience', 'scripting language proficiency', 'python', 'big data technologies', 'dynamodb', 'php', 'spark', 'hive', 'nosql technologies', 'kafka', 'luigi', 'hadoop/mapreduce', 'etl frameworks', 'cassandra', 'garcon', 'integration', 'mysql', 'distributed data store', 'mongodb', 'automated testing', 'airflow', 'unit', 'redshift', 'aws ecosystem', 'snowflake', 'functional']"
Big Data Engineer,"['application delivery', 'linux', 'xml', 'refactoring', 'software/web development', 'agile development', 'functional test', 'continuous integration/deployment', 'aws', 'subversion or git', 'java', 'http', 'gcp', 'nosql databases', 'integration test', 'json', 'automated unit test', 'debugging and troubleshooting', 'test-driven development', 'e.g. cassandra', 'rest web services', 'react.js', 'version control systems']"
Big Data Engineer,[]
Big Data Engineer,"['linux', 'application development platforms', 'paas', 'cloud computing environment', 'public cloud', 'big data trends', 'hpc computing paradigms', 'data and information management', 'identity management systems', 'enterprise networking', 'saas', 'iaas']"
Big Data Engineer,"['hbase and zookeeper', 'or nagios', 'designing', 'ssl', 'networking connectivity', 'spark', 'yarn', 'administration experience on hadoop', 'or python', 'aws', 'and hdfs encryption', 'ruby', 'scripting with bash', 'perl', 'tls', 'ganglia', 'git', 'jenkins', 'sentry/ranger', 'installing', 'and io throughput', 'hdfs']"
Big Data Engineer,"['time series data', 'python', 'nosql', 'development languages', 'analytical data systems', 'data integration', 'data modeling', 'extract transform load', 'data architecture', 'sql', 'stream processing']"
Big Data Engineer,"['spark', 'java', 'hive', 'apache', 'service oriented architecture', 'spring framework', 'oracle', 'maven', 'debugging skills', 'hadoop', 'tomcat', 'web services', 'columnar databases', 'defensive programming', 'soa']"
Big Data Engineer,"['monitoring services', 'api development', 'jasperreports server', 'python', 'hadoop', 'javascript', 'qlik', 'spark', 'client facing saas platform', 'hive', 'shell scripting', 'etl pipelines', 'aws', 'machine learning frameworks', 'sql', 'bi tools', 'continuous development framework', 'java', 'node.js', 'tableau', 'online tracking tags', ""udf's""]"
Big Data Engineer,"['data exploration', 'data governance', 'data visualization', 'data cleansing', 'enterprise-level database experience', 'advanced statistics', 'data warehousing']"
Big Data Engineer,"['agile/scrum experience', 'linux', 'hibernate and/or jpa', 'nosql', 'big data platform', 'etc.', 'couchbase', 'mongodb', 'sql', 'core java development']"
Big Data Engineer,"['machine learning', 'messaging systems', 'statistics', 'designing data pipelines', 'workflow management tools', 'analytics', 'working with sql', 'software development', 'data engineering', 'data serialization', 'scripting languages', 'building apis', 'data processing']"
Big Data Engineer,"['spark', 'hive', 'aws/azure/gcp', 'big data ecosystem', 'hadoop/hive/spark/presto/airflow', 'database technologies', 'sql/nosql', 'infrastructure design', 'presto', 'airflow', 'python', 'distributed systems', 'cloud platforms', 'etl pipelines', 'software development']"
Big Data Engineer,"['dataproc', 'open source technologies: hadoop', 'event hubs', 'dataflow', 'bigtable', 'sql data warehouse', 'best practices development', 'spark', 'machine learning: spark mllib', 'hive', 'glue', 'kafka', 'bigquery', 'data lake analytics', 'emr', 'hbase', 'adls', 'gcp', 'hdinsight', 'cassandra', 'kinesis', 'mongodb', 'performance tuning', 'azure', 'troubleshooting', 'athena', 'methodology improvement', 'big data', 'redshift', 'operationalizing models with tensorflow', 'neo4j']"
Big Data Engineer,"['python', 'hadoop', 'cloud engineering', 'architectural patterns', 'javascript', 'spark', 'hive', 'kafka', 'scripting', 'sql', 'data warehousing', 'java', 'hbase', 'shell scripts', 'machine learning', 'impala', 'pig', 'scala', 'system integration', 'streaming technologies', 'unix/linux', 'r', 'nosql', 'big data', 'iot', 'extract transform load']"
Big Data Engineer,"['spark', 'java', 'hbase', 'big data storage systems', 'python', 'hadoop', 'automated tooling', 'aws', 'data infrastructure', 'backend systems']"
Big Data Engineer,"['data services', 'java', 'hive', 'spark', 'kafka streaming', 'cassandra', 'hadoop', 'middleware', 'big data', 'hadoop hdfs', 'impala', 'open source software', 'enterprise software design']"
Big Data Engineer,"['hive', 'defect tracking', 'automation testing', 'oracle', 'big data testing', 'hadoop', 'test scenario creation', 'talend', 'sql', 'test data set creation']"
Big Data Engineer,"['monitoring tools and platforms', 'python', 'and/or php', 'sql and mysql', 'puppet', 'cluster management', 'ansible', 'automation/configuration management using terraform', 'aws', 'server management infrastructure', 'storage system administration', 'ruby', 'linux/unix administration', 'jenkins', 'git', 'artifactory', 'chef', 'or an equivalent', 'and jira']"
Big Data Engineer,"['coding', 'data quality', 'java', 'data pipelines', 'python', 'php', 'data modeling', 'software engineering', 'data engineering', 'sql', 'data analysis', 'data warehousing']"
Big Data Engineer,"['business requirement translation', 'etl implementation', 'star schema design', 'data modeling', 'report authoring', 'bi solutions development', 'sql', 'data warehousing']"
Big Data Engineer,"['hfm', 'fdmee', 'vba', 'jython scripting', 'hyperion financial manager', 'planning & essbase', 'financial report development', 'calc scripts', 'excel formulas', 'bat scripting', 'epma', 'planning', 'oracle hyperion technologies', 'shared services', 'smartviews', 'essbase']"
Big Data Engineer,"['soap and rest', 'microsoft sql server', 'data governance', 'data visualization', 'web services integration', 'hadoop', 'olap technologies', 'spark', 'hive', 'google cloud services', 'cassandra', 'test plan creation', 'mongodb', 'teradata', 'azure', 'data integrity validation', 'sql query writing', 'data warehouse management', 'agile methods', 'cloudera', 'tableau dashboard building']"
Big Data Engineer,"['supplier management', 'data acquisition', 'engineering project development', 'data analytics', 'software development', 'powertrain/vehicle control systems', 'cloud computing']"
Big Data Engineer,"['oracle', 'agile', 'python', 'hortonworks', 'hadoop', 'data modeling', 'erwin', 'spark', 'hive', 'maven', 'devops', 'integration with sap technologies', 'control-m', 'sap hana', 'oozie', 'scala', 'git', 'big data engineer', 'cloudera', 'visio']"
Big Data Engineer,"['python', 'brightscope', 'sqoop', 'financial markets', 'albridge', 'spark', 'hive', 'project management', 'bloomberg', 'data flow', 'kafka', 'market metrics', 'pandas', 'sql', 'discovery', 'apache hadoop', 'excel', 'data analytics tools', 'morningstar', 'salespage crm', 'scala', 'etl processes', 'tableau', 'r', 'microsoft office applications', 'hdfs']"
Big Data Engineer,"['python', 'spark job development', 'programming languages', 'php', 'data analytics', 'unstructured data designs', 'big data design solutions', 'agile environment', 'data loading and management', 'qlikview', 'bi tools', 'java', 'sql/nosql', 'database development', 'ruby', 'sas', 'etl tools', 'scala', 'clojure', 'tableau', 'r', 'big data domain knowledge', 'hadoop/spark/ingestion tools', 'consultative support']"
Big Data Engineer,"['jira', 'storm', 'nosql data stores', 'hadoop', 'javascript', 'relational databases', 'big data systems', 'spark', 'hive', 'rdbms', 'kafka', 'confluence', 'cloud computing services', 'sql', 'java', 'linux/unix environments', 'pig', 'git', 'agile software development', 'distributed computing']"
Big Data Engineer,"['software architecture', 'simulation', 'python', 'matlab', 'modeling', 'quality control', 'data analytics', 'r language', 'data science']"
Big Data Engineer,"['sql server integration services', '.net', 't-sql database administration', 'e.g.', 'database administration', 'sql server analysis services', 'programming', 'vbscript', 'cube development', 'etl processes', 'dimensional design']"
Big Data Engineer,"['data governance', 'adaptive planning', 'etl design techniques', 'data modeling', 'relational database', 'dimensional database', 'master data management', 'salesforce', 'netsuite database', 'business intelligence', 'query and report writing', 'data warehouse environment', 'troubleshooting skills', 'marketo', 'redshift', 'analytical skills', 'data engineering', 'data architecture', 'data management', 'metadata management']"
Big Data Engineer,"['mapreduce', 'net', 'storm', 'python', 'hadoop', 'spark', 'hive', 'microsoft azure', 'aws', 'java', 'impala', 'sap hana', 'scala', 'git', 'svn', 'netezza', 'unix/linux', 'artificial intelligence', 'redshift', 'big data architecture', 'data science']"
Big Data Engineer,"['strong knowledge of vba', 'implementing standard engineering practices', 'performing factory functional testing']"
Big Data Engineer,"['scrum', 'machine learning', 'artificial intelligence', 'natural language processing', 'data visualization', 'python', 'r', 'microsoft azure', 'nosql', 'programming', 'hadoop', 'agile software development', 'application development', 'data analytics', 'statistical analysis', 'data science', 'e.g.', 'deep learning']"
Big Data Engineer,"['documentation creation and updates', 'participating in network operations', 'support through ticketing system', 'network environment design recommendations', 'switches', 'visio diagram creation', 'network best practices implementation', 'project-oriented network configuration', 'and load balancers support', 'network capacity analysis', 'firewalls', 'routers']"
Big Data Engineer,"['microsoft excel', 'baseband video signal flow', 'python', 'programming', 'javascript', 'ip networking concepts', 'autocad', 'scripting', 'software development', 'documentation management', 'visio']"
Big Data Engineer,"['architectural design', 'server technologies', 'pre-sales engineering', 'compute technologies', 'business development', 'hyper-converged infrastructure', 'virtualization technologies', 'data center solutions design', 'storage technologies', 'oem relationship management']"
Big Data Engineer,"['python', 'hadoop', 'object-oriented principles', 'angularjs', 'relational and no-sql platforms', 'software development principles', 'spark', 'hive', 'continuous delivery', 'command-line scripting', 'kafka', 'hbase', 'apache spark', 'impala', 'apache kafka', 'centos', 'apache ecosystem', 'restful apis', 'nodejs', 'scala/java', 'linux operating systems', 'jquery', 'akka or play framework']"
Big Data Engineer,"['hbase', 'sql query skills', 'predictive analytics', 'big data technologies', 'professional software engineering', 'hadoop', 'apache spark', 'visualization', 'aws', 'tableau or powerbi']"
Big Data Engineer,"['material quantity estimation', 'evaluation of suppliers', 'material requisitions', 'computer tools', 'specification development', 'engineering systems', 'data compilation and correlation', 'design concepts', 'engineering calculations']"
Big Data Engineer,"['rocksdb/leveldb', 's3', 'hadoop', 'gcs', 'collectd', 'javascript', 'dynamodb', 'avro', 'reliability', 'fault-tolerance', 'spark', 'vertica', 'hive', 'distributed systems concepts', 'graphite', 'kafka', 'or thrift', 'java', 'consensus algorithms', 'cassandra', 'presto', 'liveness and safety', 'oozie', 'protobuf', 'parquet', 'scala', 'flink', 'durability', 'airflow', 'redshift', 'haskell', 'statsd', 'consistency and availability']"
Big Data Engineer,"['java', 'kotlin', 'mobile development experience', 'software engineering', 'rxjava', 'mobile application development', 'dagger']"
Big Data Engineer,"['java', 'python', 'data modeling', 'data warehouse', 'sql', 'etl design']"
Big Data Engineer,"['postgresql', 'information retrieval', 'elasticsearch', 'linux system administration', 'programming', 'networking', 'distributed systems', 'security', 'scripting', 'nosql databases', 'analytics', 'rhel/centos', 'sql']"
Big Data Engineer,"['map reduce', 'hadoop', 'sqoop', 'spark', 'unix shell scripting', 'hive', 'flume', 'kafka', 'workload automation', 'java', 'hbase', 'root cause analysis', 'big data platform', 'impala', 'pig', 'scala', 'performance tuning', 'incident/change/problem management', 'production support processes']"
Big Data Engineer,"['automotive systems', 'broadr', 'transmission systems calibration', 'vehicle diagnostics', 'statistical inference', 'business analysis', 'obd', 'engine', 'mathematical concepts', 'validation', 'product management', 'lin', 'can', 'probability', 'and development', 'data analysis', 'web design', 'automotive communication networks', 'user experience design']"
Big Data Engineer,"['django or flask', 'microservices', 'docker or kubernetes', 'machine learning', 'scipy', 'python', 'rest', 'numpy', 'or pandas', 'aws', 'sql']"
Big Data Engineer,"['ability for continuous improvement', 'basic computer skills', 'maintenance of equipment', 'basic math skills', 'machinery setup and operation', 'inspection of packaged items', 'operating production equipment', 'inventory control', 'mechanical work capabilities']"
Big Data Engineer,"['spark', 'hbase', 'mapreduce concepts', 'hadoop', 'java 8', 'scala']"
Big Data Engineer,"['logstash', 'java', 'enterprise architecture', 'dev ops automation', 'python', 'hadoop', 'big data', 'big data standards', 'kafka', 'programming languages', 'open source tools', 'data administration', 'extract transform load', 'data architecture', 'sql', 'e.g.']"
Business Analyst,"['microsoft sql database', 'windows operating system', 'ssrs', 'workflow modeling', 'relational databases', 'data modeling', 'crystal reports']"
Business Analyst,"['powerbi', 'marketing automation', 'ms office proficiency', 'excel', 'crm management', 'salesforce.com', 'data mining', 'reporting', 'power point', 'business intelligence tools', 'data analysis', 'domo', 'tableau']"
Business Analyst,"['information technology', 'expertise']"
Business Analyst,"['uat', 'net', 'programming/development', 'oracle', 'business requirement documents', 'quality assurance test scenarios/cases', 'system administration', 'project management', 'user acceptance testing', 'project plans', 'use cases generation', 'source to target mapping', 'brd', 'sql', 'team management', 'implementation guides', 'process improvement', 'data analysis', 'architecture and design']"
Business Analyst,"['technical background', 'manufacturing processes', 'ms excel', 'configuration management', 'ms powerpoint', 'root cause analysis', 'business fundamentals', 'process improvement', 'data analysis']"
Business Analyst,"['market research and analysis', 'risk avoidance', 'problem statement development', 'pre-project planning', 'communication and collaboration', 'process flow analysis', 'requirements gathering', 'data analysis', 'quality assurance testing']"
Business Analyst,"['technical writing', 'problem-solving', 'process modeling', 'process analysis', 'project progress tracking', 'lean six sigma', 'process documentation', 'data evaluation', 'data analysis', 'business process improvement']"
Business Analyst,['asp.net']
Business Analyst,"['system integration', 'project management', 'quality assurance', 'test planning', 'user acceptance testing', 'waterfall methodology', 'stakeholder communication', 'requirements documentation', 'reporting', 'risk management', 'business analysis']"
Business Analyst,"['relational database design', 'coding', 'netsuite', 'documentation', 'sage', 'sap', 'erp systems', 'requirements gathering', 'data analysis', 'project estimating', 'business process improvement']"
Business Analyst,"['expense reporting', 'reconciliations', 'budget development', 'variance monitoring', 'invoicing & payments', 'financial reporting', 'financial monitoring', 'compliance with federal regulations', 'purchasing', 'financial administration', 'cost recovery support', 'strategic budget development']"
Business Analyst,"['agile applications development', 'software engineering', 'project financials', 'business knowledge', 'support and deployment', 'functional architecture design', 'kpi´s & reporting', 'business analysis', 'testing']"
Business Analyst,"['project management', 'r', 'business intelligence', 'python', 'matlab', 'sas', 'data analytics', 'statistical analysis', 'data infrastructure', 'sql', 'dremel']"
Business Analyst,"['microsoft excel', 'quality assurance', 'troubleshooting', 'market analysis', 'problem-solving', 'r/python', 'microsoft power bi', 'communication skills', 'sql', 'organization skills', 'data analysis', 'tableau']"
Business Analyst,"['microsoft office suite', 'database management', 'market analysis', 'mathematics', 'marketing trends analysis', 'order processing systems', 'statistical analysis', 'data analysis', 'report preparation']"
Business Analyst,"['writing project documents', 'business process design', 'business systems analysis', 'workflow documentation', 'project coordination', 'acceptance testing']"
Business Analyst,"['sql querying', 'data pipelines', 'technical documentation', 'dashboard development', 'tableau', 'business intelligence tools', 'e.g.', 'data warehousing']"
Business Analyst,"['business process mapping', 'project management', 'user acceptance testing', 'functional specifications', 'business requirements', 'change management', 'financial projections', 'stakeholder management', 'business analysis']"
Business Analyst,"['automation', 'project management', 'microsoft excel', 'microsoft access', 'sharepoint', 'financial reporting', 'microsoft project', 'agile methodologies', 'systems analysis', 'sql', 'data analysis', 'business analysis']"
Business Analyst,"['high-priority analysis', 'financial forecasting', 'roi analysis', 'strategic planning', 'competitive benchmarking', 'executive reporting', 'data analytics', 'business strategy', 'market sizing', 'financial modeling']"
Business Analyst,"['syndicated data analysis', 'data analysis', 'analytics', 'reporting', 'nielsen data analysis', 'market research']"
Business Analyst,"['microsoft access', 'microsoft excel', 'sales forecasting', 'kpi analysis', 'micro strategy', 'sql', 'data analysis', 'financial modeling']"
Business Analyst,"['it environment experience', 'supply chain systems', 'systems analysis', 'powerquery', 'powerbi', 'project management', 'supplier relationship management', 'user acceptance testing', 'application development', 'powerpivot', 'sarbanes/oxley', 'business process analysis', 'compliance', 'erp systems', 'software development', 'reporting', 'alteryx', 'data analysis', 'systems design', 'quality management systems', 'requirements documentation', 'user interface design']"
Business Analyst,"['business requirements documentation', 'procedure development', 'business benefit development', 'business process documentation', 'gap analysis', 'environment set-up', 'data cleansing', 'qa support during testing', 'user requirements/user stories creation', 'technology requirements translation']"
Business Analyst,"['guidewire platform', 'requirement gathering', 'functional specifications', 'billingcenter', 'finance knowledge', 'business analysis']"
Business Analyst,"['microsoft excel', 'sql server', 'microsoft access', 'microsoft word', 'unix operating system', 'cognos', 'diamond', 'sas', 'microsoft outlook', 'statistical analysis systems', 'crystal', 'microsoft powerpoint', 'sidewinder']"
Business Analyst,"['expertise in organizational systems', 'technical problem solving', 'technology proficiency', 'systems analysis', 'risk management', 'data analysis']"
Business Analyst,"['technical skills:', 'defect and bug identification', 'defect analysis', 'creation of test scenarios']"
Business Analyst,"['business process re-engineering', 'project management', 'requirements management', 'written/oral communication', 'metrics and reporting', 'technical documentation', 'user liaison', 'data collection', 'requirements gathering', 'business analysis']"
Business Analyst,"['technical writing', 'application development', 'sql', 'process documentation', 'requirements gathering', 'data analysis', 'business analysis', 'testing']"
Business Analyst,"['financial analysis', 'corrective actions recommendation', 'compliance work', 'industry inquiry analysis', 'contractual compliance evaluation', 'data analysis', 'report preparation', 'market research']"
Business Analyst,"['uat', 'scrum', 'system implementation', 'business requirements documentation', 'design of new functionality', 'user acceptance testing', 'project portfolio documentation', 'gap analysis', 'kanban', 'waterfall methodology', 'process analysis', 'microsoft applications', 'agile methodology']"
Business Analyst,"['automation', 'project management', 'data visualization', 'python', 'html', 'javascript/googlescript', 'sql', 'excel/google sheets', 'plx']"
Business Analyst,"['microsoft office suite', 'power bi', 'database management', 'microsoft sql server', 'star schema', 'ssrs', 'stored procedures', 'advanced ms-excel', 'enterprise data warehouse', 'tableau']"
Business Analyst,"['familiarity with fulfillment/logistics processes', 'knowledge of sales models']"
Business Analyst,"['project management', 'communication', 'business logic detailing', 'software development process understanding', 'advanced excel skills', 'sql knowledge', 'requirements gathering', 'looker', 'workflow definition', 'feasibility assessment', 'analytical skills', 'data mining', 'use case identification', 'api integration management', 'system analysis', 'problem solving', 'data visualization tools', 'tableau']"
Business Analyst,"['dashboard creation', 'sharepoint', 'forms development', 'root cause analysis', 'budget planning', 'analytics', 'process improvement methodologies', 'statistical analysis', 'process improvement', 'data-driven approach', 'forecasting']"
Business Analyst,"['training', 'project planning', 'oracle', 'access', 'documentation', 'regression testing', 'root cause analysis', 'programming', 'process design', 'relational databases', 'system configuration', 'systems analysis', 'reporting', 'test plan creation', 'sql', 'requirements analysis']"
Business Analyst,"['intelligent delivery services', 'analytical methodology', 'production print & mail', 'tracking & compliance', 'business analysis', 'project management', 'return mail services', 'inbound mail services', 'workflow automation', 'workflow diagrams', 'enhanced output management', 'electronic bill presentment', 'customer communications management', 'ccm', 'industry research', 'marketing solutions', 'print & mail continuity', 'postal optimization', 'mail services', 'critical communications', 'visio']"
Business Analyst,"['functional requirements development', 'business process modeling', 'technical designs', 'test planning', 'system testing', 'agile delivery methodology', 'application testing', 'technical writing/documentation', 'development protocol and methodology', 'requirements analysis']"
Business Analyst,"['working with large databases', 'data extraction', 'basic statistical analysis', 'generating reports', 'validating data', 'database maintenance and upgrades', 'formulating business intelligence reports', 'knowledge of accounting principles']"
Business Analyst,"['cold calling', 'b2b sales', 'microsoft office proficiency', 'business development', 'advanced negotiation skills', 'problem-solving abilities']"
Business Analyst,['skill types:']
Business Analyst,"[') deployment management', ') financial services', ') qa coordination', ') business analysis', ') solution design', ') uat coordination', ') investment banking', ') sdlc', ') test case validation']"
Business Analyst,"['quantitative modeling', 'process development', 'business analytics', 'strategic planning', 'program management', 'metrics tracking', 'financial modeling']"
Business Analyst,"['and visio', 'product backlogs', 'business requirements', 'excel', 'proficiency in ms word', 'agile-scrum development environment experience', 'process flows']"
Business Analyst,"['hive', 'database management', 'reporting tools', 'powerpoint & tableau', 'elt processes', 'data visualization', 'excel', 'salesforce.com', 'sql', 'data analysis']"
Business Analyst,"['e.g. six sigma', 'using tools like powerbi', 'access', 'business performance measurement', 'word', 'outlook', 'report generation', 'excel', 'process improvement methodologies', 'lean manufacturing', 'microsoft office suite proficiency', 'powerpoint', 'monitoring key performance indicators', 'data analysis', 'kpis', 'complex data interpretation']"
Business Analyst,"['technical writing', 'system development life-cycle methodologies', 'word', 'microsoft office', 'excel', 'powerpoint and visio', 'systems analysis', 'business process understanding']"
Business Analyst,"['primavera p6', 'process mapping', 'data migration', 'reporting skills', 'tableau', 'sql', 'engineering data structures']"
Business Analyst,"['security requirements assessment', 'business requirements preparation', 'business rules definition', 'user acceptance testing', 'documentation', 'statistical tools knowledge', 'functional requirements identification', 'data analysis', 'requirements analysis', 'business intelligence analysis']"
Business Analyst,"['r', 'roi modeling', 'marketing analytics', 'consumer insights', 'python', 'e-commerce', 'problem-solving skills', 'excel', 'analytical skills', 'sql', 'data analysis', 'retail pos financing', 'data warehousing']"
Business Analyst,"['microsoft excel', 'r', 'tableau', 'python', 'business data research', 'qlikview/qliksense', 'industry knowledge', 'sql', 'sap businessobjects', 'microsoft powerpoint', 'written communication', 'data analysis', 'microsoft powerbi', 'verbal communication']"
Business Analyst,"['presentation preparation', 'project management', 'minute-taking', 'meeting agenda preparation', 'budget review', 'document preparation', 'chart preparation', 'contract management', 'data analysis', 'spreadsheet preparation']"
Business Analyst,"['sharepoint', 'power bi', 'excel', 'powerapps', 'sql']"
Business Analyst,"['cost analysis', 'product development', 'business performance monitoring', 'product support planning', 'product service metrics', 'service and support planning', 'subject matter knowledge', 'business analysis']"
Business Analyst,"['data standards', 'data presentation', 'business intelligence', 'data governance', 'bi analysis', 'data reporting', 'analytics', 'data warehouse management', 'tableau', 'sql', 'business objects']"
Business Analyst,"['sharepoint', 'business requirements documentation', 'word', 'outlook', 'excel', 'research and data analysis', 'analytical and problem-solving skills', 'archer grc knowledge', 'project planning and management', 'powerpoint', 'knowledge of healthcare products', 'visio', 'ms office skills']"
Business Analyst,"['project management', 'solution development', 'market analysis', 'integration', 'test planning and execution', 'functional', 'user acceptance', 'software lifecycle management', 'requirements gathering', 'testing']"
Business Analyst,"['key performance metrics development', 'creating reports and tools', 'presentation development', 'marketing metrics analysis', 'data analysis']"
Business Analyst,"['human capital consulting', 'health insurance knowledge', 'retirement plans administration', 'workers’ compensation insurance management', 'employment law compliance', 'payroll processing']"
Business Analyst,"['identifying process improvements', 'resolving system concerns', 'executing user acceptance testing', 'maintaining system documentation', 'writing functional system requirements', 'developing test cases', 'analyzing data', 'updating systems', 'implementing new plans', 'documenting work instructions', 'evaluating system exceptions', 'processing financial audits']"
Business Analyst,"['client reporting', 'project management', 'data querying', 'analytical tools', 'power pivot', 'problem-solving', 'trend analysis', 'data manipulation', 'model configuration', 'excel', 'data analytics', 'innovative thinking', 'diagnostic results interpretation', 'attention to detail']"
Business Analyst,"['glossaries', 'database management', 'data visualization', 'research-based information', 'charts', 'statistical analysis tools', 'sas', 'reporting', 'data interpretation', 'data analysis', 'executive summaries', 'tableau']"
Business Analyst,"['microsoft office suite', 'xml', 'oracle certification', 'functional documentation', 'technical documentation', 'requirement documentation', 'sql']"
Business Analyst,"['gathering business requirements', 'agile environment experience', 'business analysis', 'facilitating planning sessions']"
Business Analyst,"['application design', 'business process analysis', 'project management', 'test planning', 'risk assessment', 'documentation', 'technology evaluation', 'comparison analysis', 'process improvement', 'requirements gathering', 'workflow design']"
Business Analyst,"['sharepoint', 'risk assessment', 'bia', 'ms office suite', 'crisis management', 'business impact analysis', 'business continuity planning', 'excel', 'bcm planning software', 'powerpoint', 'metrics analysis', 'fusion']"
Business Analyst,"['business modeling', 'agile/scrum/kanban', 'negotiation skills', 'use case creation', 'troubleshooting', 'time management', 'interpersonal skills', 'communication skills', 'analytical skills', 'requirements gathering', 'standard requirements documentation tools/utilities', 'project scoping']"
Business Analyst,"['business specifications analysis', 'workflow creation', 'report development and analysis', 'microsoft office', 'client training', 'vizio', 'requirements development', 'business process improvement']"
Business Analyst,"['system specifications', 'web-based applications', 'agency interface', 'test matrices', 'user acceptance testing', 'documentation', 'ms suite of products', 'insurance systems', 'analysis', 'training', 'roll-out strategies', 'database query tools']"
Business Analyst,"['cross-platform experience', 'digital advertising knowledge', 'analytical skills', 'ms excel skills', 'automation of reporting processes', 'data analysis', 'report preparation', 'forecasting']"
Business Analyst,"['banking applications knowledge', 'systems understanding', 'documentation and procedural skills', 'test script development', 'microsoft office proficiency', 'data analysis']"
Business Analyst,"['desktop technology support', 'business applications support', 'infrastructure support', 'technology support', 'operations support', 'help desk support', 'application development support', 'analytical support', 'relationship management']"
Business Analyst,"['data quality management', 'project management', 'business process analysis', 'business intelligence', 'user acceptance testing', 'requirements elicitation', 'business process optimization', 'systems analysis', 'enterprise-wide requirements definition', 'data analysis', 'report preparation']"
Business Analyst,"['ryder online', 'transportation analysis tools', 'ryder tm operating systems', 'i2', 'ilps', 'ms excel', 'ms word', 'i2tms', 'miles', 'minitab', 'sas', 'tmod', 'ms access', 'metlab', 'statistical analysis', 'ms power point', 'tis', 'pivot tables']"
Business Analyst,"['statistical analysis', 'regression models', 'data normalization', 'dashboards', 'sql', 'data migration', 'business intelligence', 'microsoft business intelligence solutions', 'excel', 'reporting', 'crystal reports', 'data analysis', 'tableau', 'ssrs', 't-sql', 'entity-relationship models', 'ssis', 'google analytics', 'automation tools']"
Business Analyst,"['uml modeling', 'crm software', 'srs', 'peer reviews', 'database structures', 'nonfunctional requirements', 'business analysis', 'requirements engineering', 'traceability management', 'software development life cycle', 'task and workflow analysis', 'use case analysis', 'requirements traceability', 'system testing', 'requirements validation', 'software requirements specification', 'requirements analysis', 'jad sessions', 'quality attributes', 'requirements elicitation', 'customer relationship management', 'commercial requirements management tools', 'change control processes', 'system documentation', 'joint application development', 'requirements management']"
Business Analyst,"['machine learning', 'python', 'r programming', 'statistical modeling', 'sql', 'data analysis']"
Business Analyst,"['logical design', 'process improvement strategies', 'business requirements documentation', 'functional specifications', 'screen design', 'problem triage', 'process modeling', 'use case development', 'data mining', 'data modeling', 'requirements gathering', 'data analysis', 'quality assurance testing', 'requirements analysis']"
Business Analyst,"['troubleshooting skills', 'data analysis', 'relationship building', 'reporting software', 'communication skills', 'analytical skills', 'knowledge of sql', 'leadership skills', 'research skills']"
Business Analyst,"['microsoft excel', 'microsoft powerpoint', 'ms office', 'sap tools/systems']"
Business Analyst,"['project management', 'business process analysis', 'software development lifecycle', 'interpretation of technical requirements', 'quality control', 'business analysis techniques', 'requirements gathering']"
Business Analyst,"['trading analytics', 'market modeling', 'unconventional resource development', 'midstream analytics', 'market analysis', 'economic analysis', 'divestment programs', 'fiscal systems', 'aries software', 'technical/industry/commercial knowledge', 'business experience', 'profitability analysis', 'commercial agreements', 'asset management', 'analytical skills', 'risk management', 'trading analysis']"
Business Analyst,"['process mapping', 'user stories', 'gathering requirements', 'problem-solving', 'business systems analysis', 'word', 'stakeholder requirements', 'outlook', 'collaboration with technical teams', 'excel', 'sdlc methodologies', 'visio', 'feature acceptance criteria', 'wire framing', 'powerpoint']"
Business Analyst,"['crm systems', 'oracle', 'erp business systems', 'salesforce', 'microsoft office applications', 'edi', 'business analysis/reporting tools', 'sap', 'tableau', 'sap bi', 'netsuite']"
Business Analyst,"['formal reviews', 'validation', 'test process', 'application acceptance', 'documentation', 'technical design', 'modelling', 'analysis', 'prototyping', 'risk management', 'requirements gathering', 'business analysis']"
Business Analyst,"['ms office products', 'benchmarking', 'access', 'word', 'data mining/analysis', 'trend analysis', 'excel', 'interpretation of performance metrics', 'reporting', 'power point', 'scenario planning']"
Business Analyst,"['financial analysis', 'excel', 'data mining', 'sql', 'data analysis', 'forecast model development']"
Business Analyst,"['enterprise field roles', 'microsoft 365 consumption', 'fasttrack processes', 'analytical skills']"
Business Analyst,"['quality assurance', 'product management', 'requirements', 'application functionality', 'specifications']"
Business Analyst,"['requirements tools utilization', 'business process modeling', 'project management', 'documentation using standard tools', 'business value delivery', 'incident management', 'problem-solving', 'user stories writing', 'requirements elicitation', 'it strategy development', 'agile development methodologies']"
Business Analyst,"['research administration', 'policy interpretations', 'finance system configuration', 'accounting principles', 'interpreting laws and policies', 'process improvement', 'computer proficiency', 'data analysis', 'workday implementation']"
Business Analyst,"['project management', 'scrum', 'systems design', 'business case analysis', 'requirements elicitation', 'software development life cycle', 'application development', 'roi analysis', 'software requirements', 'application development architecture', 'business analysis', 'sdlc']"
Business Analyst,"['business modeling', 'business strategy development', 'strategic planning', 'business case development', 'metric tracking', 'technology trend analysis', 'data analysis', 'business analysis', 'market research']"
Business Analyst,"['jira', 'test writing', 'hp quality center', 'microsoft office', 'agile project management', 'alm', 'testing']"
Business Analyst,"['agile methodology', 'data quality analysis', 'database querying', 'business intelligence', 'configuration management', 'software development life cycle', 'etl processes', 'pl/sql', 'system testing', 'relational databases', 'application testing', 'sql', 'data warehousing', 'requirements gathering', 'data analysis', 'business analysis', 'sdlc', 'business process improvement']"
Business Analyst,"['database management', 'data visualization', 'reporting and analytics', 'data cleansing', 'qualitative and quantitative analysis', 'data integrity', 'business requirements', 'sql', 'financial analysis', 'excel', 'mysql', 'etl tools', 'alteryx', 'business intelligence tools', 'data analysis', 'tableau', 'dashboard development', 'data engineering', 'ssis']"
Business Analyst,"['microsoft excel', 'spreadsheet modeling', 'salesforce.com', 'relational databases', 'reporting', 'tableau', 'sql', 'data analysis', 'powerbi', 'bi tools']"
Business Analyst,"['technical skills:', 'application program development', 'project management', 'sql programming', 'system testing procedures', 'word', 'access', 'excel', 'microsoft office applications', 'babok']"
Business Analyst,"['data integrity', 'home builder management module', 'user acceptance testing', 'finance module', 'troubleshooting', 'documentation', 'financial reporting', 'data collection and analysis', 'business analysis']"
Business Analyst,"['microsoft dynamics', 'infor syteline', 'epicor prophet 21', 'coupa', 'workday']"
Business Analyst,"['sla management', 'business process modeling', 'service catalog management', 'service desk metrics analysis', 'training', 'stakeholder engagement']"
Business Analyst,"['systems design and integration', 'powerbi or tableau', 'reporting analysis', 'sql', 'data analysis', 'business analysis', 'knowledge of relational database']"
Business Analyst,"['project management', 'financial analysis', 'application development', 'data analysis', 'business process improvement']"
Business Analyst,"['business judgment', 'emerging technology investigation', 'presentation skills', 'research and data analysis', 'economic valuation']"
Business Analyst,"['agile story grooming', 'technical writing', 'project management', 'user acceptance testing', 'operations and infrastructure', 'business process optimization', 'it operational processes', 'it advancements and automation', 'microsoft applications', 'service now', 'it business analysis']"
Business Analyst,"['quality assurance', 'system design', 'systems troubleshooting', 'requirements gathering', 'data analysis', 'business analysis', 'testing']"
Business Analyst,"['technical skills:', 'training end users', 'developing requirements/design specifications', 'evaluation of implementation options/vendors', 'configuration changes in salesforce', 'salesforce platform', 'boomi', 'test criteria identification', 'reports and dashboard creation']"
Business Analyst,"['critical thinking', 'business software applications', 'strategic project implementations', 'windows-based personal computers', 'analytical skills', 'process improvement']"
Business Analyst,"['automation', 'financial analysis', 'microsoft office', 'microstrategy', 'budgeting', 'modeling', 'financial statements analysis', 'process improvement', 'business intelligence tools', 'data analysis', 'forecasting']"
Business Analyst,"['jira', 'acceptance criteria definition', 'user stories writing', 'requirements elicitation', 'etc.', 'business documents preparation', 'rally', 'scrum development methodology', 'requirements tracking tool', 'pivotal']"
Business Analyst,"['requirement gathering', 'business process automation', 'root cause analysis', 'process improvement', 'system analysis', 'business analysis']"
Business Analyst,"['data quality analysis', 'business process analysis', 'generally accepted accounting principles', 'microsoft office', 'financial data standards development', 'financial reporting', 'data extraction', 'database modeling', 'bi and data analytics', 'relational databases', 'sql', 'gaap', 'data warehousing']"
Business Analyst,"['sql report creation', 'project management', 'troubleshooting', 'standard reporting measures knowledge', 'business requirement identification', 'documentation', 'industry standard documentation', 'computer applications proficiency', 'healthcare business process knowledge', 'computer software proficiency', 'source to target mapping', 'project management standards knowledge', 'healthcare information systems knowledge', 'data validation', 'test case documentation', 'healthcare analytics knowledge', 'process improvement', 'data analysis']"
Business Analyst,"['system evaluations', 'data models', 'enterprise architecture', 'service oriented architecture', 'system-based controls', 'test plans', 'application development', 'process analysis', 'risk evaluation', 'functional design', 'sdlc phases', 'information security controls', 'requirements specification', 'business process evaluation']"
Business Analyst,"['project management', 'development requests', 'supply chain analytics', 'value-driving analysis', 'user feedback prioritization', 'report accuracy', 'relationship management', 'data analysis']"
Business Analyst,"['microsoft office suite', 'business process modeling', 'quality assurance', 'end user training', 'user documentation', 'sharepoint administration', 'software development', 'systems analysis', 'microsoft networking', 'requirements gathering', 'business analysis']"
Business Intelligence Analyst,"['omniture', 'spss modeler/sas', 'web analytical tools', 'visualization tools', 'business objects', 'word', 'web tools', 'marketing analysis', 'sql', 'bi tools', 'financial modeling', 'webtrends', 'business forecasting', 'business intelligence', 'excel', 'dfa', 'e.g.', 'data analysis', 'tableau', 'r', 'access', 'microsoft office', 'microstrategy', 'powerpoint']"
Business Intelligence Analyst,"['proficiency in pl/sql', 'sharepoint', 'troubleshooting', 'database maintenance', 'solution-oriented mindset', 'microsoft office', 'data analysis', 'strategic planning', 'database design', 'database administration procedures', 'industry research']"
Business Intelligence Analyst,"['financial planning and analytics', 'budgeting and forecasting', 'financial statement analytics', 'business plan development', 'business optimization projects']"
Business Intelligence Analyst,"['database management', 'product management', 'business intelligence', 'sas/sql', 'data analysis']"
Business Intelligence Analyst,"['project management', 'research and analysis', 'quantitative analysis', 'strategic planning', 'business case development', 'financial modeling']"
Business Intelligence Analyst,"['intelligence management system', 'incident response', 'osint collection', 'analysis frameworks', 'threat hunting', 'malware analysis technologies', 'forensics technologies', 'network tools and technologies', 'threat identification', 'cyber threat intelligence']"
Business Intelligence Analyst,"['fintechs', 'correspondent banking', 'enhanced due diligence reviews', 'financial crime compliance programs', 'research skills']"
Business Intelligence Analyst,"['database management', 'data visualization', 'python', 'data reporting', 'ruby', 'perl', 'scripting', 'data profiling', 'business intelligence tools', 'sql', 'data analysis', 'data quality assurance', 'tableau']"
Business Intelligence Analyst,"['incident tracking systems', 'business intelligence', 'business process configuration', 'system operations', 'hris application configuration', 'enterprise interface builder', 'optimization analysis', 'service-oriented architecture design', 'compliance', 'system analysis', 'business system design', 'business analysis', 'performance tuning']"
Business Intelligence Analyst,"['business objects data universes', 'apple and/or android', '.net development', 'galileo reporting', 'web portals', 'it requirement documentation', 'business objects xi', 'xcelsius', 'mobile development applications']"
Business Intelligence Analyst,"[""microsoft's m and dax"", 'mdx', 'financial analysis', 'power bi', 'dax', 'reporting platforms', 'automation processes', 'programming languages', 'data analytics', 'finance', 'ssis', 'alteryx', 'sql', 'business intelligence ecosystems', 'accounting', 'ssas', 'tableau']"
Business Intelligence Analyst,"['business intelligence', 'data visualization', 'looker', 'statistics', 'mode', 'python for data analytics', 'redshift', 'multivariate regression analysis', 'snowflake', 'bayesian statistics', 'sql', 'data analysis', 'or similar tools', 'tableau']"
Business Intelligence Analyst,"['database querying', 'report development', 'analytics', 'agile practices', 'sql', 'data modeling', 'extract transform load', 'data warehouse concepts', 'business intelligence tools', 'data analysis']"
Business Intelligence Analyst,"['big data platforms', 'dashboards', 'digital marketing analytics', 'data visualization', 'web analytics', 'statistics', 'data manipulation', 'data analysis', 'data warehousing platforms', 'online advertising', 'reporting', 'google analytics', 'sql', 'reporting automation', 'tableau']"
Business Intelligence Analyst,"['business process mapping', 'vba', 'r', 'python', 'software testing', 'dashboard development', 'sas', 'prototyping', 'sql', 'business intelligence tools', 'data analysis', 'powerbi']"
Business Intelligence Analyst,"['javascript', 'relational databases', 'data modeling', 'visual studio', 'oracle databases', 'mvc', 'mvvm', 'c', 'sql', 'reporting tools', 'pl/sql', 'sas', 'etl tools', 'batch scripts', 'tableau', 'microsoft office', 'microstrategy', 'jquery', 'data management']"
Business Intelligence Analyst,"['vba', 'database management', 'revenue optimization/forecasting software', 'business intelligence', 'report automation', 'excel', 'data accuracy', 'sql', 'data analysis']"
Business Intelligence Analyst,"['dax language', 'business intelligence', 'data visualization', 'microsoft power bi desktop', 'data analysis']"
Business Intelligence Analyst,"['sharepoint administration', 'documentation and reporting', 'power bi']"
Business Intelligence Analyst,"['business intelligence software', 'microsoft office suite', 'microsoft excel', 'database querying', 'quantitative analysis', 'data analysis']"
Business Intelligence Analyst,"['chartio', 'heap', 'r', 'tableau', 'problem-solving', 'data visualization', 'python', 'looker', 'data extraction', 'data manipulation', 'a/b testing analysis', 'mobile/native analytics', 'sql', 'statistical analysis', 'data collection systems', 'metric definition', 'data analysis', 'bi tools']"
Business Intelligence Analyst,"['automation', 'data quality', 'operational efficiency', 'python', 'looker', 'workflow engines', 'data retrieval', 'extract transform load', 'data transformation', 'sql', 'superset', 'data warehousing']"
Business Intelligence Analyst,"['business intelligence', 'database queries', 'data warehouse technologies', 'programming', 'data modeling', 'data analytics', 'scripting languages', 'sql', 'tableau']"
Business Intelligence Analyst,"['clearspider troubleshooting', 'cmis', 'sage 100 administration', 'clearspider program setup', 'business intelligence designs', 'programming', 'sage 100 troubleshooting', 'technology solutions development', 'business process solutions', 'erp systems maintenance', 'inventory management', 'data backup', 'crystal reports']"
Business Intelligence Analyst,"['geopolitical risk analysis', 'critical thinking', 'security clearance knowledge', 'language skills', 'cyber threat analysis', 'cybersecurity knowledge', 'network analysis', 'threat analysis', 'reputational risk analysis', 'subject matter expertise', 'presentation skills', 'intelligence assessment', 'information collection', 'geopolitical knowledge', 'writing skills', 'economic analysis', 'terrorism analysis', 'best practice benchmarking', 'analytical skills', 'international terrorism knowledge']"
Business Intelligence Analyst,"['technical skills:', 'error management resolution', 'standard operating processes documentation', 'data distribution', 'computer skills: access', 'process flow documentation', 'system solutions support', 'microsoft word', 'continuous improvement tools', 'technical support', 'data extraction', 'excel', 'business intelligence systems', 'customer reports/metrics']"
Business Intelligence Analyst,"['business intelligence', 'data visualization', 'report development', 'sap bo', 'business systems analysis', 'dashboard development', 'data analytics', 'tableau', 'requirements gathering', 'user story writing', 'business analysis', 'bi tools']"
Business Intelligence Analyst,"['vba', 'cognos', 'excel', 'sas', 'ms access', 'tableau', 'business objects']"
Business Intelligence Analyst,"['data visualization', 'campaign effectiveness analysis', 'marketing performance measurement', 'data visualization tools', 'website analytics', 'training on analytics tools', 'website performance analysis', 'data insights transformation', 'experimentation for roi analysis', 'lifetime customer value analysis', 'predictive modeling', 'a/b testing', 'systems and processes building', 'marketing mix analysis', 'power bi', 'web analytics', 'digital marketing dashboard development', 'digital marketing', 'data analysis', 'tableau', 'optimizely', 'demand creation program development', 'personalization tools', 'vwo', 'customer journey analysis']"
Business Intelligence Analyst,"['financial planning', 'healthcare experience', 'budgeting and forecasting', 'financial statement analytics', 'business plan development', 'business optimization projects', 'data analysis']"
Business Intelligence Analyst,"['sql coding', 'experience with vba/macros', 'excel', 'data mining', 'creating reports and dashboards', 'vertica databases', 'optimization of sql queries', 'tableau']"
Business Intelligence Analyst,"['critical thinking', 'proficiency in russian', 'written and oral communication', 'information resources research', 'research skills']"
Business Intelligence Analyst,"['cost-saving analysis', 'financial analysis', 'oracle', 'audit processes', 'reporting', 'ms access', 'business intelligence tools', 'data analysis', 'advanced ms excel']"
Business Intelligence Analyst,"['power bi', 'database analysis', 'microsoft ssrs', 'enterprise data integration', 'sql']"
Business Intelligence Analyst,"['knowledge of sharepoint', 'knowledge of erp systems']"
Business Intelligence Analyst,"['sfdc', 'tableau/xactly', 'salesforce', 'index/match', 'modeln', 'powerquery', 'powerpivot', 'sql query language', 'excel: vlookup']"
Business Intelligence Analyst,"['tableau development', 'sql server databases', 'advanced sql', 'excel', 'extract transform load']"
Business Intelligence Analyst,"['business analysis.', 'sql server integration services', 'database management', 'cognos', 'ssrs', 'data quality checking', 'ad-hoc reporting', 'data mining', 'data modeling', 'extract transform load', 'ssis', 'dashboard design', 'sql', 'data analysis', 'tableau']"
Business Intelligence Analyst,"['microsoft excel', 'financial analysis', 'database management', 'report creation', 'data visualization', 'ms office suite', 'statistics', 'competitive analysis', 'data analysis', 'market research']"
Business Intelligence Analyst,"['sql server 2012', 'unix and shell scripting', 'ansi sql expertise', 'etc', 'data modeling/star schema', 'enterprise data warehouse experience', 'documentation organization', 'job scheduler proficiency', 'ssis', 'ab initio', 'etl product experience']"
Business Intelligence Analyst,"['python', 'data modeling', 'visual presentation', 'microsoft excel', 'sharepoint', 'powerview', 'database maintenance', 'powerpivot', 'data interpretation', 'sql', 'power bi', 'bi self-service portal management', 'sas', 'reporting', 'minitab', 'business intelligence tools', 'tableau', 'verbal presentation', 'r', 'access', 'analyzing complex business problems', 'rest api', 'process documentation', 'risk management', 'data collection', 'requirements gathering', 'forecasting kpis']"
Business Intelligence Analyst,"['uat', 'test script creation', 'user acceptance testing', 'test plans', 'design documentation', 'scope management', 'reporting analysis', 'process documentation', 'servicenow performance analytics', 'itil practices', 'requirements gathering', 'itsm reporting tools', 'business analysis']"
Business Intelligence Analyst,"['system development life cycle', 'requirements elicitation', 'business requirements document', 'business analysis techniques', 'test planning and scenarios', 'brd', 'data flow diagram', 'sdlc', 'business process model']"
Business Intelligence Analyst,"['optimization', 'system analysis', 'microsoft reporting services', 'database design', 'microsoft bi tools', 'oracle erp cloud', 'system requirements documentation', 'sap business one', 'sap hana', 'starlims', 'extract', 'crystal reports', 'transform', 'testing', 'database tools', 'load', 'technical designs', 'troubleshooting', 'sql platforms', 'extract transform load', 'oracle cloud databases', 'bi reporting']"
Business Intelligence Analyst,"['business operations optimization', 'process definition & design', 'product backlog management', 'field user testing', 'release management', 'communication planning', 'user documentation writing', 'user story creation', 'acceptance criteria development', 'product requirement/feature life-cycle management', 'impact analysis', 'training content development', 'user experience design review']"
Business Intelligence Analyst,"['project management skills', 'power bi/tableau/etc.']"
Business Intelligence Analyst,"['front-end tools development', 'linux', 'oracle', 'python', 's3', 'dynamodb', 'reporting infrastructures', 'olap', 'ms excel', 'sql', 'bi reporting tools', 'data warehousing', 'business intelligence', 'web analytics', 'ruby', 'perl', 'sas', 'aws solutions', 'tableau', 'cognos', 'redshift', 'ms access', 'custom reporting systems', 'ec2']"
Business Intelligence Analyst,"['python', 'hadoop', 'data modeling', 'statistical analysis', 'business analysis', 'microsoft excel', 'hive', 'script development', 'kafka', 'vba programming', 'splunk', 'financial modeling', 'data warehousing', 'java', 'microsoft access', 'statistics packages', 'database data models', 'data mining', 'e.g.', 'tableau', 'google bigquery', 'r', 'sql query development']"
Business Intelligence Analyst,"['business intelligence tools', 'near-term and lifetime value', 'microsoft excel proficiency', 'financial forecasting', 'trend analysis', 'strategic planning', 'quantitative and qualitative analysis', 'revenue modeling', 'asc 606', 'process improvement', 'ntv and ltv', 'sql', 'variance analysis', 'data visualization tools', 'tableau']"
Business Intelligence Analyst,"['factor analysis', 'crystal reports', 'metrics development', 'hr analytics', 'r', 'access', 'data reporting', 'regression analysis', 'excel', 'querying', 'data analysis tools', 'hr scorecards', 'statistical analysis', 'predictive modeling', 'powerpoint']"
Business Intelligence Analyst,"['bi analytics platforms', 'data modeling', 'etl automation', 'sql', 'data analysis']"
Business Intelligence Analyst,"['report writing', 'excel', 'powerpoint', 'data analysis', 'market research']"
Business Intelligence Analyst,"['relational database design', 'microsoft access', 'microsoft excel', 'transportation management systems', 'data warehouse structures', 'sql', 'sap business objects', 'tableau']"
Business Intelligence Analyst,"['sql server', 'load', 'business intelligence', 'ssrs', 'analytics', 't-sql', 'visualization design', 'reporting', 'ssis', 'extract', 'data architecture', 'extract transform load', 'transform', 'data warehousing']"
Business Intelligence Analyst,"['self-service reporting', 'data quality', 'enterprise data analytics', 'bi tools development', 'enterprise business intelligence', 'change management', 'data engineering', 'data accessibility', 'data science', 'bi roadmap development', 'data analysis']"
Business Intelligence Analyst,"['csv', 'data set creation', 'data consolidation', 'python script', 'data conversion', 'query writing', 'sap', 'business report automation', 'data extraction', 'excel', 'scripting', 'data warehouse concepts', 'extract transform load', 'excel macro', 'sql', 'data analysis']"
Business Intelligence Analyst,"['linux admin', 'dwh-business intelligence', 'obiee developer', 'obiee linux admin']"
Business Intelligence Analyst,"['database management', 'business intelligence', 'python', 'kpi tracking', 'excel', 'reporting', 'sql', 'data analysis']"
Business Intelligence Analyst,"['business intelligence', 'data reporting', 'bi platforms', 'analytics', 'excel', 'financial services', 'portfolio management', 'sql', 'e.g.', 'kpis', 'tableau']"
Business Intelligence Analyst,"['data quality management', 'coding', 'power bi', 'business intelligence solutions', 'statistics', 'analytics', 'envision platform', 'dashboard design', 'r and python knowledge', 'tableau', 'sql', 'data analysis', 'visualization tools']"
Business Intelligence Analyst,"['sql server', 'business intelligence', 'data visualization', 'access', 'excel', 'sap hana', 'sap', 'data analysis', 'tableau']"
Business Intelligence Analyst,"['power bi', 'hr systems/tools development', 'data analysis', 'hr reporting', 'data visualization tools', 'tableau']"
Business Intelligence Analyst,"['business intelligence', 'report generation', 'analytics', 'database design', 'dashboard development', 'data architecture', 'data analysis', 'data management']"
Business Intelligence Analyst,"['erp', 'data quality', 'business requirements documentation', 'master data management', 'data governance', 'user acceptance testing', 'business intelligence', 'business metadata', 'collibra', 'enterprise integration', 'change management', 'reference data management', 'mdm', 'software business sales cycles', 'crm', 'data lineage', 'enterprise source systems', 'sap']"
Business Intelligence Analyst,"['conducting workshops', 'business process flow analysis', 'data mining and auditing', 'data governance and security', 'user acceptance testing', 'azure data factory', 'data flow documentation', 'sql scripting', 'sap data stewards', 'microsoft power bi', 'data dashboards building', 'mulesoft', 'etl tools', 'business intelligence tools', 'data empowerment', 'e.g.']"
Business Intelligence Analyst,"['hcm package configuration', 'system solutions development', 'system integration', 'database management', 'project management', 'workforce management', 'data warehouse knowledge', 'software development lifecycle expertise', 'absence management', 'security protocol development', 'software installation', 'system components understanding', 'data analytics', 'compensation management', 'business analysis', 'business intelligence reporting', 'performance management']"
Business Intelligence Analyst,"['isr synchronization support', 'surveillance', 'graphics preparation and maintenance', 'intelligence integration', 'and reconnaissance', 'all-source intelligence analysis', 'intelligence']"
Business Intelligence Analyst,"['system configuration and validation', 'service-oriented architecture design', 'incident tracking system usage', 'business intelligence solutions development', 'business requirements analysis', 'performance tuning and optimization', 'business system design']"
Business Intelligence Analyst,"['business intelligence solutions', 'test planning', 'oracle', 'troubleshooting', 'software programming', 'application software configuration', 'data modeling', 'data warehouse development', 'analytical skills', 'data validation', 'sql', 'bi tools']"
Business Intelligence Analyst,"['power insight', 'cerner ccl', 'ms sql', 'discern analytics', 'business objects']"
Business Intelligence Analyst,"['sql tuning', 'enterprise architecture', 'business intelligence', 'reporting and analytics design', 'report development', 'stakeholder management', 'analytics frameworks', 'cloud-based bi environment', 'semantic modeling', 'dashboard development', 'visualization development', 'data modeling', 'bi platform management', 'sql', 'agile methodology', 'data warehousing']"
Business Intelligence Analyst,"['key performance indicator metrics', 'quality management systems', 'process improvement initiatives', 'software workflow modeling', 'change management activities', 'technical solutions implementation', 'workflow management tools', 'strategic planning', 'it quality training', 'sharepoint development and management', 'performance measurement', 'business intelligence tools', 'business process management', 'business process engineering']"
Business Intelligence Analyst,"['training development', 'project management', 'master data management', 'data governance', 'business process documentation', 'business intelligence', 'process automation', 'key performance indicators', 'sap configurations', 'data integration', 'business requirements gathering', 'business analysis', 'data warehouse', 'sap ecc material master', 'data quality reports', 'kpis']"
Business Intelligence Analyst,"['computer search techniques', 'database management', 'software proficiency', 'microsoft office', 'cybercrime investigation', 'intelligence analysis', 'windows', 'subpoena generation', 'computer forensic analysis', 'data collection and organization']"
Business Intelligence Analyst,"['digital analytics', 'project management', 'web analytics assessment', 'e-marketing performance', 'analytics software', 'adobe analytics', 'tableau', 'power bi', 'tag audits', 'client communication', 'debugging tools', 'reporting capabilities', 'domo', 'data collection', 'google analytics', 'marketing', 'data analysis', 'visualization tools']"
Business Intelligence Analyst,"['dashboard creation', 'automation of bi solutions', 'reporting design', 'documentation', 'database development', 'report modeling', 't-sql or pl/sql', 'business intelligence solutions development', 'stored procedures', 'data structures development', 'troubleshooting bi tools', 'performance tuning']"
Business Intelligence Analyst,"['internet-based', 'data visualization software experience', 'word', 'analytic software proficiency', 'excel', 'i2 analysts notebook', 'open source', 'microsoft sharepoint', 'and access database technology', 'osint analysis', 'and social networking technologies']"
Business Intelligence Analyst,"['microsoft access', 'project management', 'information systems management', 'excel', 'peoplesoft query', 'sql', 'data analysis']"
Business Intelligence Analyst,"['pivot table', 'v-lookup', 'reporting and data analysis', 'invoice review', 'excel skills', 'process improvement', 'if formulas', 'data cleaning and auditing', 'analytical thinking']"
Business Intelligence Analyst,['power bi/tableau/etc.']
Business Intelligence Analyst,"['microsoft excel', 'team foundation server']"
Business Intelligence Analyst,"['vba', 'sql server', 'business intelligence', 'sql server reporting services', 'salesforce reports', 'access database', 'excel', 't-sql', 'reporting', 'powerpoint', 'data analysis']"
Business Intelligence Analyst,"['project management', 'information systems', 'business intelligence', 'analytics', 'working with is resources', 'healthcare operations', 'data transformation', 'analyzing and implementing solutions']"
Business Intelligence Analyst,"['odi', 'obiee', 'oracle data integrator', 'complex sql', 'relational databases', 'mulesoft', 'oracle business intelligence', 'agile methodology']"
Business Intelligence Analyst,"['microsoft excel', 'r', 'business intelligence', 'access', 'sas', 'crm', 'reporting', 'digital web initiatives', 'data analysis']"
Business Intelligence Analyst,"['aws services', 'lambda', 'star and snowflake schemas', 'kinesis', 'data dashboards', 'excel', 'spss', 'data warehouse', 'alteryx', 'sql', 'tableau']"
Business Intelligence Analyst,"['microsoft excel', 'financial analysis', 'access', 'business intelligence', 'microstrategy', 'financial reporting', 'adaptive insights', 'data mining', 'powerpoint', 'data warehousing', 'sql', 'business analysis', 'financial modeling']"
Business Intelligence Analyst,"['etl tools', 'sql', 'data analysis', 'oracle database']"
Business Intelligence Analyst,"['r', 'business intelligence', 'python', 'programming', 'data manipulation', 'data analysis', 'sas', 'credit risk management', 'analytical skills', 'monitoring performance', 'sql', 'report creation']"
Business Intelligence Analyst,"['microsoft excel', 'microsoft access', 'project management', 'microsoft word', 'business intelligence', 'emr/epic', 'oracle sql', 'sap business object tools', 'data mapping', 'clarity', 'peoplesoft', 'data warehousing']"
Business Intelligence Analyst,"['advanced analytics', 'internal databases', 'bi applications', 'ms office suite', 'apex/epic', 'data mining', 'statistical analysis', 'sql', 'data analysis', 'business intelligence reporting', 'database applications']"
Business Intelligence Analyst,"['project documentation', 'project management', 'technical designs', 'business intelligence', 'ms powerpoint', 'business requirements analysis', 'business case development', 'negotiation', 'conflict management', 'consulting', 'process improvement', 'data analysis', 'business analysis']"
Business Intelligence Analyst,"['data warehousing concepts', 'project management', 'database management', 'reporting tools', 'acceptance testing', 'ssrs', 'data mapping', 'relational databases', 'catsweb application configuration', 'business intelligence tools', 'e.g.', 'business analysis']"
Business Intelligence Analyst,"['infrastructure design', 'data governance', 'etl systems', 'sql and pl-sql', 'data integration', 'data modeling', 'business objects', 'dimensional schemas', 'data workflow management', 'oracle database management', 'talend', 'enterprise data management', 'etl tools', 'business intelligence tools', 'tableau', 'aws environment', 'big data', 'third-party software evaluation', 'data architecture', 'data warehouse design', 'metadata solutions']"
Business Intelligence Analyst,"['kpi definition', 'data modeling', 'extract transform load', 'sql', 'data analysis']"
Business Intelligence Analyst,"['data visualization', 'qlik', 'bi tools', 'datasets design', 'sql', 'data analysis', 'tableau']"
Business Intelligence Analyst,"['data quality management', 'business intelligence', 'data warehouse integration', 'alignstar', 'analytics', 'excel', 'reporting', 'powerpoint', 'alteryx', 'data analysis', 'tableau']"
Business Intelligence Analyst,"['visual modeling of data', 'business intelligence', 'excel', 'oracle business intelligence', 'customer relationship management systems', 'reporting development', 'sql', 'data analysis']"
Business Intelligence Analyst,"['informatics reporting', 'data visualization', 'design reviews', 'team collaboration', 'statistical analysis', 'structuring data', 'e-quality measures', 'sap business objects', 'data optimization', 'project management', 'business requirements documentation', 'bi solutions', 'data warehouse concepts', 'analytics strategies', 'sql querying', 'business domain knowledge', 'test planning', 'business intelligence', 'ad-hoc reporting', 'data analysis', 'tableau', 'troubleshooting', 'statistical validity', 'process automation', 'analytic platforms', 'querying', 'data management']"
Business Intelligence Analyst,"['database management', 'sql server integrated services', 'sql server management studio', 'technical skills:', 'word', 'procedures and scripts creation', 'sql', 'automated report building', 'excel', 'sas', 'extract', 'transform', 'load', 'access', 'microsoft office', 'data manipulation', 'extract transform load', 'ssis', 'visio']"
Business Intelligence Analyst,"['data quality', 'business/system/data analysis and improvement', 'business intelligence report writing', 'and etl tools', 'data integration', 'multi-dimensional design']"
Business Intelligence Analyst,"['agile/scrum', 'ibm cognos', 'sql querying', 'sdlc techniques', 'business requirements analysis', 'ms sql server', 'process improvement', 'educational data analysis', 'data management', 'bi tools']"
Business Intelligence Analyst,"['microsoft excel', 'sharepoint', 'ssrs', 'visual studio', 'electronic medical record', 'data analysis', 'emr']"
Business Intelligence Analyst,"['intelligence gathering', 'search warrant preparation', 'investigative skills', 'field intelligence reports development', 'crime scene management', 'case document preparation', 'interviewing', 'testifying in court', 'computer proficiency']"
Business Intelligence Analyst,"['microsoft office suite', 'microsoft excel', 'power bi', 'sharepoint', 'software usage', 'analytics', 'bi solutions development', 'bi tools experience', 'sas', 'technology fluency', 'data modeling', 'programming languages proficiency', 'reporting', 'business intelligence knowledge', 'sql', 'data interpretation', 'powerpoint', 'tableau']"
Business Intelligence Analyst,"['ad-hoc data analysis', 'business intelligence', 'gap analysis', 'dashboard designing', 'report generation', 'excel skills', 'process improvement', 'data analysis', 'trend spotting']"
Business Intelligence Analyst,"['clinical process understanding', 'analytics solutions', 'identifying data sources', 'reporting', 'electronic medical record systems', 'developing business intelligence components', 'healthcare workflow knowledge', 'documenting requirements', 'gathering business needs', 'sql', 'data management']"
Business Intelligence Analyst,"['storm', 'technical design patterns', 'python', 'matlab', 'programming languages', 'data validation/automation', 'user interface design', 'powerbi', 'spark', 'kafka', 'data warehouse concepts', 'aws', 'statistical modeling', 'geographic information systems', 'sql', 'bi tools', 'streaming analytics tools', 'java', 'machine learning', 'azure cloud', 'data querying languages', 'sas', 'hadoop or similar technologies', 'statistical/mathematical software', 'scala', 'cloud services', 'tableau', 'r', 'microstrategy', 'analytic functions', 'r/python libraries', 'statistical approaches', 'gis', 'weka']"
Business Intelligence Analyst,"['co', 'financial analysis', 'forecasting', 'npv', 'internal financial reporting', 'ms excel', 'ms powerpoint', 'sap modules', 'fi', 'business intelligence', 'budgeting', 'strategic planning', 'sd', 'eva analysis', 'business / product valuation', 'business analysis', 'financial modeling']"
Business Intelligence Analyst,"['quantitative research', 'product development', 'category strategy', 'marketing strategy', 'consumer insights', 'business intelligence', 'qualitative research', 'trend analysis', 'ideation', 'data analysis', 'market research', 'innovation development']"
Business Intelligence Analyst,"['project management', 'qualitative analysis', 'business intelligence', 'quantitative analysis', 'python', 'data analytics', 'website analysis', 'sql', 'digital marketing', 'data management', 'tableau']"
Business Intelligence Analyst,"['python', 'datastage', 'data warehouse/lake architecture', 'aws analytics', 'looker', 'database', 'informatica', 'c', 'sql', 'java', 'and management tools', 'business intelligence', 'c++', 'thoughtspot', 'bi technologies', 'e.g.', 'tableau', 'pentaho', 'microstrategy', 'etl technologies', 'data engineering', 'ssis', 'object-oriented programming']"
Business Intelligence Analyst,"['project management', 'power bi', 'business process redesign', 'forecasting and budgeting process', 'advanced excel skills', 'excel templates', 'database design', 'jd edwards', 'oracle epm tools', 'data modeling', 'sql', 'ms office applications', 'tableau', 'business intelligence tools', 'hyperion', 'data visualization tools', 'essbase']"
Business Intelligence Analyst,"['dashboard implementation', 'sharepoint', 'business intelligence', 'data visualization', 'qlik sense', 'excel', 'data aggregation', 'relational databases', 'data schemas', 'bi tools']"
Business Intelligence Analyst,"['industry trend analysis', 'competitive analysis', 'market intelligence', 'data modeling', 'data analysis', 'market research']"
Business Intelligence Analyst,"['statistical modeling', 'database management', 'descriptive analytics', 'python', 'programming', 'statistical methodology', 'data modeling', 'data warehousing', 'data architecture design', 'etl processes', 'sql', 'data analysis', 'business intelligence reporting', 'tableau']"
Business Intelligence Analyst,"['microsoft excel', 'financial analysis', 'financial modeling', 'budgeting', 'strategic planning', 'reporting', 'business intelligence tools', 'data analysis', 'forecasting']"
Business Intelligence Analyst,"['power bi', 'qlikview', 'business intelligence', 'excel', 'sql']"
Business Intelligence Analyst,"['standard and procedures compliance', 'bi dashboards', 'business intelligence', 'bi/data warehouse', 'database schema design', 'oracle obiee', 'systems integration', 'tibco spotfire', 'business requirements analysis', 'data modeling', 'business intelligence applications administration', 'etl processes', 'dw reporting solutions design', 'powerbi', 'application design and development']"
Business Intelligence Analyst,"['software quality assurance', 'jira', 'odi', 'business intelligence', 'datastage', 'confluence', 'data modeling', 'informatica', 'extract transform load', 'sap bw/hana', 'test automation tools', 'sql', 'data warehousing methodology', 'sap data services']"
Cloud Architect,"['sharepoint online', 'powershell scripting', 'office 365', 'o365 migration', 'federation services', 'identity management', 'azure ad connect', 'exchange online', 'em+s', 'exchange server']"
Cloud Architect,"['virtual cpe technologies', 'thread programming', 'network protocols in linux', 'cloud technologies including aws', 'ipc', 'inter-process communication', 'understanding of cloud architecture']"
Cloud Architect,"['microservices', 'api development', 'circleci', 'python', 'javascript', 'api architecture', 'programming languages', 'agile development', 'instrumentation', 'continuous integration', 'go', 'software engineering', 'rest', 'documentation', 'system architecture', 'security', 'api integration', 'jenkins', 'continuous deployment', 'application metrics', 'performance monitoring', 'cloud computing']"
Cloud Architect,"['soap and rest services', 'hadoop certification', 'iot technology', 'mvc frameworks', 'aws or azure', 'application integration', 'jms', 'services oriented architecture design', 'docker', 'enterprise software development', 'cloud providers', 'mq series', 'machine learning concepts', 'cloudera or hortonworks', 'systems modeling', 'uml', 'api gateway and esb', 'resource planning', 'archimate', 'apache spark', 'rational rose', 'nosql databases', 'bpmn', 'cassandra or hbase', 'message oriented middleware', 'big data architecture']"
Cloud Architect,"['openstack', 'container deployments', 'python', 'programmability', 'programming languages', 'agile development', 'persistence technologies', 'cloud-native applications', 'docker', 'monitoring tools', 'software design and architecture', 'java', 'full-stack development', 'golang', 'kubernetes', 'cassandra', 'cloud native software development', 'mysql', 'openshift', 'multi-cloud management platform', 'open source software', 'git', 'jenkins', 'mongodb', 'ux design', 'elasticsearch', 'microservices based architecture', 'apis', 'ci/cd and devops']"
Cloud Architect,"['java', 'data structures and algorithms', 'node.js', 'python', 'distributed systems', 'programming languages', 'strong problem-solving skills', 'etc.', 'full stack experience', 'restful apis', 'aws or azure', 'databases', 'hadoop or mapreduce', 'jenkins', 'object-oriented design', 'cloud services', 'c++/c']"
Cloud Architect,"['microsoft azure architect', 'python', 'hortonworks', 'bi platforms', 'hive', 'mpp systems', 'microsoft azure', 'cloud architectures', 'sql', 'java', 'reporting tools', 'apache hadoop', 'gcp', 'cloud certifications', 'impala', 'mapr', 'scala', 'e.g.', 'google professional data engineer', 'google cloud platform', 'etl engines', 'cloudera']"
Cloud Architect,"['incident response', 'operational readiness', 'itil', 'security architecture', 'system management', 'information security', 'cross-function it discipline', 'capacity planning and forecasting', 'service level management', 'technical solution engineering', 'cobit', 'service monitoring frameworks', 'lifecycle management', 'information security technology solutions', 'development support', 'security/audit compliance', 'infrastructure architecture', 'test environment management', 'pmp certifications', 'engineering', 'information technology strategic planning', 'hitrust', 'requirements management', 'service integration']"
Cloud Architect,"['microservices', 'and analytics', 'alerting', 'performance bottleneck triaging', 'api-m', 'nextgen technologies', 'workload analysis', 'strategy definition', 'performance testing and certification', 'splunk', 'code profiling', 'appdynamics', 'e.g. appdynamics', 'e.g. microfocus performance center', 'ca introscope', 'performance testing tools', 'execution and stakeholder reporting', 'systems monitoring', 'pcf cloud', 'logstash', 'monitoring', 'apm tools']"
Cloud Architect,"['container technology', 'application architecture', 'legacy application refactoring', 'test-driven development', 'google cloud platform', 'kubernetes', 'cloud platforms', 'devops models', 'aws', 'automated deployment workflows', 'devops pipelines', 'information security']"
Cloud Architect,"['puppet', 'reliability', 'component monitoring', 'continuous integration/continuous deployment pipelines', 'devops', 'trend analysis', 'code quality maintenance', 'cloud deployment/management strategies', 'end-to-end monitoring', 'and availability', 'cloud formation', 'e.g.', 'architecture design for scalability', 'git', 'role-based access control', 'automation', 'devops tool chains', 'amazon aws and apis', 'chef', 'cloud technologies', 'monitoring', 'load testing', 'terraform', 'self-service technologies', 'static and dynamic analysis']"
Cloud Architect,"['load balancers', 'infrastructure design', 'emerging technologies', 'performance analysis', 'puppet', 'cloud ecosystem', 'dns', 'virtualization', 'hardware and storage sizing', 'microsoft azure', 'ansible', 'networking principles', 'devops', 'active directory', 'docker', 'amazon web services', 'infrastructure-as-a-service', 'software-as-a-service', 'technical requirements analysis', 'cloud solutions', 'solution architecture', 'disaster recovery', 'automation', 'platform-as-a-service', 'google cloud platform', 'troubleshooting', 'chef', 'security principles']"
Cloud Architect,"['project management', 'content management', 'marketing strategy development', 'website analytics', 'multi-channel marketing campaigns', 'brand management', 'retail marketing', 'global market development', 'freight marketing', 'customer engagement', 'e-commerce strategy & solutions', 'digital marketing', 'market research']"
Cloud Architect,"['project management', 'quality assurance', 'business intelligence solutions', 'solution integration', 'azure', 'dynamics 365', 'cloud technologies', 'cyber security solutions', 'application architectures', 'architecture design', 'business applications', 'sql', 'consulting skills']"
Cloud Architect,"['healthcare it infrastructure', 'java', 'python', 'c++', 'go', 'javascript', 'solution designing', 'software development', 'cloud computing', 'life sciences it infrastructure', 'data management']"
Cloud Architect,"['sfdc', 'jira', 'vf', 'data integrity protocols', 'javascript', 'servicemax', 'source control', 'crm automated processes', 'project management', 'waterfall software development methodology', 'cloud applications', 'oracle cpq bigmachines', 'oracle sql', 'salesforce', 'crm', 'design control processes', 'informatica', 'fisheye', 'agile methodology', 'java', 'integration tools', 'pl/sql', 'quote to cash', 'salesforce development - apex', 'e.g.', 'jenkins', 'svn', 'oracle erp integration', 'eloqua', 'crm projects configurations', 'oracle soa', 'scripting languages', 'user interface design']"
Cloud Architect,"['hybrid cloud', 'google cloud', 'amazon web services', 'microsoft azure', 'consultation', 'it services', 'aws', 'cloud computing', 'solution architecture']"
Cloud Architect,"['managing deadlines and deliverables', 'editing technical content', 'and editorial guidelines', 'templates', 'experience with cloud technologies', 'creating standards']"
Cloud Architect,"['spark', 'java', 'c/c++', 'hot path data processing', 'data pipelines', 'r', 'storm', 'python', 'nosql', 'iot streaming data processing', 'data analytics', 'neural networks', 'hadoop/hbase']"
Cloud Architect,"['cloud-based development platforms', 'networking concepts', 'http', 'ansible', 'kubernetes', 'rest', 'e.g.', 'troubleshooting technical integration issues', 'performance testing and tuning', 'terraform', 'aws or gcp', 'distributed version control systems', 'git', 'devops technologies']"
Cloud Architect,[]
Cloud Architect,"['etl/interface mapping', 'json/javascript', 'troubleshooting', 'erp integration', 'xml', 'integration', 'software implementations', 'configuration', 'edifact', 'ansi x12', 'file transfer protocols', 'sql']"
Cloud Architect,['microsoft software proficiency']
Cloud Architect,"['it operations/it service management', 'network architecture and design', 'high availability architecture', 'devops', 'it operations automation', 'infrastructure automation/orchestration technologies', 'database/application server architecture', 'iaas/paas', 'collaboration technologies', 'information security']"
Cloud Architect,"['logging tools', 'information technology', 'aws certification', 'devops', 'troubleshooting skills', 'programming', 'application support', 'aws experience', 'mobile technologies', 'communication skills', 'pci compliance', 'sql', 'iaas services', 'point-of-sale applications', 'unit testing', 'saas', 'cloud computing', 'ms windows applications']"
Cloud Architect,"['driving simulation environment', 'gis data', 'problem-solving', 'python', 'd graphic tools', 'matlab', 'cad software', 'programming', 'vbscript', '3ds max', 'carmaker', 'd/3d texturing tools', 'unity', 'point clouds', 'environment modeling', 'carsim', 'dted', 'unreal', 'maya', 'scaner']"
Cloud Architect,"['cloud native transformation', 'private cloud', 'paas platforms', 'iaf level 1', 'pcf', 'azure', 'cloud deployment platforms', 'devops', 'enterprise cloud architecture', 'microservices architecture', 'togaf 9', 'aws', 'app development and architecture', 'ci/cd', 'bluemix']"
Cloud Architect,"['coding', 'python', 'problem-solving skills', 'programming languages', 'leadership', 'hadoop or mapreduce', 'c++/c', ""restful api's"", 'data structures and algorithms', 'multi-tier solution design', 'aws', 'object oriented design', 'java', 'node.js', 'amazon storage engine', 'cloud services', 'azure', 'distributed systems', 'full stack experience', 'databases']"
Cloud Architect,"['spark', 'data quality', 'cloud infrastructure', 'business intelligence', 'azure', 'data governance', 'data architecture', 'hadoop', 'big data', 'rdbms', 'mdm', 'data integration', 'linux/unix', 'aws', 'google', 'application integration', 'data management', 'data warehousing']"
Cloud Architect,"['azure platforms integration', 'cloud security architecture', 'office 365 security', 'security assessments', 'saas security assessments', 'automated tools', 'casb']"
Cloud Architect,"['sla management', 'enterprise architecture', 'service delivery', 'billing', 'cloud computing']"
Cloud Architect,"['engineering', 'software architecture', 'java', 'product management', 'cloud-based solutions', 'c++', 'rest', 'systems integration', 'ipaas technologies', 'odata', 'soap', 'wsdl', 'agile development', 'etl processes', 'saas', 'data analysis']"
Cloud Architect,"['content filtering', 'wan security', 'ddos mitigation', 'dlp', 'nist', 'nac', 'data protection', 'siem', 'pivotal', 'casbs', 'network security', 'security protocols', 'vulnerability scanning', 'access control', 'microsoft azure', 'cloud security gateways', 'secure proxies', 'aws', 'pci', 'csa ccm', 'vmware virtualization solutions', 'firewalls', 'amazon web services', 'iso', 'cloud access security brokers', 'sarbanes oxley', 'cryptography', 'application security', 'hipaa', 'ids/ips', 'ssl crypto solutions', 'eu gdpr', 'waf', 'security technologies', 'authentication', 'wireless lan', 'cloud-native/cloud-friendly authentication mechanisms']"
Cloud Architect,"['code standards', 'lambda', 'api management toolsets', 'api gateway', 'network infrastructure', 's3', 'dynamodb', 'ci/cd', 'information security', 'rabbitmq', 'database technologies', 'redis', 'devops', 'ec2', 'rds', 'docker', 'aws', 'ms sql server', 'splunk', 'appdynamics', 'elastic search', 'cassandra', 'kubernetes', 'architecture governance', 'cloud aws', 'technical cloud architectural knowledge', 'others', 'nosql', 'messaging', 't-sql', 'c#', 'nice to have: terraform', 'caching methodologies', 'server infrastructure', 'infrastructure as code']"
Cloud Architect,"['java', 'continuous integration/deployment', 'cloud-based delivery models', 'infrastructure', 'python', 'documentation', 'sql/nosql', 'go', 'platforms', 'networking', 'security', 'php', 'data', 'cloud computing', 'storage']"
Cloud Architect,"['remote access', 'network security', 'application delivery networks', 'aws & microsoft azure', 'proxy', 'vpns', 'routing', 'wlan', 'public', 'service provider networking', 'private', 'pki', 'data-center networking', 'firewalls', 'and hybrid deployments']"
Cloud Architect,"['c/c++', 'hadoop', 'problem-solving skills', 'system architecture/design principles', 'object design', 'cs fundamentals', 'leadership', 'ad network', 'tdd', 'java', 'web technologies', 'web scraping', 'programming fundamentals', 'search technology', 'agile/scrum', 'text mining', 'nosql', 'distributed systems', 'analytical skills', 'data mining/machine learning']"
Cloud Architect,"['program creation', 'budget management', 'isv enablement', 'intelligent cloud products knowledge', 'executive communication', 'sales experience', 'system integrators enablement', 'strategic thinking', 'channel development', 'saas providers enablement']"
Cloud Architect,"['python', 's3', 'programming languages', 'puppet', 'dynamodb', 'mssql', 'aws infrastructure knowledge', 'service architecture and containerization', 'ansible', 'go', 'linux/windows administration', 'scripting', 'rds', 'docker', 'c', 'data management', 'cloudformation', 'vpc', 'automated deployments', 'node.js', 'kubernetes', 'ruby', 'configuration management frameworks', 'mysql', 'postgres', 'networking and network security', 'git', 'jenkins', 'chef', 'elasticsearch', 'bash/powershell/python', 'continuous integration/deployment tools', 'mongo', 'tfs', 'terraform', 'ec2', 'infrastructure as code']"
Cloud Architect,"['business strategy alignment', 'project management', 'solution roadmap development', 'azure', 'it solution architecture', 'google cloud platform', 'pre-sales material development', 'architecture specification', 'presentation skills', 'cloud platforms', 'systems integration/administration', 'aws', 'technology consulting']"
Cloud Architect,"['java', 'angularjs / angular', 'spring framework', 'oracle', 'restful api development', 'xml', 'cassandra', 'jboss', 'tomcat', 'kafka', 'microservices architecture', 'soap api', 'json']"
Cloud Architect,"['ssh', 'vnc', 'debugs', 'etc.', 'sniffers', 'rdp']"
Cloud Architect,"['azure functions', 'javascript', 'and performance', 'programming principles and patterns', 'technology consulting', 'aws elastic beanstalk', 'security standards', 'deployment processes', 'http request/response', 'serverless computing', 'various database technologies', 'database access and usage', 'docker', 'aws lambda', 'gui manipulations', 'technical architecture', 'agile methodology', 'asynchronous messaging', 'server architecture', 'azure servicebus', 'use cases', 'scrum methodology', 'aws simple queue service', 'kubernetes', 'azure services', 'e.g.', 'paas', 'automated infrastructure', 'digital technology strategy', 'user experience', 'cloud-based solutions']"
Cloud Architect,"['concur', 'general ledger transactions', 'international transactions', 'audit assistance', 'gp dynamics', 'exchange rates', 'financial reporting', 'great plains', 'accounts payable']"
Cloud Architect,"['adobe photoshop', 'ms office', 'word', 'adobe creative cloud suite', '-d computer rendering skills', 'outlook', 'autocad', 'excel', 'illustrator', 'indesign', 'bim modeling software', '3ds max', 'sketchup', 'powerpoint', 'revit']"
Cloud Architect,"['planning skills', 'technical skills', 'strong management skills', 'creative thinking', 'soft skills:', 'consulting skills', 'customer interaction skills']"
Cloud Architect,"['dc services', 'load balancers', 'infrastructure solutions', 'data analysis metrics', 'etc', 'customer relationship management', 'strategic selling methodologies', 'server', 'technology deal negotiation', 'internet architectures', 'cloud computing', 'firewalls', 'storage']"
Cloud Architect,"['data access orm', 'web apps', 'dependency injection', 'azure services', 'javascript and html5', 'rest api', 'asp.net mvc', 'agile processes', 'react', 'application security', 'web jobs', 'angular 2 or 4', 'solid principles', 'web services architecture', 'css and js methods', 'javascript frameworks', 'dapper and entity framework', 'cosmos']"
Cloud Architect,"['java', 'identity federation', 'pivotal cloud foundry', 'api and microservices', 'azure', 'rest', 'saml2', 'cloud security', 'docker', 'software engineering', 'aws', 'soap', 'oidc/oauth2']"
Cloud Architect,"['erp', 'project management', 'business analytic tools', 'power bi', 'r', 'business intelligence', 'database technologies', 'python', 'azure', 'scripting languages', 'sap', 'microstrategy', 'etl technologies', 'informatica', 'ssis', 'sql', 'enterprise cloud computing', 'data analytics architecture']"
Cloud Architect,"['advanced analytics', 'machine learning', 'business intelligence', 'data visualization', 'data governance', 'presentation skills', 'big data', 'consulting/architecture', 'cloud deployment', 'database architecture', 'architecture design', 'microsoft data platform', 'data mining', 'extract transform load', 'no-sql database']"
Cloud Architect,"['digital transformation', 'big data solutions', 'capacity planning', 'troubleshooting', 'enterprise infrastructure implementations', 'cross-functional teamwork', 'cloud platform design', 'application development', 'product release management', 'strategic roadmapping', 'customer feedback analysis', 'data analysis']"
Cloud Architect,"['continuous integration tools', 'jira', 'eclipse', 'oracle', 'ca lisa', 'functional test automation tools', 'visual studio', 'sdlc', 'testing on cloud', 'web services testing', 'uft', 'sauce lab', 'relational database management', 'performance testing', 'web service testing tools', 'rtc', 'sql', 'java', 'source code management tools', 'and problem solving', 'test automation development', 'android studio', 'selenium webdriver', 'analysis', 'mysql', 'software development', 'xcode', 'agile planning tools', 'perfecto mobile', 'e.g.', 'git', 'jenkins', 'ide', 'perfecto', 'troubleshooting', 'soapui', 'agile scrum', 'hudson', 'tfs', 'manual & automation testing', 'mobile test automation tools', 'appium']"
Cloud Architect,"['platform-as-a-service', 'infrastructure-as-a-service', 'software-as-a-service', 'cloud solutions', 'sales automation tools', 'solution architecture']"
Cloud Architect,"['microservices', 'cloud deployments', 'product development', 'web and/or mobile security', 'cloud security', 'java-based technology', 'design patterns', 'frameworks', 'net-based technology', 'solution architecture', 'soa architectures']"
Cloud Architect,"['user training', 'production support', 'business process design/re-engineering', 'systems', 'cpa or accounting background', 'oracle sqlplus', ""oracle's aim methodology"", 'gap/fit analysis', 'reporting analysis', 'oracle cloud erp applications', 'application configuration', 'crp testing', 'vertex', 'cloud certifications', 'xml publisher', 'oracle financials', 'discoverer']"
Cloud Architect,"['srm', 'hp/dell hardware platforms', 'powershell/powercli', 'virtual networking', 'disaster recovery tools', 'windows server administration', 'infrastructure sizing and consolidation', 'ms clustering/ad/dns', 'vmware vcenter/esxi administration', 'vswitch & dvswitch', 'storage management', 'san/nas', 'virtualization technologies', 'os performance tuning', 'server consolidation']"
Cloud Architect,"['scrum methodology', 'code review', 'java', 'product development', 'sql server', 'product management', 'operations management', 'oracle database', 'net framework', 'architecture design', 'software development', 'cloud systems']"
Cloud Architect,"['budget management', 'ms office', 'payment processing', 'expense monitoring', 'project management tools', 'content editing', 'google apps', 'deadline management', 'graphic design coordination', 'logistics coordination', 'computer software proficiency', 'adobe creative suite knowledge', 'project coordination', 'contract management', 'architectural drawings interpretation']"
Cloud Architect,"['orchestration', 'cisco', 'itil/itsm', 'it innovation', 'networking', 'major networking', 'servers', 'unified fabrics', 'project management', 'virtualization', 'dell', 'data center solutions', 'and security vendors knowledge', 'application layer solutions', 'it operations', 'ibm', 'cloud solutions', 'it strategy', 'security', 'etc.', 'infrastructure architecture', 'it service management', 'compute', 'azure certification', 'it engineering', 'it architecture', 'disaster recovery', 'hp', 'program delivery', 'it roadmaps', 'it policy/processes/best common practices', 'storage']"
Cloud Architect,"['cloud feature gap assessment', 'cloud infrastructure design', 'large-scale application support', 'public cloud architecture', 'enterprise scale cloud solutions', 'cloud-native technologies', 'technical proof of concepts', 'architecture diagram preparation', 'cloud optimization roadmaps', 'application migration methodologies', 'cloud migration strategy']"
Cloud Architect,"['cognitive services', 'azure databricks', 'machine learning', 'artificial intelligence', 'business intelligence', 'data governance', 'azure ml', 'big data', 'ml server', 'bot framework', 'bi technologies', 'data science']"
Cloud Architect,"['agile methodology', 'google cloud', 'amazon web services', 'automated deployments', 'microsoft azure', 'devops', 'application development', 'architecture design', 'aws', 'cloud computing']"
Cloud Architect,"['soa governance', 'development', 'xml', 'agile methodologies', 'model-driven techniques', 'mulesoft', 'operations architectures', 'j2ee', 'sap business objects', 'service oriented architecture', 'integration architectures', 'oracle obiee', 'soa patterns', 'cloud-based services', 'collibra connect', 'database-level integrations', 'message-driven architectures', 'java', 'rest', 'tableau', 'collibra apis', 'runtime architectures', 'oracle soa', 'integration design patterns']"
Cloud Architect,"['ecs', 'cloudfront', 'linux', 'continuous integration/continuous deployment', 'python', 's3', 'elasticache', 'tcp/ip', 'ci/cd', 'route53', 'rhce', 'ansible', 'rds', 'docker', 'aws', 'cloudformation', 'iam', 'bash', 'datadog', 'perl', 'git', 'automation', 'elb', 'configuration management', 'ebs', 'terraform', 'bitbucket', 'ec2']"
Cloud Architect,"['java programming', 'data structures', 'agile methodology', 'linux', 'software architecture design', 'network technologies', 'script development', 'python', 'documentation', 'cloud application development', 'windows', 'scala', 'no-sql databases', 'software development processes', 'sql', 'cloud computing', 'preferably aws']"
Cloud Architect,"['go-to-market strategy', 'competitive analysis', 'account management', 'channel alignment', 'services creation', 'sales forecasting', 'business development', 'cloud sales strategy', 'market planning', 'relationship management', 'alliances and partnerships negotiation']"
Cloud Architect,"['powershell', 'oracle', 'python', 'devops practices', 'ci/cd', 'github', 'source control', 'private data centers', 'automation framework design', 'ansible', 'windows', 'infrastructure automation', 'cloud environments', 'software scalability', 'jenkins', 'e.g.', 'iaas', 'ansible tower', 'linux-based software', 'paas', 'artifactory', 'cloud technologies', 'enterprise security', 'scripting languages']"
Cloud Architect,"['magento cloud', 'magento 1 & 2', 'magento architecture', 'performance optimization', 'rd party systems integrations', 'linux environment', 'lamp/lnmp stack', 'pci compliance', 'database architecture', 'magento development', 'mysql', 'javascript', 'frontend development concepts', 'object-oriented programming', 'design patterns', 'web application security']"
Cloud Architect,"['sybase', 'open-source tools', 'oracle', 'python', 'big data concepts', 'system architectures', 'data modeling', 'visualization tools', 'scripting', 'sql', 'data processing', 'sqlserver', 'db2', 'perl', 'mysql', 'database architecture', 'postgres', 'qa-focused', 'optimization techniques', 'tableau', 'omniscope', 'vba', 'spotfire', 'r', 'microstrategy', 'database platforms', 'cloud computing']"
Cloud Architect,"['enterprise architecture', 'enterprise application integration', 'unix-based operating systems', 'agile software development methodology', 'javascript', 'relational databases', 'data modeling', 'system/data integration', 'data integration/eai technologies', 'saas', 'business intelligence/analytics']"
Cloud Architect,"['jitterbit', 'databases', 'linux', 'as2', 'mqseries', 'xml', 'webmethods', 'batch processing', 'mail', 'javascript', 'mulesoft', 'ibm cast iron', 'j2ee', 'e.g. dell boomi', 'jms', 'gpg', 'snaplogic', 'tibco', 'ftp', 'oracle/sql server etc', 'protocols/methods of communication', 'sql', 'windows', 'http/https', 'java', 'xslt', 'integration tools', 'pgp', 'performance analysis and tuning', 'rest', 'encryption/decryption', 'certificates for securing data', 'ftps', 'groovy', 'integration & api', 'sftp', 'oracle soa', 'soap', 'jdbc', 'core java', 'parallel processing']"
Cloud Architect,"['microservices', 'gradle', 'spring framework', 'xl release', 'maven', 'cassandra', 'nosql', 'rest api', 'elk', 'rally', 'couchbase', 'github', 'splunk', 'jenkins', 'mongodb']"
Cloud Architect,"['microservices', 'databases & sql', 'integration patterns', 'boomi', 'http/https/ftp/jdbc technologies', 'design patterns', 'ci/cd', 'service oriented architecture', 'oracle soa suite', 'java spring', 'oracle fusion middleware', 'amqp/mq/jms queue protocols', '-factor development', 'dell boomi platform', 'caching technologies', 'layer 7', 'pivotal cloud foundry', 'test-driven development', 'pivotal development methodology', 'middleware', 'integration platforms', 'spring batch', 'apis', 'messaging products', 'ibm datapower', 'spring integration']"
Cloud Architect,"['full stack development', 'python', 'programming languages', 'ci/cd tools', 'cloud/saas applications development', 'persistence technologies', 'data structures and algorithms', 'devops', 'go', 'microservices architecture', 'restful services', 'aws architecture', 'java', 'html5 and css', 'application security', 'scala', 'javascript frameworks', 'container technologies', 'networking protocols']"
Cloud Architect,"['and security', 'extensibility', 'scalability', 'solution design', 'data and technology synergies', 'maintainability', 'microsoft azure cloud technologies', 'architecture strategy development', 'reliability', 'usability', 'aws cloud technologies']"
Cloud Architect,"['asp.net', 'sql server', 'entity framework', 'documentation writing', 'css', 'html', 'sitecore and/or umbraco experience', 'technical presentations', 'net architecture', 'javascript', 'wcms experience', 'subversion', 'c#', 'software development estimation', 'git']"
Cloud Architect,"['net core', 'java', 'asp.net', 'deployment', 'rabbitmq', 'project management', 'provision', 'azure cloud', 'css', 'angular', 'html 5', 'ms sql server', 'aws solution design', 'c', 'migration', 'mongodb', 'operation']"
Cloud Architect,"['software familiarity', 'maintenance', 'end user support', 'security measures implementation', 'software applications knowledge', 'troubleshooting', 'documentation', 'microsoft office', 'technology needs assessment', 'server operating system knowledge', 'system performance monitoring', 'active directory understanding', 'helpdesk monitoring', 'cloud computing', 'ms windows desktop', 'vmware']"
Cloud Architect,"['openstack', 'advanced analysis capabilities', 'relationship management skills', 'knowledge of aws', 'networking', 'and cloud architecture fundamentals', 'strong presentation skills', 'problem-solving abilities', 'or gcp product sets', 'expertise in os']"
Cloud Architect,"['capacity management and monitoring', 'vrealize log insight', 'vsphere', 'high availability solutions', 'and nsx', 'vrealize business', 'vrealize operations', 'systems management', 'networking', 'cloud management solutions', 'security infrastructures', 'public speaking', 'vrealize automation', 'architectural practices and tooling', 'vrealize', 'storage']"
Cloud Architect,['aws cloud security']
Cloud Architect,"['agile applications development', 'scrum certification', 'erp solutions', 'technical tools/languages', 'business analysis', 'support and deployment', 'functional architecture design', 'scrum master', 'agile team leadership', 'testing']"
Cloud Architect,"['automation anywhere', 'process documentation and analysis', 'blue prism', 'technology and architecture concepts', 'problem-solving', 'process assessment', 'ui path', 'presentation skills', 'system requirements specification', 'rpa platforms', 'rpa concepts', 'business analysis']"
Cloud Architect,"['consultative sales', 'pre-sales consultative selling', 'virtualization solutions', 'server technology', 'financial and operational reporting', 'customer white-boarding', 'service level performance monitoring', 'complex solution architecting', 'storage infrastructure management', 'storage analysis', 'storage technology', 'blade technology']"
Cloud Architect,"['oracle', 'linux containers', 'cd', 'erp software', 'ci', 'clustering', 'sap', 'continuous integration', 'virtualization', 'container orchestration and management', 'enterprise solutions and architectures', 'devops', 'continuous delivery', 'rdbms', 'high availability', 'e.g.', 'automation', 'containers', 'cloud technologies', 'big data', 'automation and configuration management', 'modern application frameworks', 'storage']"
Cloud Architect,"['cloud implementations', 'version control', 'aws or azure experience', 'bitbucket', 'azure arm templates', 'puppet', 'cloud business use cases', 'devops practices', 'github', 'ci/cd', 'configuration management systems', 'micro-services', 'ansible', 'deployment automation', 'active directory', 'docker', 'agile methodology', 'cloudformation', 'cloud adoption and automation', 'netflix oss', 'aws ec2/ebs', 'machine learning', 'infrastructure-as-a-service', 'sql server/pools', 'kubernetes', 'iam', 'software-defined infrastructure', 'software-as-a-service', 'kanban', 'etc.', 'git', 'iaas', 'gitlab', 'mesos', 'platform-as-a-service', 'paas', 'containers', 'configuration management', 'chef', 'advanced automation/autonomics', 'saas', 'spring boot']"
Cloud Architect,"['technical skills:', 'openstack', 'solid problem-solving abilities', 'networking', 'and cloud architecture fundamentals', 'strong presentation skills', 'expertise in aws', 'expertise in os']"
Cloud Architect,"['cisco asa', 'f5', 'junos', 'rest apis', 'cisco aci', 'hyper-v', 'load balancing systems', 'ansible', 'aws', 'kvm', 'nsx', 'firewalls', 'scalability of network infrastructure', 'e.g.', 'vmware', 'java programming', 'azure', 'network virtualization technologies', 'enterprise networking platforms knowledge', 'python programming', 'ucsd', 'servicenow', 'software defined networking']"
Cloud Architect,"['paas environment', 'agile methodology', 'application architecture', 'azure', 'client management', 'apis', 'aws', 'microservices solutions', 'cloud/devops environment', 'solution architecture', 'bluemix']"
Cloud Architect,"['orchestration', 'tdd', 'azure api management', 'coding standards', 'agile and scrum', 'cloud messaging platforms', 'azure service bus', 'xml', 'rest', 'integration platforms', 'integration tools & techniques', 'technology trends awareness', 'soap', 'mulesoft', 'ci/cd', 'soa', 'rest services', 'json']"
Cloud Architect,"['incident response', 'pkis', 'identity and access management', 'network technologies', 'iam', 'certifcation authorities', 'public key infrastructures', 'iso27002', 'cloud computing security', 'intrusion detection', 'nist standards', 'security architecture', 'cas']"
Cloud Architect,"['sharepoint online', 'office 365 architecture design', 'ibm ecm suite', 'cloud technologies', 'filenet', 'development and implementation expertise', 'web services customization', 'enterprise content management solutions', 'architecture and technology standards', 'case manager', 'content navigator']"
Cloud Architect,"['lambda', 'iam roles', 'cloudwatch', 's3', 'dynamodb', 'migration of applications', 'data pipeline', 'aws athena and glue', 'data preparation and reporting', 'cloud architecture', 'rds', 'agile methodology', 'route 53', 'vpc', 'emr', 'aws services', 'kinesis', 'hortonworks and cloudera', 'object storage s3', 'governance framework on aws', 'ebs instances', 'codecommit', 'automation', 'big data solutions', 'azure cloud services', 'talend preferred', 'efs', 'athena', 'nosql', 'redshift', 'extract transform load', 'ec2', 'cloudtrail']"
Cloud Architect,"['powershell', 'data migration to azure', 'python', 'managing cloud native deployments', 'azure platform expertise', 'implementing resource cost models', 'cloud delivery models', 'web services', 'federal security requirements', 'devops methods', 'scripting', 'monitoring tools', 'cloud-native solutions architecture', 'cloud platform best practices', 'ci/cd automation', 'containerization technologies', 'bash', 'ruby', 'relational and non-relational databases', 'automation/configuration management', 'agile software development practices', 'security automation', 'enterprise cloud adoption strategy', 'infrastructure as code', 'cloud migration']"
Cloud Architect,"['cissp', 'incident response', 'c/c++', 'orchestration technologies', 'vulnerability assessments', 'cloud security certifications', 'python', 'javascript', 'risk reviews', 'security architecture', 'objective c', 'large-scale networking', 'data center', 'network security', 'virtualization', 'integration architecture', 'service support', 'systems resiliency', 'devops', 'cloud infrastructure services', 'aws', 'c', 'it security certifications', 'enterprise security architecture', 'java', 'cloud access security brokers', 'service-oriented architecture', 'e.g.', 'casb', 'information security technologies', 'cism', 'cloud security architecture', 'compute services', 'azure', 'service delivery', 'application programming interface', 'google']"
Cloud Architect,"['cloud erp solutions', 'oracle ebs', 'erp systems', 'erp implementation', 'supply chain', 'system documentation', 'data architecture', 'oracle cloud financials', 'financial principles', 'business analysis', 'data optimization']"
Cloud Architect,"['application architecture', 'programming', 'business solutions development', 'performance analysis', 'agile methodologies', 'information architecture', 'architectural guidance', 'adoption of new technologies', 'frameworks recommendations', 'product evaluation', 'strategic thinking', 'proof of concepts', 'enterprise architecture', 'roadmapping', 'communication skills', 'patterns recommendations', 'emerging technologies adoption', 'solutions development', 'technology architecture']"
Cloud Architect,"['architecture description', 'cloud system architecture', 'sysuml', 'dsl', 'software refactoring', 'dsm', 'modeling', 'software system architecture', 'api lifecycle management', 'software lifecycle management', 'api design', 'uml', 'cloud-native architecture']"
Cloud Architect,"['large system integration', 'architectural design', 'application design', 'microservices', 'bpms', 'system design', 'ux concepts', 'artificial intelligence', 'events', 'messaging', 'business architecture', 'technology integration', 'portfolio planning']"
Cloud Architect,"['microsoft excel', 'cisco meraki', 'industry trend analysis', 'strategic program management', 'revenue growth analysis', 'data analysis', 'cloud-managed networking']"
Cloud Architect,"['scalability', 'cloud providers expertise', 'devops', 'infrastructure migration', 'cost management', 'high availability', 'security', 'monitoring', 'software development', 'technical architecture design', 'solution architecture']"
Cloud Architect,"['amazon web services', 'developing applications', 'architecting applications', 'statelessness', 'microsoft azure', 'google cloud platform', 'cloud transformation', 'devops', 'paas services', 'database administration', 'auto-scaling', 'systems administration', 'agile practices', 'apis', 'managing applications', 'aws', 'cloud migration']"
Cloud Architect,"['business process modeling', 'enterprise architecture', 'service oriented architecture', 'architecture design principles', 'it governance', 'microservices architecture', 'agile methodologies', 'investment and financial systems', 'business analysis', 'integration frameworks & patterns']"
Cloud Architect,"['scalability', 'azure', 'gcp', 'devops', 'monitoring', 'high availability', 'cloud architecture', 'security', 'commercial agreements', 'migration management', 'aws', 'technical architecture', 'infrastructure migration methodologies']"
Cloud Architect,"['java', 'continuous integration', 'cloud devops', '.net', 'infrastructure management', 'kubernetes', 'cd', 'ci', 'continuous delivery', 'azure cloud architecture', 'docker', 'c#', 'sdlc environments', 'cloud deployment methodologies']"
Cloud Architect,"['continuous integration/deployment', 'enterprise technology', 'infrastructure automation', 'ansible', 'kubernetes', 'chef', 'devops', 'cloud technology', 'sql/nosql', 'automating infrastructure deployment', 'docker', 'relational databases', 'terraform', 'deployment manager', 'cloudformation']"
Cloud Architect,"['ansible', 'chef', 'bash', 'perl', 'puppet', 'python development', 'sql', 'automation tools', 'linux administration']"
Cloud Architect,"['continuous integration', 'legacy infrastructure transformation', 'continuous delivery', 'analytics', 'cloud architecture', 'infrastructure engineering', 'agile methodologies', 'application integration', 'data management']"
Cloud Architect,"['aws expertise', 'ecs', 'cloudfront', 'elb/alb', 'core network administration', 'cloudwatch', 'circleci', 'linux', 's3', 'travis', 'operating systems', 'vms', 'github', 'route53', 'rds', 'docker', 'network design and architecture', 'virtual machines and containers', 'windows', 'cloud formation templates', 'vpcs and subnets', 'mongodb & sql server', 'git', 'jenkins', 'mac', 'devops tools', 'databases', 'appveyor', 'ec2']"
Cloud Architect,"['sql server', 'sql server integration services', 'cloud computing strategies', 'vsts', 'database performance tuning', 'structured query language', 'database administration', 'sql server analysis services', 'data classification and protection', 'ci/cd strategies', 'sql server reporting services', 'microsoft azure iaas/paas', 'sql']"
Cloud Architect,"['oracle soa suite', 'integration architectures', 'webmethods', 'sap pi/po', 'cloud integration platforms', 'modeling', 'middleware solutions', 'design', 'data integration', 'system analysis']"
Cloud Architect,"['spark', 'hive', 'amazon web services', 'cloud infrastructure', 'full stack applications', 'enterprise proof of concepts', 'etl concepts', 'hadoop', 's3', 'google compute', 'pig', 'sql', 'e.g.', 'ec2', 'data warehousing']"
Cloud Architect,"['continuous integration/deployment', 'virtual machines', 'infrastructure automation', 'infrastructure', 'sql/nosql', 'platforms', 'networking', 'enterprise technology systems', 'security', 'technical documentation', 'relational databases', 'business applications', 'cloud computing', 'data management', 'storage']"
Cloud Architect,"['project management', 'software development lifecycle', 'word', 'outlook', 'microsoft office', 'excel', 'powerpoint', 'sdlc']"
Cloud Architect,"['gliffy', 'collaboration', 'system design', 'fault-tolerant software solutions', 'microsoft visio', 'e.g.', 'omnigraffle', 'integration patterns', 'scalable software solutions', 'distributed systems design', 'architectural design tools', 'cloud systems']"
Cloud Architect,"['experience with myorder', 'experience with mss', 'experience with headtrax', 'experience with icims', 'microsoft software proficiency']"
Cloud Architect,"['data flows', 'information technology', 'cloud technology', 'system architecture', 'vendor solution assessments', 'roadmap development', 'api architecture', 'architecture governance', 'software development', 'devops practices', 'risk management', 'technical guidance', 'platform stability', 'adherence to standards', 'solution architecture']"
Cloud Services Developer,"['software development lifecycle', 'api development', 'agile development', 'enterprise solutions development', 'enterprise component integration', 'sdks', 'application development', 'scalability and resilience', 'general purpose programming languages', 'system security', 'infrastructure automation', 'agile frameworks', 'development toolsets', 'software development kits', 'system architecture', 'system testing', 'infrastructure architecture', 'systems monitoring', 'xml design', 'requirements analysis', 'automated testing', 'middleware/messaging products', 'application monitoring', 'modern compute technologies', 'data management']"
Cloud Services Developer,"['web services development', 'java', 'pair-programming', 'spring frameworks', 'object oriented design principles', 'test driven development', 'web development', 'software engineering']"
Cloud Services Developer,"['webpack', 'es6', 'css', 'react', 'html', 'express', 'jest', 'javascript', 'node', 'karma', 'redux', 'git']"
Cloud Services Developer,"['java', 'c++', 'triaging customer problem reports', 'writing and editing documentation', 'javascript', 'deployment automation scripting', 'implementing avatax solutions', 'writing tests', 'c']"
Cloud Services Developer,"['grafana/prometheus', 'net', 'cloud management portal', 'single-page applications', 'css', 'javascript', 'stored procedures', 'tcim', 'load runner', 'devops mindset', 'cloudera manager', 'html', 'web services', 'performance center', 'service design', 'sql', 'splunk', 'java', 'performance pipeline', 'cd/ci pipeline', 'spring mvc', 'jenkins', 'software architecture', 'automated testing', 'emerging technology solutions', 'versionone', 'guidewire', 'jmeter', 'soapui', 'big data', 'user experience', 'loadrunner controller', 'jdbc', 'agile software development']"
Cloud Services Developer,"['agile', 'travis', 'javascript', 'performance', 'flow', 'hypermedia formats', 'redux', 'github', 'iis', 'continuous delivery', 'sql', 'apache', 'http', 'node.js', 'rest', 'jest', 'security', 'jenkins', 'git', 'mongodb', 'hapi.js', 'json', 'react native', 'nosql', 'express', 'elastic', 'nginx', 'apis', 'react.js']"
Cloud Services Developer,"['salesforce development', 'project management', 'application architecture', 'etl tools', 'apex technology', 'specifically scrum', 'informatica', 'agile development', 'application programming and analysis', 'salesforce apis and components']"
Cloud Services Developer,"['coding', 'application development lifecycle phases', 'user acceptance testing', 'devops', 'component integration testing', 'software development', 'waterfall and agile practices', 'unit testing']"
Cloud Services Developer,"['caching', 'tdd practices', 'persistence solutions', 'distributed systems', 'web service development', 'ci/cd', 'cloud computing']"
Cloud Services Developer,"['css', 'premiere', 'animate', 'javascript', 'mobile learning design', 'acrobat pro', 'microlearning design', 'responsive web design', 'adobe dreamweaver cc', 'adobe creative cloud', 'green screen video production', 'adobe after effects cc', 'illustrator', 'indesign', 'captivate', 'video production', 'articulate storyline', 'html5', 'audition', 'photoshop']"
Cloud Services Developer,"['knowledge of hosting', 'and cloud technology', 'service providers']"
Cloud Services Developer,"['java', 'test automation', 'python', 'elasticsearch', 'security analysis', 'cryptography', 'blockchain', 'redshift', 'distributed systems', 'mysql', 'software engineering', 'aws', 'dynamodb']"
Cloud Services Developer,"['coding', 'software instrumentation', 'reliability', 'ci/cd', 'object-oriented design', 'caching', 'technical articulation', 'tdd', 'web service development', 'problem solving', 'scalability', 'complexity analysis', 'algorithms', 'data structures', 'software architecture', 'test-driven development', 'troubleshooting', 'persistence solutions', 'distributed systems', 'cloud computing']"
Cloud Services Developer,"['java', 'cache', 'cloud-based web services', 'microsoft azure', 'c++', 'python', 'javascript', 'vms', 'compute', 'c', 'storage']"
Cloud Services Developer,"['java', 'analytical & troubleshooting/debugging', 'javascript', 'shell scripting', 'distributed systems', 'php', 'linux/unix', 'mysql', 'voip', 'call center/contact center software']"
Cloud Services Developer,"['business process modeling', 'project management', 'unified modeling language', 'six sigma', 'software development', 'bpm', 'testing products', 'requirements analysis', 'uml']"
Cloud Services Developer,"['technical skills:', 'platform-as-a-service', 'paas', 'infrastructure-as-a-service', 'cloud computing technologies', 'global cloud computing market', 'data and networking technologies', 'iaas']"
Cloud Services Developer,"['powershell', 'continuous integration', 'network security', 'infrastructure automation', 'python', 'cloudformation templates', 'bash', 'json/yml', 'perl', 'scripting', 'puppet', 'software development', 'sdlc']"
Cloud Services Developer,"['automation scripting', 'lambda', 'cloudwatch', 'ci/cd and devops solutions', 'aws tools', 'docker', 'virtualization technologies', 'infrastructure as code', 'requirements analysis', 'cloud computing', 'iaas', 'cloudformation', 'infrastructure as a service']"
Cloud Services Developer,"['cloud model engineering', 'application design', 'virtualization', 'performance review', 'troubleshooting', 'infrastructure support', 'technology evaluation', 'operating systems management', 'quality control', 'software development', 'system documentation', 'technology leadership', 'testing']"
Cloud Services Developer,"['experience with lambda', 'understanding of cryptography', 'familiarity with aws', 'experience with dynamodb', 'experience with api gateway', 'experience with auto scaling']"
Cloud Services Developer,"['scrum', 'entity framework', 'continuous integration/continuous deployment', 'css', 'html', 'rest api', 'jquery', 'javascript', 'asp.net mvc', 'bootstrap', 'vue.js', 'c#', 'git']"
Cloud Services Developer,"['back-end application development', 'java', 'full-stack development', 'cloud computing platform', 'node.js', 'troubleshooting', 'python', 'open source project contribution', 'go', 'ruby', 'javascript', 'php', 'objective-c', 'c', 'api design']"
Cloud Services Developer,"['competitive landscape awareness', 'deep learning', 'machine learning', 'artificial intelligence knowledge', 'product feature feedback', 'application workflow understanding', 'high-performance computing methodologies', 'influence and evangelism', 'gpu value proposition communication', 'technical project assessment', 'machine/deep learning journey articulation', 'executive relationship management', 'gpu adoption strategy']"
Cloud Services Developer,"['python', 'git/gitlab', 'linux/unix', 'terraform/ansible', 'sql', 'jenkins']"
Cloud Services Developer,"['html5 and css3 expertise', 'google apis', 'node.js', 'box2d js', 'maps', 'js physics libraries', 'and devices', 'platforms', 'ads', 'coffescript', 'etc.', 'google closure library', 'mobile', 'youtube', 'three.js and webgl', 'google app engine', 'ammo.js']"
Cloud Services Developer,"['database concepts', 'css', 'python', 'xml', 'html', 'rest', 'word', 'outlook', 'javascript', 'excel', 'project', 'soap', 'microsoft products', 'powerpoint', 'visio', 'angularjs']"
Cloud Services Developer,"['lamp stack', 'laravel', 'salesforce commerce cloud', 'html5', 'demandware', 'css3', 'javascript', 'jquery', 'linux command-line', 'database administration', 'php', 'aws', 'rackspace cloud api', 'mvc framework', 'git', 'unix/linux administration', 'netsuite']"
Cloud Services Developer,"['openstack', 'postgresql', 'xen', 'jira', 'python and/or bash', 'networking skills', 'cloud platforms', 'oracle db', 'continuous integration', 'confluence', 'kvm', 'api development and sdks', 'vpcs', 'gce', 'firewall dependencies', 'hypervisor experience', 'sql server', 'mysql', 'vmware', 'atlassian tools', 'cloud api development', 'centos/redhat operating system', 'azure', 'cloud security architecture', 'nosql', 'bamboo build environment', 'databases', 'devops automation']"
Cloud Services Developer,"['wcf/web api', 'thread etc.', 'azure platform', 'css 3', 'ci/cd', 'ms build', 'cloud patterns', 'tdd', 'core .net', 'cloud basics', 'html 5', 'c', 'sql', 'asynchronous programming model', 'powershell scripting', 'rest', 'azure services', 'oops', 'task', 'azure iot']"
Cloud Services Developer,"['software development lifecycle', 'bi publisher reports', 'supply chain', 'interface components', 'service now', 'oracle diagnostics', 'unix shell scripting', 'sql tuning', 'service oriented architecture', 'oracle ebs', 'web services', 'cloud architecture', 'sql/plsql', 'oracle financials', 'oracle developer suite', 'version tracking systems', 'technical documentation', 'pl/sql', 'code review', 'configurations and migrations', 'oracle applications', 'agile deployment', 'rice components']"
Cloud Services Developer,"['sql server', 'net', 'asp.net architecture', 'html', 'jquery', 'javascript', 'asp.net mvc', 'ajax', 'sitecore', 'c#', 'angularjs']"
Cloud Services Developer,"['problem-solving', 'debugging', 'javascript', 'edge gateway', 'mqtt', 'message queues', 'plc', 'angular 4', 'docker', 'web development', 'client agents', 'java', 'multi-threaded development', 'opc ua', 'sensors', 'c++', 'feedback loops', 'm2m', 'agile/scrum', 'containers', 'cloud dashboards', 'unit testing']"
Cloud Services Developer,"['linux', 'java/scala', 'vuejs', 'python', 'react', 'javascript', 'mulesoft', 'design patterns', 'unit testing frameworks', 'agile development', 'spa', 'continuous integration', 'apigee', 'redis', 'mvc', 'rpc', 'mvvm', 'django', 'aws', 'spring', 'flask', 'swagger', 'node.js', 'es6', 'rest', 'web sockets', 'mysql', 'postgres', 'git', 'e.g.', 'api management tools', 'html5', 'express', 'css3', 'mongo', 'mocking', 'soap', 'ruby on rails']"
Cloud Services Developer,"['powershell', 'linux', 'python', 'patching', 'bash', 'systems administration', 'scripting', 'aws', 'windows', 'cloud systems']"
Cloud Services Developer,"['hardware architecture', 'python', 'networking', 'design', 'puppet', 'github', 'automation servers', 'x86 hardware', 'configuration management tools', 'network engineering', 'ansible', 'saltstack', 'java', 'and storage technologies', 'jenkins', 'proficiency in linux', 'version control tools', 'framework integration', 'chef', 'etc', 'hardware benchmarking', 'bitbucket']"
Cloud Services Developer,"['java', 'c/c++', 'golang', 'scrum methodology', 'chef', 'system center', 'puppet']"
Cloud Services Developer,"['linux', 'python', 'alerting', 'wavefront', 'metrics technologies', 'site performance technologies', 'infrastructure support', 'devops', 'graphite', 'shell scripting', 'elk', 'docker', 'cloud operational support', 'and dashboarding technologies', 'appdynamics', 'container orchestration', 'javascript web applications', 'agile development environment', 'provisioning tools', 'automation', 'java programming', 'monitoring technologies', 'new relic', 'nagios', 'monitoring', 'dynatrace', 'scripting languages', 'restful web services']"
Cloud Services Developer,"['sybase', 'project management', 'sap cloud computing solutions', 'sap hybris', 'multi-tenancy', 'public clouds', 'google cloud platform', 'disaster recovery', 'sap hana', 'infrastructure migration', 'high availability', 'architecture design', 'scale-out and scale-up architectures', 'sap business objects', 'deployment strategies']"
Cloud Services Developer,"['java', 'lambda', 'cloudwatch', 'programming languages: python', 'automation scripts', 'devops', 'cloud delivery models', 'ruby', 'docker', 'ci/cd solutions and processes', 'virtualization technologies', 'aws tools: cloudformation', 'technology & design decision-making', 'cloud computing', 'iaas', 'infrastructure as code', 'infrastructure as a service']"
Cloud Services Developer,"['soap web services', 'json', 'sql server', 'microservices', 'software development lifecycle', 'application integration solutions', 'api best practices', 'xml', 'application design patterns', 'struts', 'sdlc', 'java technologies', 'spring', 'j2ee', 'oracle rdbms', 'restful web services']"
Cloud Services Developer,"['xml', 'css', 'salesforce solution design', 'ci', 'javascript', 'selenium', 'ajax', 'subversion', 'tdd', 'continuous integration', 'test driven development', 'web services', 'http/https', 'salesforce integration', 'etl tools', 'git', 'json', 'visualforce', 'html5', 'force.com platform', 'apex']"
Cloud Services Developer,"['cognos toolsets', 'qlikview', 'oracle databases', 'cognos 10/11', 'framework and olap', 'report studio', 'analysis studio', 'business insights advanced', 'datawarehouse design theory', 'sql', 'qliksense', 'tm1', 'metadata modeling techniques', 'event studio', 'bi reporting solutions', 'query studio']"
Cloud Services Developer,"['couchdb', 'sass/scss/stylus', 'node.js', 'social media apis', 'html5', 'jquery', 'javascript', 'css3', 'photoshop', 'xml/json/yaml parsing', 'php', 'mysql', 'aws', 'scalable application design', 'github', 'git', 'accessibility and security compliance']"
Cloud Services Developer,"['log analytics', 'asp.net', 'dpm', 'and automation', 'operations manager', 'service manager automation', 'orchestrator', 'system center components', 'azure application insights', 'or other platforms', 'css', 'monitoring', 'vmm', 'cloud-based and hybrid solutions']"
Cloud Services Developer,"['analyzing', 'component design', 'javascript', 'ajax', 'developing', 'application testing', 'sitecore cms experience', 'designing', 'asp.net architecture and development', 'html', 'application development', 'maintaining application code', 'sitecore knowledge', 'complex code development', 'c', 'sql server', 'implementing', 'jquery', 'asp.net mvc', 'angularjs']"
Cloud Services Developer,"['powershell', 'asp.net', 'sql database', 'arm', 'c development', 'html/css/javascript', 'azure products', 'github', 'azure app service', 'storage']"
Cloud Services Developer,"['enterprise directory administration', 'it security practices', 'email administration', 'networking fundamentals', 'python', 'go', 'cloud infrastructures', 'active directory', 'scripting', 'openldap', 'e.g.']"
Cloud Services Developer,"['jitterbit', 'xml', 'javascript', 'boomi', 'mulesoft', 'digital', 'technical skills:', '.net', 'jms', 'castiron', 'soa integration', 'development on integration platforms', 'c', 'crm and erp systems', 'java', 'web services development', 'collaboration', 'sql programming', 'tomcat', 'integration platforms', 'ws-', 'api management technologies', 'cloud platform solutions', 'saas']"
Cloud Services Developer,"['ip telephony', 'crm administration', 'enterprise apps', 'jquery', 'javascript', 'qos issue diagnosing', 'rest apis', 'databases', 'call routing', 'cloud computing']"
Cloud Services Developer,"['full stack development', 'java', 'sql server', 'windows application development', 'oracle', 'automated application delivery', 'python', 'html', 'javascript', 'agile/scrum environment', 'ci/cd', 'c#/.net technologies']"
Cloud Services Developer,"['linux', 'oracle', 'storm', 'hadoop', 'javascript', 'node', 'php', 'wiremock', 'github', 'spark', 'ansible', 'ci/cd pipeline automation', 'kafka', 'reactjs', 'aws/rds', 'spring', 'nexus', 'java', 'rabbit mq', 'pcf', 'drupal', 'jenkins', 'chef', 'rest api', 'cucumber', 'soap', 'cloud foundry', 'scripting languages']"
Cloud Services Developer,"['ui functionality optimization', 'typescript', 'css', 'back-end web development', 'code reviews', 'development of technical specifications', 'design implementation', 'performance optimization', 'angular 2/4', 'javascript', 'html5', 'prototyping', 'devops tools', 'microservice applications', 'front-end web development']"
Cloud Services Developer,"['articulate rise', 'camtasia', 'e-learning development tools', 'articulate storyline']"
Cloud Services Developer,"['microsoft azure', 'design and architectural concepts', 'cloud technologies', 'iot stack', 'architecture mock-up']"
Cloud Services Developer,"['java development', 'api development', 'writing technical documentation', 'software design principles', 'unit testing']"
Cloud Services Developer,"['test-driven development', 'css', 'react', 'html', 'jquery', 'javascript', 'component-based architectures', 'java spring', 'redux']"
Cloud Services Developer,"['powershell', 'ms sccm/scom', 'directory synchronization', 'net', 'iis', 'active directory federation services', 'microsoft identity manager', 'windows 2012 and above', 'tcp/ip', 'adfs', 'mim', 'active directory', 'shell scripting', 'azure ad', 'microsoft azure cloud technologies', 'ms sql server', 'c']"
Cloud Services Developer,"['version control software', 'restful api', 'javascript', 'php', 'mssql', 'object oriented programming', 'mpeg', 'front-end technologies', 'node.js', 'wordpress', 'bootstrap', 'relational database systems', 'mysql', 'wav', 'gulp', 'git', 'mp3', 'search engine optimization', 'html5', 'responsive design', 'css3', 'jquery', 'wp e-commerce']"
Cloud Services Developer,"['web developer tools', 'ms office', 'project management.', 'site catalyst', 'data mining', 'tag management systems', 'google analytics', 'digital analytics', 'data quality assurance', 'tableau']"
Cloud Services Developer,"['java', 'aws container services', 'node.js', 'kubernetes', 'python', 'event driven architectures', 'azure', 'angular', 'event sourcing/cqrs', 'event storming', 'security practices', 'containerization', 'api design', 'j2ee', 'stream processing']"
Cloud Services Developer,"['net', 'entity framework', 'css', 'xml', 'third-party controls', 'javascript', 'ajax', 'electronic health record applications', 'visual studio', 'iis', 'oop concepts', 'windows server', 'devops', 'html', 'sql server', 'ssms', '2008/2012/2016 & tsql development', ""microsoft ide's"", 'telerik', 'hl7 and/or fhir interfaces', 'json', 'cloud computing environments', 'jquery', 'c#', 'scripting languages']"
Cloud Services Developer,"['creating user interface text', 'analyzing customer needs']"
Cloud Services Developer,"['backbone', 'development', 'software skills: business analysis', 'css', 'and infrastructure architecture', 'data', 'angularjs', 'maintenance', 'developmental toolsets', 'software improvement', 'html', 'qunit', 'java', 'restful', 'application', 'frameworks: mvc - require', 'promise', 'unit testing: mocha', 'programming languages: javascript', 'chai']"
Cloud Services Developer,"['project management', 'public cloud platforms', 'infrastructure migration', 'sap technologies', 'high availability concepts', 'architecture design', 'cloud computing solutions']"
Cloud Services Developer,"['java', 'fiori', 'css', 'html5', 'sap ui5', 'sap hana', 'javascript', 'odata', 'agile methodology', 'abap']"
Cloud Services Developer,"['software development lifecycle', 'node.js', 'react', 'html5/css3', 'wordpress', 'jquery', 'javascript', 'bootstrap', 'responsive design', 'web security protocols', 'php', 'databases']"
Cloud Services Developer,"['java', 'core java', 'pivotal cloud foundry', 'rest/soap/wsdl/xml/soa', 'web services', 'ansi sql', 'jdbc', 'cloud data', 'spring mvc', 'service monitoring on cloud', 'spring cloud', 'spring security', 'spring boot', 'spring jdbc', 'oauth']"
Cloud Services Developer,"['java', 'tdd', 'mobile development', 'springmvc', 'software development lifecycle', 'test-driven development', 'distributed systems', 'pcf cloud tools', 'paired programming', 'web development', 'jpa', 'spring', 'performance tuning']"
Cloud Services Developer,"['saas/paas/iaas products', 'project management', 'demand generation', 'sales cycle management', 'relationship management']"
Cloud Services Developer,"['web application architecture', 'net', 'python', 'engineering standards', 'ci/cd', 'modeling and simulation', 'technologies integration', 'docker containers', 'database design', 'cloud architecture', 'aws', 'linux systems administration', 'java', 'infrastructure automation', 'virtualized environment', 'kubernetes', 'mysql', 'software development', 'postgres', 'openshift', 'software orchestration', 'iaas', 'reactjs/angularjs', 'google cloud', 'dev ops', 'paas', 'azure', 'tooling and processes improvement', 'javascript/node', 'api design']"
Cloud Services Developer,"['infrastructure automation technologies', 'hardware architecture', 'monitoring technologies', 'building apis and services', 'network engineering', 'hardware benchmarking', 'design', 'scrum/agile development methodologies', 'build automation technologies', 'modern programming languages']"
Cloud Services Developer,"['sybase', 'leonardo suite', 'customer support', 'sap technologies', 'sap business objects', 'project management', 'sap cloud computing solutions', 'multi-tenancy', 'scalability', 'public cloud platforms', 'cross-functional teamwork', 'sap hana', 'infrastructure migration', 'high availability', 'sap business suite', 'data analysis', 'disaster recovery', 'sap hybris', 'troubleshooting', 'architecture design', 'cloud computing', 'deployment strategies']"
Cloud Services Developer,"['project management', 'business applications knowledge', 'business partnerships development', 'programming/development', 'problem-solving', 'technical leadership', 'system solutions design', 'financial impact assessment', 'decision-making', 'configuration', 'application support', 'frameworks utilization', 'systems analysis', 'business concepts proficiency']"
Cloud Services Developer,"['java', 'protractor', 'junit', 'bamboo', 'jasmine', 'angular', 'selenium', 'aws', 'restful']"
Cloud Services Developer,"['database management systems', 'e.g. oracle/sql server', 'data warehouse architecture', 'e.g. aws', 'etl development', 'authentication', 'cloud architecture', 'relational databases', 'software development', 'encryption', 'sasl', 'ssl security', 'star schemas', 'dimensioning data', 'change data capture', 'performance tuning']"
Cloud Services Developer,"['data structures', 'java', 'complexity analysis', 'software design', 'algorithms', 'c++', 'python programming', 'hadoop', 'apache spark', 'c']"
Cloud Services Developer,"['mdm hub console', 'hierarchies configuration', 'talend etl', 'data integration', 'mdm hub performance optimization', 'db schemas', 'mdm integration', 'merge rules', 'design of mdm solutions', 'landing', 'dq optimization rules', 'trust informatica workflow manager', 'data processing', 'design of staging', 'mdm cloud', 'informatica mdm', 'pentaho kettle', 'etl processing', 'pl/sql', 'informatica power center', 'external scheduling tools', 'and target tables', 'jaspersoft etl', 'business & data analysis', 't-sql', 'mentorship and knowledge transfer', 'data profiling', 'data management']"
Cloud Services Developer,"['coding', 'automation process configuration', 'workflow principles', 'bug fixing', 'automation certification', 'design and coding standards', 'unit testing']"
Cloud Services Developer,"['application awareness', 'infrastructure components implementation', 'css', 'data center switching/routing', 'html', 'algorithm design and analysis', 'customized networking environment', 'basic networking terminology', 'ethernet transceiver development', 'javascript', 'networking infrastructure', 'software development', 'virtual machine workload mobility', 'user interface development', 'source control tools']"
Cloud Services Developer,"['system integration', 'servicenow administration', 'workflow creation', 'performance tuning and monitoring', 'service catalog', 'process automation', 'configuration/customization of servicenow', 'software development life cycle', 'integration testing', 'cmdb', 'servicenow development', 'asset management', 'external application development', 'enterprise service management solutions', 'change/incident/problem management', 'itil foundations', 'testing']"
Cloud Services Developer,"['sql / nosql databases', 'and deployments', 'rabbitmq', 'gradle', 'spring framework', 'automated builds', 'junit', 'relational', 'rest', 'ci/cd principles', 'java/j2ee', 'jboss', 'web services', 'docker', 'java 1.8', 'tests', 'openshift', 'mongodb']"
Cloud Services Developer,"['java development', 'problem solving', 'integration solutions', 'api development', 'software documentation', 'software design principles', 'unit testing', 'agile software development']"
Cloud Services Developer,[]
Cloud Services Developer,"['deployment', 'development', 'cloud infrastructure', 'scrum/agile processes', 'html/css', 'azure', 'sdks', 'javascript', 'design', 'software engineering', 'aws', 'rest apis', 'crm integrations']"
Cloud Services Developer,"['modern languages', 'apollo & graphql', 'node.js', 'web standards', 'python', 'continuous integration testing', 'jekyll', 'continuous delivery', 'ruby', 'mvc frameworks', 'docker', 'heroku', 'performant database queries', 'django', 'react.js', 'aws', 'cloud platforms']"
Cloud Services Developer,"['web technologies', 'problem-solving skills', 'communication skills', 'technical project management', 'analytical skills', 'enterprise software support']"
Cloud Services Developer,"['web technologies', 'product management', 'html', 'javascript', 'ajax', 'software engineering', 'api integration', 'sql', 'systems design', 'json']"
Cloud Services Developer,"['python', 'javascript', 'networking', 'programming languages', 'distributed and parallel systems', 'large software systems', 'c', 'mobile application development', 'unix/linux environments', 'java', 'machine learning', 'algorithms', 'c++', 'security software development', 'software development', 'web application development', 'data structures', 'information retrieval', 'natural language processing']"
Cloud Services Developer,"['enterprise directory administration', 'it security practices', 'email administration', 'networking fundamentals', 'python', 'go', 'cloud infrastructures']"
Cloud Services Developer,"['java', 'protractor', 'junit', 'bamboo', 'jasmine', 'angular', 'selenium', 'aws', 'restful']"
Cloud Services Developer,"['back-end application development', 'java', 'full-stack development', 'node.js', 'python', 'go', 'programming', 'ruby', 'javascript', 'php', 'objective-c', 'c', 'cloud computing']"
Cloud Services Developer,"['java development', 'api development', 'software design principles', 'problem-solving skills', 'technical documentation', 'agile software development life-cycle', 'unit testing']"
Cloud Services Developer,"['cloud foundry development', 'java', 'test driven development', 'python', 'openstack development', 'openshift/kubernetes', 'c', 'ci/cd']"
Cloud Services Developer,"['unity', 'augmented reality', 'c++', 'game development', 'mobile platforms', 'agile methodologies', 'virtual reality', 'ar', 'vr']"
Cloud Services Developer,"['technical skills:', 'c/c++', 'database engines', 'udp/tcp', 'amazon web services', 'data encryption', 'http', 'python', 'cloud computing', 'ruby', 'javascript', 'application protocols', 'programming languages', 'scripting languages', 'ip networking', 'tls', 'sql', 'e.g.']"
Cloud Services Developer,"['node.js', 'css', 'google cloud platform', 'ionic', 'debugging', 'html5', 'balsamiq', 'jquery', 'javascript', 'photoshop', 'wireframing', 'web development', 'api integration', 'cordova']"
Cloud Services Developer,"['solutions design', 'powershell', 'itilv3', 'agile', 'xml', 'flow', 'iis 7', 'data gateway', 'web server administration', 'sdlc', 'html', 'rhel', 'sharepoint on-prem', 'java', 'sql server', 'cdm', 'microsoft visual studio', 'office 365', 'windows server 2008/2012', 'rest', 'microsoft mim', 'spo', 'json', 'asp.net', 'systems integration', 'servicenow', 'power apps', 'soap', 'azure ad connect', 'c#/vb']"
Cloud Services Developer,"['back-end application development', 'java', 'cloud computing platform', 'node.js', 'sample code writing', 'python', 'open source project contribution', 'client libraries development', 'go', 'ruby', 'javascript', 'full-stack application development', 'php', 'objective-c', 'c', 'api design']"
Cloud Services Developer,"['strategic roadmap development', 'digital transformation', 'project management', 'technical expertise', 'troubleshooting', 'cross-functional teamwork', 'relationship building', 'leadership', 'data analysis']"
Cloud Services Developer,"['debugging', 'technical support', 'systems integration', 'software testing', 'data analysis', 'operating systems', 'programming languages', 'software development', 'applications infrastructure', 'scripting languages', 'cloud computing', 'systems architecture']"
Cloud Services Developer,"['software configuration', 'automation scripting', 'server configuration', 'crm administration', 'system maintenance', 'application development', 'research and analytical skills', 'system failure analysis', 'application security', 'application configuration', 'development and scripting', 'system analysis', 'force.com developer toolkit']"
Cloud Services Developer,"[""rest api's"", 'qos issues', 'ip telephony', 'crms', 'ivrs', 'troubleshooting', 'enterprise apps', 'jquery', 'javascript', 'databases', 'call routing', 'cloud computing']"
Cloud Services Developer,"['expertise in redux', 'core java script fundamentals', 'expertise in reactjs', 'expertise in openfin']"
Cloud Services Developer,"['machine learning', 'data visualization', 'digital marketing solutions', 'data analysis', 'big data analytics', 'cloud computing', 'google marketing product apis']"
Cloud Services Developer,"['java', 'build and deployment models', 'web applications', 'integration', 'web services', 'javascript', 'technical languages', 'cloud-based architectures']"
Cloud Services Developer,"['agile software development life-cycle', 'unit testing', 'java development', 'api development']"
Cloud Services Developer,"['linux', 'map reduce', 'hadoop', 'sqoop', 'traceability', 'end-to-end lineage', 'hive', 'drill', 'hdfs', 'talend', 'informatica', 'hbase', 'apache sentry', 'pig', 'etl tools', 'pentaho', 'atlas', 'cloudera navigator', 'metadata management']"
Cloud Services Developer,"['jamf', 'linux', 'user directory services', 'saml', 'landesk', 'deploying', 'sccm', 'mac', 'architecting', 'virtualized environments', 'sso', 'emm solutions like intune/airwatch', 'device management applications', 'windows', 'e.g. windows gpo/ad']"
Cloud Services Developer,"['rest apis development', 'websphere/jboss experience', 'rest/soap web services analysis', 'kubernetes & openshift', 'gcp', 'cloud technologies', 'linux environment management', 'dev ops tools', 'ui/html/javascript analysis', 'web services development/production support', 'java development/production support', 'aws', 'api integration', 'debugging code']"
Cloud Services Developer,"['technical writing', 'development experience', 'data analysis', 'public speaking']"
Cloud Services Developer,"['continuous integration', 'esri', 'css', 'gis skills', 'open-source web mapping tools', 'html', 'responsive web design', 'native mobile application development', 'ui frameworks', 'server-side technologies', 'advanced javascript', 'processes and tools', 'cloud computing', 'javascript frameworks', 'unit testing', 'restful web services']"
Cloud Services Developer,"['monitoring tools integration', 'orchestration technologies', 'python', 'oss/bss management', 'networking', 'devops practices', 'cloud computing', 'virtualization', 'integration architecture', 'aws/azure/vmware', 'bash', 'ruby', 'perl', 'splunk dashboards', 'splunk deployment', 'application development lifecycle management', 'regular expressions', 'cloud infrastructure technologies', 'service delivery', 'enterprise security', 'scripting languages', 'data center architecture', 'public/private cloud experience']"
Cloud Services Developer,"['storage methodologies', 'java', 'data structures', 'large systems software design', 'deployment methodologies', 'css', 'python', 'google cloud platform', 'scaling methodologies', 'go', 'html', 'algorithms', 'javascript', 'ajax', 'scripting', 'web ui development', 'web development', 'networking methodologies']"
Cloud Services Developer,"['customer support', 'troubleshooting', 'cross-functional teamwork', 'cloud technologies', 'strategic planning', 'program management', 'relationship building', 'strategic roadmapping', 'technical guidance', 'customer engagement', 'data analysis']"
Cloud Services Developer,"['information retrieval', 'ui design', 'project management', 'mobile development', 'deployment', 'artificial intelligence', 'natural language processing', 'software maintenance', 'software testing', 'security', 'large-scale system design', 'software development', 'networking and data storage', 'distributed computing']"
Cloud Services Developer,"['coding', 'aws cloud', 'development', 'python', 'messaging middleware', 'design', 'analytics', 'fitnesse', 'activemq', 'mq series', 'java', 'application programming', 'springboot', 'xunit', 'infrastructure architecture', 'cyber security', 'testing', 'architecture', 'sqs', 'tomcat', 'cucumber', 'data architecture']"
Cloud Services Developer,"['software test methodologies', 'web technologies', 'program/project management', 'devops', 'mobile platforms', 'saas platforms', 'cloud architecture', 'software engineering', 'iaas/paas', 'micro-service architecture', 'agile software development', 'devops automation']"
Cloud Services Developer,"['sap leonardo suite', 'project management', 'sap cloud computing solutions', 'sap hybris', 'multi-tenancy', 'public cloud platforms', 'google cloud platform', 'scalability', 'troubleshooting', 'disaster recovery', 'data analysis', 'sap hana', 'infrastructure migration', 'high availability', 'architecture design', 'sap sybase', 'sap business objects', 'deployment strategies']"
Cloud Services Developer,"['lightning components', 'soap apis', 'integration techniques', 'marketing automation systems', 'salesforce cloud solutions', 'salesforce solution design', 'apex class', 'marketing cloud solutions implementation', 'code review methodology', 'visualforce pages', 'rest apis', 'agile environment', 'single sign-on', 'salesforce configuration and customization', 'oauth', 'lightning experience']"
Data Analyst,"['regression techniques', 'statistical techniques', 'dashboards', 'r', 'statistics', 'computer science', 'excel', 'data analysis', 'developing models', 'data mining', 'economics', 'sql', 'e.g.', 'open-source stack']"
Data Analyst,"['brand lift studies', 'sql programming', 'advertising performance analysis', 'statistics', 'r programming', 'research article writing', 'data analysis', 'market research']"
Data Analyst,"['marketing finance', 'profit analysis & reporting', 'business environment research', 'strategic planning', 'competitive benchmarking', 'financial reporting', 'product financial analysis', 'product planning & strategy', 'data analysis', 'financial modeling']"
Data Analyst,"['arcgis', 'access', 'data governance', 'project', 'applitrack', 'google sheets', 'oracle discoverer', 'adobe', 'excel', 'statistics', 'google forms', 'powerpoint', 'alteryx', 'visio', 'google sites', 'tableau']"
Data Analyst,"['database querying', 'data visualization', 'python', 'data cleansing', 'data integration', 'data modeling', 'statistical analysis', 'qlikview', 'azure ml', 'data dictionary management', 'sql', 'power bi', 'data lineage tracking', 'data analysis', 'tableau', 'r', 'spark ml', 'data profiling', 'business validation', 'object-oriented programming', 'root-cause analysis']"
Data Analyst,"['statistical techniques', 'xml', 'database maintenance', 'e.g.', 'cognos', 'database design', 'reporting capabilities', 'data modeling', 'data collection', 'sql', 'data analysis']"
Data Analyst,"['data quality improvement', 'client relationship management', 'data management', 'operational analysis', 'reporting preparation and analysis', 'performance management']"
Data Analyst,"['data compilation', 'project management', 'database management', 'reporting tools', 'web page design', 'software proficiency', 'system troubleshooting', 'report generation', 'data analysis']"
Data Analyst,"['proficiency in mysql', 'programming', 'economic research', 'database design and maintenance', 'python/other analytical programming languages', 'statistical modeling', 'gis', 'data analysis']"
Data Analyst,"['dashboard development', 'research design', 'data analysis', 'data modeling']"
Data Analyst,"['working with large datasets', 'sql server', 'greenplum', 'building solutions', 'python', 'web analytics', 'technical documentation', 'excel', 'web development', 'data analysis']"
Data Analyst,"['predictive analytics', 'data visualization', 'excel', 'sql', 'data analysis', 'tableau']"
Data Analyst,"['machine learning', 'r', 'statistical software', 'python', 'data manipulation', 'database languages', 'statistical analysis', 'sql', 'data analysis']"
Data Analyst,"['database management', 'microsoft office', 'excel', 'data analysis', 'data review', 'spreadsheet management']"
Data Analyst,"['risk management & pricing', 'e.g.', 'excel', 'budgeting & forecasting', 'sql', 'tableau', 'business intelligence tools', 'data analysis', 'sql and python skills', 'business intelligence reporting', 'financial modeling']"
Data Analyst,"['microsoft excel', 'measurement framework development', 'data presentation', 'data aggregation', 'online ad serving systems', 'performance reporting', 'microsoft powerpoint', 'marketing data analysis', 'data review and analysis', 'web site analytics']"
Data Analyst,"['proficiency with development languages', 'python', 'excel', 'sql', 'e.g.', 'data visualization tools']"
Data Analyst,"['microsoft office products', 'query and report writing', 'computer science', 'analytical skills', 'data analysis']"
Data Analyst,"['and load', 'proficiency with programming language', 'knowledge of database schema', 'data manipulation', 'rdbms', 'preferably python', 'extract transform load', 'extract', 'sql', 'transform']"
Data Analyst,"['machine learning', 'r', 'automation technology', 'data visualization', 'python', 'database design', 'data science languages', 'computer vision', 'sql', 'data analysis']"
Data Analyst,"['bw environments', 'troubleshooting', 'business operations', 'reporting', 'system administration', 'process improvement', 'sap', 'data analysis', 'business objects']"
Data Analyst,"['erp', 'microsoft access', 'manufacturing planning', 'advanced excel skills', 'sap user', 'vba programming', 'sql']"
Data Analyst,"['programming', 'spss', 'dashboards and reporting', 'data modeling', 'linear / logistic regression', 'statistical analysis', 'marketing data analysis', 'reporting/analysis platforms', 'looker', 'real-time analytics', 'sql', 'data warehousing', 'stata', 'machine learning', 'clustering and factor analyses', 'excel', 'sas', 'data analysis', 'business intelligence dashboards', 'r', 'power analysis', 'predictive analytics', 'customer segmentation', 'i.e. looker', 'forecasting models', 'statistical packages', 'large datasets management']"
Data Analyst,"['crm system', 'sql server', 'data science toolkit', 'bi/visual analytics tool', 'oracle', 'r', 'python', 'roi measurement', 'sql/database toolset', 'microstrategy', 'organic social media analysis', 'qlik', 'salesforce/dynamics', 'analyzing marketing data', 'audience segmentation', 'mysql', 'paid digital marketing campaigns', 'tableau']"
Data Analyst,"['data quality analysis', 'data entry', 'understanding of industry initiatives', 'market data knowledge', 'research skills']"
Data Analyst,"['building dashboards/visualizations', 'strong excel skills', 'creating automated procedures', 'designing data models']"
Data Analyst,"['macros', 'automation', 'hipaa knowledge', 'troubleshooting', 'ad-hoc analysis', 'ms office proficiency', 'data manipulation', 'data extraction', 'querying', 'batch file scripting', 'report design', 'data integration', 'process documentation', 'data analysis', 'data management']"
Data Analyst,"['excel', 'sql', 'teradata', 'tableau']"
Data Analyst,"['quantitative modeling', 'financial analysis', 'database management', 'energy markets analysis', 'program evaluation', 'policy analysis', 'statistical analysis', 'data analysis']"
Data Analyst,"['direct marketing campaigns', 'ascii/ebcdic', 'development', 'problem resolution', 'binary data', 'data manipulation', 'etl processing', 'scripting', 'business requirements gathering', 'bitmapping', 'research skills', 'unix environment', 'data analysis', 'testing', 'implementation']"
Data Analyst,"['system availability', 'critical thinking', 'problem-solving', 'reliability', 'evaluation', 'trend analysis', 'strategic decision-making', 'systems implementation', 'data analytics', 'integrated data analysis', 'patient outcome analysis', 'quality measurement', 'data interpretation']"
Data Analyst,"['data entry', 'sap mm configuration/functionality', 'systems and data activities', 'analytical skills', 'reporting', 'problem solving']"
Data Analyst,"['project management', 'computer applications', 'access', 'report development/generation', 'word', 'outlook', 'database management/maintenance', 'health plan operations', 'excel', 'sql', 'data analysis']"
Data Analyst,"['spark', 'campaign tools', 'r', 'data query', 'sampling techniques', 'python', 'hadoop', 'online paid media campaigns', 'big data', 'etc.', 'relational databases', 'campaign management software', 'sql', 'omni-channel campaigns']"
Data Analyst,[]
Data Analyst,"['database querying', 'microsoft office programs', 'healthcare experience', 'data manipulation', 'sql', 'data analysis']"
Data Analyst,"['coding', 'database management', 'stata', 'r', 'data visualization', 'python', 'data analysis', 'analytics', 'computational processes', 'statistical modeling', 'sql', 'research command', 'data management']"
Data Analyst,"['basic statistical concepts', 'scripting and programming', 'powerbi', 'visualization tools', 'report generation', 'business intelligence tools', 'qlickview', 'tableau']"
Data Analyst,"['database management', 'gis exposure', 'basic troubleshooting', 'excel skills', 'microsoft office proficiency', 'business writing', 'report preparation', 'research methods', 'gis principles']"
Data Analyst,"['amazon redshift', 'sql querying', 'r', 'python', 'looker', 'extract transform load', 'tableau', 'pandas', 'data warehousing']"
Data Analyst,"['client/server networking', 'system problem/outage resolution', 'batch automation tasks', 'hardware installation and configurations', 'tier 2 technical support', 'operating systems', 'scripting languages', 'databases', 'triage and escalation']"
Data Analyst,"['statistical methods', 'epidemiologic investigation', 'regulatory/management laws', 'data analysis', 'database design', 'public health principles', 'data mining', 'data interpretation', 'data cleaning', 'data management', 'bi tools']"
Data Analyst,"['data quality', 'data integrity', 'data conversion', 'python', 'data reporting', 'excel functions', 'data manipulation', 'relational databases', 'data completeness', 'sql', 'etl processes and tools']"
Data Analyst,"['erisa reports', 'rating calculations', 'microsoft excel', 'financial analysis', 'knowledge of rating systems', 'mathematics principles', 'risk assessment', 'visual basic', 'ms access', 'data analysis', 'mainframe applications']"
Data Analyst,"['data infrastructure development', 'satellite imagery analysis', 'statistical analysis', 'sql', 'technology analysis']"
Data Analyst,"['technical skills:', 'project management', 'jira', 'notepad++', 'troubleshooting', 'microsoft office', 'excel', 'data feed implementation', 'relationship management', 'file transfer protocol']"
Data Analyst,"['project management', 'database querying', 'python', 'documentation', 'looker', 'etl process', 'data mining', 'schema drafting', 'sql', 'data analysis', 'tableau']"
Data Analyst,"['project management', 'database management', 'predictive analytics', 'business intelligence', 'data visualization', 'bi solutions', 'excel', 'forecasting techniques', 'relational databases', 'data mining', 'statistical methodology', 'powerpoint', 'market research analytics', 'data analysis']"
Data Analyst,"['advanced technical skills', 'data utilization', 'data cleansing', 'analysis techniques', 'data modeling', 'data insights development', 'data analysis']"
Data Analyst,"['electronic data capture', 'ms office', 'documenting findings', 'user acceptance testing', 'test data entry', 'data entry', 'clinical data', 'edc systems', 'quality control', 'data auditing', 'data management', 'data cleaning', 'data review']"
Data Analyst,"['dashboards', 'r', 'stata', 'data visualization', 'scripting language', 'spss', 'statistical packages', 'pandas', 'metrics design', 'statistical analysis', 'sql', 'data analysis']"
Data Analyst,"['advanced excel skills', 'reporting and tracking', 'sales forecasting', 'inventory management', 'sap', 'data analysis']"
Data Analyst,"['dashboard & scorecard creation', 'data visualization', 'data mining', 'data analytics', 'reporting', 'business intelligence tools']"
Data Analyst,"['sql queries', 'data visualization', 'excel', 'data modeling', 'analytical skills', 'data analysis', 'segmentation techniques']"
Data Analyst,"['microsoft access', 'microsoft excel', 'seagate crystal reports', 'management information systems', 'statistical software', 'e.g.', 'microsoft sql', 'spss', 'program evaluation', 'sas', 'reporting', 'statistical analysis', 'research skills', 'database design and analysis', 'data analysis']"
Data Analyst,"['sas/sql', 'statistics', 'presentation skills', 'data manipulation', 'data analysis', 'health informatics']"
Data Analyst,"['descriptive statistical analysis', 'microsoft excel', 'microsoft access', 'database management', 'research database management', 'knowledge of medical terminology', 'data analysis']"
Data Analyst,"['stata', 'r', 'matlab', 'measurement and statistics', 'etl flows design', 'program evaluation', 'sas', 'statistical packages', 'scripting with sql', 'sql', 'data analysis']"
Data Analyst,"['machine learning', 'r', 'business intelligence', 'python', 'report and dashboard design', 'statistics', 'data modeling', 'data mining', 'a/b testing', 'econometrics', 'sql', 'data quality assurance']"
Data Analyst,"['crm system', 'microsoft excel', 'microsoft word', 'database management', 'task management system', 'online enrollment system maintenance', 'customer relationship management', 'vendor relations management', 'enrollment management', 'data auditing', 'edi process management']"
Data Analyst,"['database querying', 'r', 'data visualization', 'python', 'trend identification', 'data extraction', 'sas', 'data evaluation', 'sql', 'data analysis']"
Data Analyst,"['project management', 'data tools', 'time and task management', 'efforts to outcomes', 'eto', 'crystal reports', 'database structure', 'documentation', 'user access management', 'sap business-objects', 'report design', 'reporting', 'data collection', 'compliance reporting', 'query design', 'data analysis', 'database applications']"
Data Analyst,"['countermeasures implementation', 'quantitative analysis', 'data manipulation', 'data mining', 'sql', 'data interpretation']"
Data Analyst,"['program creation', 'database management', 'program design', 'systems analysis', 'database creation']"
Data Analyst,"['data analysis and reporting', 'skill with microsoft excel']"
Data Analyst,"['dashboard creation', 'statistical methods', 'data visualization', 'python', 'statistics', 'sql', 'data analysis', 'tableau']"
Data Analyst,"['statistical programming', 'looker', 'r or python', 'periscope', 'sql', 'data analysis', 'data visualization tools', 'tableau']"
Data Analyst,"['information technology design', 'system implementation', 'information systems design', 'gap analysis', 'data processing', 'system operation', 'system analysis', 'system scope definition']"
Data Analyst,"['strategy development', 'spark', 'azure data lake', 'power bi', 'hive', 'quantitative analysis', 'sql programming', 'big data', 'excel', 'hd insight', 'data mining', 'data modeling', 'dashboard design', 'data analysis']"
Data Analyst,"['dashboard creation', 'data quality', 'reporting tools', 'data visualization', 'data extraction', 'data integration', 'data interpretation', 'data analysis']"
Data Analyst,"['audit trail creation', 'data exports', 'case closure', 'document management systems', 'data deletion procedures', 'researching data stores', 'technical problem solving', 'information lifecycle management', 'data management', 'attention to detail']"
Data Analyst,"['reporting tools', 'basic mathematical concepts', 'ytica', 'speech analytics', 'salesforce', 'maql', 'data analysis']"
Data Analyst,"['coding', 'geographical information systems', 'database management', 'database querying', 'data visualization', 'python', 'data extraction', 'quality assessment', 'tables', 'stata', 'data formatting', 'and charts creation', 'mapping methodologies', 'e.g.', 'data analysis', 'r', 'text', 'figures', 'spatial data analysis', 'gis']"
Data Analyst,"['healthcare data', 'provider data', 'clinical data', 'data modeling', 'statistical analysis', 'enterprise reporting', 'project management', 'hedis', 'data quality audits', 'sql', 'member data', 'data warehousing', 'pharmacy', 'excel', 'business intelligence tools', 'data analysis', 'access', 'microsoft office', 'claims']"
Data Analyst,"['such as tableau', 'r', 'analytical software', 'access', 'sql programming', 'ms office suite', 'word', 'excel', 'powerpoint', 'data mining', 'statistical analysis', 'data analysis', 'business intelligence reporting', 'database applications']"
Data Analyst,"['r', 'stata', 'multivariate statistics', 'python', 'matlab', 'survey design/weighting', 'sas', 'econometrics', 'sql', 'data analysis', 'survey research']"
Data Analyst,"['r', 'econometric modeling', 'python', 'looker', 'scikit-learn', 'regression analysis', 'excel', 'sas', 'sql', 'technology modeling', 'data management']"
Data Analyst,"['dashboard creation', 'reporting tools', 'looker', 'ngp van familiarity', 'etl tools', 'sql', 'data analysis', 'tableau']"
Data Analyst,"['code development', 'database management', 'r', 'stata', 'data visualization', 'python', 'quality control', 'statistical modeling', 'sql', 'data analysis']"
Data Analyst,"['xml', 'python', 'programming', 'javascript', 'spss', 'statistical analysis', 'data visualization tools', 'insights generation', 'experimentation platforms', 'a/b testing', 'sql', 'business intelligence solutions', 'etl frameworks', 'excel', 'sas', 'data solutions implementation', 'postgres', 'data analysis', 'tableau', 'ecommerce and retail understanding', 'statistical packages', 'databases', 'google analytics']"
Data Analyst,"['hidden markov models', 'database management', 'data visualization', 'python', 'programming', 'shiny', 'rest apis', 'big data expertise', 'sql databases', 'decision trees', 'bayesian analysis', 'mathematics', 'k-means clustering', 'c', 'java', 'stata', 'statistical software', 'scipy', 'c++', 'experimental design', 'ruby', 'perl', 'sas', 'non-linear regression', 'data mining', 'matlab/octave', 'tableau', 'root', 'vba', 'logistic regression', 'r', 'linear regression', 'artificial intelligence', 'statistics', 'computer science', 'web design']"
Data Analyst,"['statistical analysis', 'microsoft access', 'data analysis', 'report writing']"
Data Analyst,"['quality assurance', 'data entry', 'sum/if functions', 'excel', 'statistical analysis', 'v-lookups', 'data processing', '###', 'pivot tables']"
Data Analyst,"['vendor management', 'data analysis', 'program planning', 'health management']"
Data Analyst,"['analytics tools', 'qualitative and quantitative analysis', 'online data tracking systems', 'database management', 'predictive analytics', 'business intelligence', 'data visualization', 'data tracking', 'excel', 'dashboard development', 'data modeling', 'data collection', 'data management', 'data analysis', 'program analytics']"
Data Analyst,"['communication', 'barcoding', 'manifest preparation', 'document processing', 'microsoft office', 'scanning', 'data entry', 'report generation', 'excel', 'collateral tracking system', 'indexing', 'document management']"
Data Analyst,"['statistical techniques', 'dashboard techniques', 'data visualization', 'chrome', 'research projects', 'spss', 'data modeling', 'data analytics', 'record-keeping', 'data visualization software', 'word', 'program evaluation', 'stata', 'statistical software', 'data systems development', 'excel', 'data cleaning', 'data analysis', 'tableau', 'report writing', 'r', 'data utilization', 'data merging', 'business technology programs', 'statistical efficiency', 'data collection systems', 'research methods']"
Data Analyst,"['data presentation', 'interpretation of data', 'python', 'data cleansing', 'data analytics', 'end-to-end data solutions development', 'powerbi', 'microsoft excel', 'inetsoft', 'sql', 'java', 'business intelligence platforms', 'sas', 'reporting', 'data analysis', 'r', 'advanced analytics tools', 'oracle bi', 'data collection']"
Data Analyst,"['financial analysis', 'programming documentation', 'documentation', 'administrative tasks', 'systems maintenance', 'data analysis', 'operations documentation']"
Data Analyst,"['excel', 'scripting', 'power point', 'callminer', 'data analysis']"
Data Analyst,"['microsoft office suite', 'access', 'excel', 'supply chain', 'ariba', 'procure-to-pay', 'data analysis']"
Data Analyst,"['technical skills:', 'r', 'machine learning', 'data visualization', 'python', 'sql']"
Data Analyst,"['technology development', 'data visualization', 'ad hoc queries', 'risk management strategies', 'network analysis', 'technology leveraging', 'plan performance reporting', 'data evaluation', 'data collection', 'claims data analysis', 'data analysis']"
Data Analyst,"['software tools development', 'data visualization', 'python', 'gtfs', 'microsoft office', 'unix operating systems', 'bash', 'data manipulation', 'sql', 'data analysis', 'ms windows']"
Data Analyst,"['adobe omniture', 'web tagging', 'r', 'google data studio', 'data blends and joins', 'python', 'data visualization', 'database management platforms', 'excel', 'ms sql', 'mysql', 'data administration', 'google analytics', 'google tag manager', 'data management', 'tableau']"
Data Analyst,"['microsoft excel', 'database management', 'data abstraction', 'medical terminology', 'medical records review', 'core measures analysis', 'data analysis']"
Data Analyst,"['proactive/reactive problem management', 'data validations', 'data quality analysis', 'bug/defect fixes', 'incident management', 'dependency analysis', 'root cause analysis', 'monitoring jobs/processes', 'integration testing support', 'production environment support', 'back tracing']"
Data Analyst,"['or similar statistical software', 'microsoft excel', 'microsoft word', 'r', 'geo analytic software', 'advanced statistical/data analytic techniques', 'visual basic', 'adobe', 'tableau']"
Data Analyst,"['metrics', 'quantitative research methods', 'technology/operations focused analyses', 'statistics', 'executing quantitative research studies', 'statistical/database software', 'automating reports and templates', 'analysis', 'reporting', 'e.g. sql/r/python', 'data analytic skills', 'advanced analytical techniques']"
Data Analyst,"['analytical techniques', 'data repository management', 'database management', 'core measures development', 'analytical problem-solving', 'health quality database development', 'dashboard development', 'epidemiological techniques', 'statistical process control', 'performance indicators analysis', 'data collection procedures', 'data analysis', 'report preparation', 'data management']"
Data Analyst,"['data maintenance', 'data extraction', 'data collection', 'data analysis', 'report preparation']"
Data Analyst,"['microsoft excel', 'microsoft powerpoint', 'data analysis', 'database management']"
Data Analyst,"['analytical reporting', 'troubleshooting', 'database technologies', 'api interaction', 'data analysis', 'git revision control', 'data integration', 'data modeling', 'extract transform load', 'sql', 'data warehouse design', 'bi reporting solutions', 'tableau']"
Data Analyst,"['database management', 'chart visualizations', 'data manipulation', 'excel', 'data mapping', 'vlookups', 'sql', 'data analysis', 'pivot tables']"
Data Analyst,"['care planning', 'ms office', 'medical terminology', 'problem-solving', 'knowledge of community resources', 'data input', 'hipaa compliance', 'icd-9 and icd-10', 'multi-tasking', 'electronic health records', 'clinical education programs', 'electronic patient management systems']"
Data Analyst,"['r', 'oracle', 'data visualization', 'python', 'sql queries', 'ms excel', 'ms sharepoint', 'relational databases', 'ms access', 'descriptive and inferential statistics', 'data analysis']"
Data Analyst,"['r', 'python', 'microsoft power bi', 'spss', 'sas', 'statistical software knowledge', 'statistical knowledge', 'tableau']"
Data Analyst,"['data presentation', 'quantitative analysis', 'data mining', 'sql', 'performance metrics']"
Data Analyst,"['job analysis', 'classification and compensation systems', 'oral communication', 'written communication', 'conducting research and interviews']"
Data Analyst,"['research methodology', 'r studio', 'database management', 'access', 'data manipulation', 'excel', 'sas', 'statistical analysis', 'data analysis', 'business analysis']"
Data Analyst,"['sap', 'analyzing data', 'quality control', 'reporting', 'contract management', 'data processing']"
Data Analyst,"['quality assurance', 'redshift', 'mysql', 'audio and video analysis', 'sql', 'data analysis', 'tableau']"
Data Analyst,"['database management', 'machine learning', 'statistics', 'data mining', 'data analysis']"
Data Analyst,"['simulation development', 'trend analysis', 'statistical analysis', 'reporting', 'key performance indicator', 'kpi reporting', 'business optimization', 'data analysis']"
Data Analyst,"['excellian', 'and hdm', 'facilitation skills', 'access', 'database development and administration', 'performance improvement initiatives', 'proficiency in excel', 'and powerpoint', 'analytical skills', 'statistical analysis', 'experience with business objects', 'data management']"
Data Analyst,"['microsoft excel', 'microsoft word', 'cash application', 'jde', 'accounts receivable', 'oracle', 'erp systems', 'peoplesoft', 'sap', 'data analysis', 'invoice processing']"
Data Analyst,"['database querying', 'r', 'data visualization', 'business intelligence platforms', 'data cleansing', 'spss', 'sas', 'data analysis tools', 'data analysis']"
Data Analyst,"['quality evaluation', 'evaluation criteria development', 'quality data generation', 'audit requirements', 'quality methodology', 'training documentation', 'statistical validation', 'spot analysis', 'performance assessment', 'trend tracking']"
Data Analyst,"['amazon redshift', 'hive', 'r', 'python', 'data insights and analysis', 'data accuracy and integrity', 'mysql', 'sql', 'google analytics', 'dashboard design and building', 'tableau']"
Data Analyst,"['data interpretation', '-d graphics', 'utilizing proprietary software', 'technical report writing', 'data processing', 'statistics', 'algorithm development', 'data aggregation', 'programming', 'data analytics', 'offshore operations knowledge', 'statistical analysis', 'creation of log images', 'data analysis', 'archiving data']"
Data Architect,"['dimensional database design', 'data vault modeling', 'xml', 'hadoop', 'data modeling', 'soa', 'master data management', 'big data methodologies', 'web services', 'sql', 'kimball', 'star schema', 'erwin data modeling software', 'dimensional models', 'business intelligence tools', 'informatica power center', 'relational database design', 'cognos', 'data virtualization', 'data management disciplines', 'data vault', 'inmon']"
Data Architect,"['infrastructure design and development', 'architecture', 'data governance', 'and data analysis', 'advanced sql', 'data and systems analysis', 'data quality practices', 'strategy']"
Data Architect,"['software architecture', 'data structures', 'component-based software architecture', 'software development lifecycle', 'software design', 'algorithms', 'network apis', 'python', 'ansible', 'network automation', 'debugging', 'l3 switching', 'network monitoring', 'agile practices', 'network protocol stack', 'analytical skills', 'ip routing']"
Data Architect,"['metadata creation', 'object and data modeling', 'dimensional databases', 'repository creation', 'data design', 'data warehousing blueprints', 'database architecture', 'data cleaning']"
Data Architect,"['utility writing', 'data migration', 'report writing', 'automated data quality assurance', 'python', 'integration', 'automated data enrichment', 'schema design', 'extract transform load', 'gscript', 'sql', 'migration operations']"
Data Architect,"['facilitation skills', 'microsoft sql databases', 'ms office proficiency', 'systems thinking', 'data integration', 'business analysis techniques', 'listening skills', 'graphic capture software', 'interviewing skills', 'analytics', 'agile methodology', 'data warehousing', 'business intelligence', 'presentation skills', 'business process reviews', 'communication skills', 'reporting', 'lean principles', 'organizational skills', 'internet browsers', 'analytical skills', 'requirement documentation', 'data collection', 'enterprise information architecture', 'leadership skills']"
Data Architect,"['relational database design', 'data warehouse implementation', 'lambda', 'master data management', 'azure', 'cloud infrastructure setup', 'mongo db', 'dynamo db', 'redshift', 'data modeling', 'aws', 'sql', 'data analysis', 'gce', 'metadata management']"
Data Architect,"['c/c++', 'network protocols', 'loadrunner', 'qtp/uft', 'vbscript', 'javascript', 'php', 'gui interfaces', 'quality assurance methodologies', 'java', 'microsoft visual studio', 'ruby', 'languages', 'perl', 'tfs and/or git', 'etc.', 'testing and quality tools', 'source control concepts', 'automated testing', 'sql/nosql technologies', 'xml/json', 'c/.net', 'apis', 'scripting languages', 'unit testing']"
Data Architect,"['microsoft excel', 'project management', 'microsoft office suite', 'change management', 'power point', 'data analysis']"
Data Architect,"['solutions', 'define market segments', 'manage partner programs', 'account executives and customers', 'product portfolio', 'competitors', 'solution architects', 'product positioning']"
Data Architect,"['java', 'data quality', 'big data platforms', 'nosql dbms', 'xslt', 'xsd', 'azure', 'xml', 'hortonworks', 'html', 'cloud platforms', 'aws', 'google', 'mapr', 'cloudera', 'sql', 'application and data integration', 'json']"
Data Architect,"['data quality management', 'data standards', 'data security', 'data integration', 'data modeling', 'microsoft powerpoint', 'microsoft excel', 'business data dictionary', 'microsoft word', 'create-read-update-delete models', 'sql', 'systems of record definition', 'microsoft access', 'reporting tools', 'analytical tools', 'crud', 'data architecture', 'meta data definition', 'microsoft power bi', 'reference data definition', 'data quality tools', 'data governance tools', 'solution design', 'workflows', 'conceptual data models']"
Data Architect,"['application architecture', 'capacity planning', 'clustering', 'infrastructure sizing', 'data lifecycle design', 'data integrity management', 'performance monitoring', 'database modeling', 'load balancing', 'architecture design', 'security requirements', 'cloud-based models', 'data processing']"
Data Architect,"['international health regulations knowledge', 'clinical data standards', 'data standardization experience', 'cdisc/cdash', 'clinical trial process', 'presentation skills', 'clinical development process knowledge', 'sdtm', 'data management']"
Data Architect,"['data quality management', 'it system deployment', 'data governance', 'ms office suite', 'systems design activities', 'cost management', 'design reviews', 'data integration', 'system architectures', 'business processes', 'data protection', 'information architecture', 'complex systems design', 'it system development', 'project management', 'enterprise data strategy', 'architecture frameworks', 'schedule management', 'data processing', 'enterprise architecture', 'microservice/service-oriented architecture', 'data storage', 'systems architecture modeling', 'technologies knowledge', 'graph database technologies', 'stakeholder management', 'data analysis', 'architectural guidelines', 'computer skills', 'architecture', 'design and analysis methodologies', 'system development models', 'systems integration', 'product lifecycle', 'data collection', 'data management']"
Data Architect,"['communication', 'cisco route/switch equipment', 'security technologies', 'troubleshooting', 'data center technologies', 'cisco networking', 'ccnp/ccdp/jncip/ccie certifications']"
Data Architect,"['time series data', 'data governance', 'columnar data', 'big data technologies', 'dimension modeling', 'data quality frameworks', 'data security', 'access controls', 'data modeling', 'extract transform load', 'data marting', 'kpi measurement', 'performance tuning']"
Data Architect,"['cavium thunderx line', 'armv8 platforms', 'virtualization', 'binary translation', 'linux kernel', 'containers', 'software optimization', 'cloud solutions', 'performance analysis', 'device drivers', 'program or product management', 'android development', 'technology analysis']"
Data Architect,"['network infrastructure', 'java/linux development', 'data solutions architecture', 'data architecture design patterns', 'information security', 'togaf certification', 'database technologies', 'devops', 'microsoft .net platform development', 'enterprise architecture', 'api management', 'zachman framework knowledge', 'agile development methodology', 'system architecture', 'integration platforms and frameworks', 'business application design', 'bi development', 'cloud implementation', 'enterprise integration design', 'data integration development', 'azure and/or aws', 'data architecture', 'server infrastructure', 'cloud-based and on-premise integration']"
Data Architect,"['product managers', 'proficiency in sql', 'analytical problem-solving', 'nosql', 'and configuring databases', 'and engineers', 'modeling', 'ingesting', 'mysql', 'postgres', 'knowledge of database technologies', 'collaboration with architects']"
Data Architect,"['structured and semi-structured data', 'data governance', 'database design', 'data security', 'data integration', 'data modeling', 'etl processes', 'business intelligence tools', 'data warehousing']"
Data Architect,"['project planning', 'bia', 'international team leadership', 'data mart creation', 'roadmap/strategy development', 'communication skills', 'data architecture design', 'business intelligence and analytics', 'data lake implementation', 'dev/ops environment', 'data warehousing']"
Data Architect,"['looker', 'qlik', 'sql', 'salesforce einstein analytics', 'business intelligence/analytics', 'tableau']"
Data Architect,"['database queries optimization', 'data governance', 'data security', 'data integration', 'data modeling', 'dimensional modeling', 'business objects', 'data warehouse/data mart models', 'industry standards and frameworks', 'master data management', 'togaf', 'talend', 'informatica', 'sql', 'data quality', 'data migration', 'building reports', 'reporting tools', 'rdbms systems', 'etl tools', 'enterprise it environments knowledge', 'dmbok', 'data processes', 'reporting/bi tools', 'cloud-based data systems', 'pentaho', 'cognos', 'ssrs', 'setting up reporting tools', 'ssis', 'data architecture', 'ad hoc functionality', 'data management']"
Data Architect,"['postgresql', 'chart.js', 'python', 'react', 'aws lambdas', 'redis', 'rdbms', 'kafka', 'django', 'aws', 'sql', 'restful api design', 'openlayers', 'kinesis', 'memsql', 'ruby', 'mvc webapps', 'orm', 'elasticsearch', 'redshift', 'ci/cd pipeline tools', 'es6 javascript']"
Data Architect,"['java', 'test-driven development', 'python', 'go', 'qa processes', 'database environments and tools', 'agile methodologies', 'nosql databases', 'linux and windows', 'cloud data warehouse development', 'scala', 'sql', 'relational database architecture']"
Data Architect,"['architectural design', 'c development', 'database design', 'mssql', 'software project leadership', 'file parsing', 'data analysis', 'query optimization']"
Data Architect,"['security protocols', 'ale omniswitch aos', 'snmp', 'unix networking', 'l2 switching technologies', 'multicast protocols', 'web view', 'data networks architecting', 'cli', 'telecommunication', 'network troubleshooting', 'layer 3 protocols', 'ipms and qos management', 'unix system programming', 'solution architecture']"
Data Architect,"['coding', 'database security', 'database schema design', 'nosql', 'data modeling', 'data virtualization', 'big data architecture', 'database performance optimization', 'data architecture', 'data analysis']"
Data Architect,"['apache hive', 'hadoop', 'api integration', 'apache spark', 'r or python', 'big data management', 'data science', 'sql']"
Data Architect,"['power bi', 'data governance', 'python', 'cognos', 'metadata management', 'business intelligence platform development', 'bi tools', 'r programming', 'data warehouse development', 'database architecture', 'data modeling', 'er/studio', 'tableau', 'sql', 'e.g.', 'modeling tools', 'erwin']"
Data Architect,"['adobe aem', 'html 5']"
Data Architect,"['mapreduce', 'hadoop', 'business objects', 'spark', 'hive', 'd3', 'unix scripting', 'rdbms', 'kafka', 'talend', 'informatica', 'in-memory databases', 'splunk', 'machine learning', 'sas', 'graph databases', 'tableau', 'teradata', 'r', 'mapr distribution of hadoop', 'nosql', 'python programming', 'edw', 'elt/etl development']"
Data Architect,"['technical skills:', 'technical report review', 'construction observation', 'design review', 'consultant contract management', 'permit monitoring', 'code compliance', 'construction project management', 'architectural/engineering analysis', 'architectural/engineering report review']"
Data Architect,"['hive', 'hbase', 'python', 'big data technologies', 'programming', 'ruby', 'impala', 'data integration', 'pig', 'sql', 'data analysis', 'hdfs']"
Data Architect,"['enterprise database modeling', 'oracle', 'data governance', 'data visualization', 'big data technologies', 'hadoop', 'data integration', 'data modeling', 'enterprise architecture frameworks', 'data warehousing', 'sql server', 'data quality', 'business intelligence', 'cassandra', 'data analysis', 'cloud technologies', 'scripting languages', 'data architecture', 'data management']"
Data Architect,"['query development', 'web architecture', 'relational database concepts', 'css', 'solution design and architecture', 'app architecture', 'html', 'javascript', 'scripting', 'data integration', 'system documentation', 'front end development', 'etl best practices', 'segmentation', 'restful services', 'sql', 'data management']"
Data Architect,"['live demos', 'new features', 'configuring accounts', 'documentation', 'inputting data', 'onboarding', 'customer-facing support']"
Data Architect,"['mapreduce', 'hadoop', 'data lake architecture', 'business objects', 'spark', 'machine learning techniques', 'hive', 'd3', 'unix scripting', 'rdbms', 'kafka', 'talend', 'informatica', 'in-memory databases', 'splunk', 'advanced analytics', 'hadoop distribution', 'sas', 'mapr', 'graph databases', 'tableau', 'teradata', 'r', 'nosql', 'python programming', 'elt/etl development']"
Data Architect,"['project management', 'ada compliance', 'strategic planning', 'internal communication', 'policy development']"
Data Architect,"['enterprise architecture', 'information/data architecture', 'applications architecture', 'information security standards', 'it management', 'emerging technologies', 'database systems management', 'enterprise architecture methodologies', 'it infrastructure', 'infrastructure architecture', 'aps solutions architecture', 'security architecture']"
Data Architect,"['database programming languages', 'data storage and security', 'database backup and recovery', 'data modeling', 'logical design of databases', 'architecture tradeoffs', 'data security management systems', 'data system platforms']"
Data Architect,"['scalability and performance design', 'net', 'big data technologies', 'web analytics', 'mpp databases', 'bi tools', 'agile methodologies', 'etl tools', 'sql databases', 'j2ee', 'hadoop ecosystem']"
Data Architect,"['metadata management platforms', 'power bi', 'r', 'data governance', 'python', 'cognos', 'er/studio', 'sql']"
Data Architect,"['data mapping and conversion', 'project communication', 'user acceptance testing', 'system maintenance', 'functional and data analysis', 'system testing', 'data mapping', 'data conversion tools', 'system design and configuration', 'etl tools and processes', 'documentation management', 'requirements gathering']"
Data Architect,['interpreting codes and processes']
Data Architect,"['customer service', 'report writing', 'research and analysis', 'and policies', 'wacs', 'evidence gathering', 'investigative skills', 'knowledge of laws', 'computer software proficiency', 'conducting interviews', 'quality control', 'legal proceedings', 'regulatory knowledge', 'rules', 'detail-oriented', 'written communication', 'verbal communication']"
Data Architect,"['spark', 'java', 'big data technologies', 'hadoop', 'kafka', 'scala']"
Data Architect,"['ranger', 'agile', 'python', 'hadoop', 'hortonworks', 'qlik', 'data modeling', 'spark', 'hive', 'ldap', 'devops', 'analytics', 'kafka', 'data warehouse', 'tez', 'hbase', 'power bi', 'kerberos', 'knox', 'oozie', 'reporting', 'scala', 'tableau', 'big data', 'extract transform load', 'ad']"
Data Architect,"['basic programming', 'knowledge of statistical packages', 'stata', 'econometric modeling', 'r', 'data visualization', 'data merging', 'sas', 'proofreading', 'editing', 'hlm', 'statistical analysis', 'data cleaning', 'research']"
Data Architect,"['data quality metrics', 'data science model deployment', 'python', 's3', 'hadoop', 'cloud infrastructure optimization', 'programming', 'data pipelines development', 'data modeling', 'search engine', 'aws data management tools', 'olap', 'rdbms', 'data quality maintenance', 'java', 'logical', 'physical data modeling', 'kinesis', 'root cause analysis', 'scala', 'streaming technologies', 'elasticsearch', 'nosql', 'conceptual', 'devops collaboration', 'redshift', 'distributed systems']"
Data Architect,"['data standards', 'data dictionary', 'technology vision', 'microsoft sql server', 'data architecture', 'mongo db', 'technical specifications', 'ssis', 'database engineering', 'sql', 'erd design', 'data warehousing']"
Data Architect,"['python', 'integration testing', 'data modeling', 'distributed development', 'system design', 'saic analytics products', 'deep learning', 'advanced analytics', 'java', 'analytic modeling', 'machine learning', 'apache hadoop', 'c programming', 'apache spark', 'data mining', 'gpu programming', 'cross-functional analytics', 'neural networks', 'architecture', 'big data', 'cuda', 'data science']"
Data Architect,"['quality assurance', 'knowledge of governmental regulations', 'zoning', 'and building codes', 'construction detailing', 'construction administration activities', 'construction knowledge', 'building materials knowledge']"
Data Architect,"['oracle', 'business intelligence concepts', 'oracle development experience', 'hybrid data solutions', 'data modeling', 'hadoop file systems', 'spark', 'big data analytics engines', 'cdc', 'etl/elt', 'talend', 'informatica', 'ab initio', 'data lakes', 'tabular olap', 'database administrator skills', 'mdm and governance platforms', 'ibm', 'etl platforms', 'e.g.', 'streaming', 'azure', 'traditional processes knowledge', 'denormalization', 'microsoft sql', 'data warehouse management', 'columnar databases', 'data science projects', 'event management', 'rapid data solutions development']"
Data Architect,"['application architecture', 'it governance', 'data modeling', 'vendor assessments', 'reliability', 'architecture vision', 'business analysis', 'project management', 'information analysis', 'sla development', 'technical architecture', 'enterprise architecture', 'scalability', 'best practices', 'security', 'prototyping', 'market research', 'enterprise standards', 'solution design', 'application portfolio management']"
Data Architect,"['net', 'python', 'scripting languages', 'business requirements analysis', 'data analytics', 'visualization tools', 'custom solutions architecture', 'file based architectures', 'data normalization', 'enterprise data services', 'mainframe architecture', 'technical requirements translation', 'dbms', 'splunk', 'sql', 'java', 'data quality', 'data summarization', 'data marts', 'enterprise data', 'data reservoirs', 'perl', 'sas', 'alteryx', 'tableau', 'teradata', 'technology infrastructure disciplines', 'multi-tier platform languages', 'data manipulation', 'data containers', 'data management']"
Data Architect,"['software tools evaluation', 'linux', 'oracle', 'python', 'data modeling', 'indexes', 'star schemas', 'on-prem systems', 'kimball design methodology', 'etl development', 'sql', 'bi self-service', 'business process analysis', 'materialized views', 'reporting tools', 'insurance industry knowledge', 'business intelligence', 'partitions', 'pl/sql', 'triggers', 'views', 'cloud technologies', 'big data', 'metadata layer', 'data architecture', 'rdbms technologies']"
Data Architect,"['autocad', 'aec', 'revit', 'structural steel detailing']"
Data Architect,"['database management', 'system design', 'microsoft sql server', 'database technologies', 'net web application', 'python', 'data visualization', 'database design', 't-sql', 'scripting', 'data integration', 'data ingestion', 'crm technologies', 'ssis', 'data architecture', 'data management']"
Data Architect,"['product knowledge', 'virtualization', 'system design', 'it consultation', 'software', 'visio diagram creation', 'tape', 'data deduplication', 'rfis and rfps response', 'disk', 'competitive products knowledge', 'storage management', 'rd party complementary solutions', 'data communication']"
Data Architect,"['microsoft office software', 'data models', 'structured query language', 'client-server and web-based environments', 'database administration', 'healthcare applications and systems', 'hadoop', ""'big data' management"", 'electronic medical record', 'sql', 'data warehouse design', 'epic clarity reporting system', 'data management', 'emr applications']"
Data Architect,"['automation', 'it hardware design', 'it stack integration', 'software engineering', 'electrical engineering', 'mechanical engineering', 'data center design', 'data analysis']"
Data Architect,"['spark', 'java', 'data pipeline management', 'big data mechanics', 'python', 'nosql', 'hadoop', 'kafka', 'stream-processing systems', 'scala', 'sql', 'flink']"
Data Architect,"['data governance', 'data processing flowcharting', 'data security', 'relational databases', 'data modeling', 'backup and disaster recovery', 'web services', 'database design', 'data processing', 'data quality', 'entity relationship planning', 'data privacy practices', 'enterprise data management', 'big data platforms', 'data stewardship', 'data architecture', 'object-oriented programming', 'data management', 'metadata management']"
Data Architect,"['data governance', 'rdbms/sql', 'change and configuration management', 'database design', 'data integration', 'data modeling', 'business intelligence tools', 'data analysis', 'metadata management']"
Data Architect,"['data interpretation', 'microsoft office suite', 'database management', 'advertising', 'sales', 'word', 'excel', 'client experience', 'analytical skills', 'customer relationship management software', 'marketing', 'telephone sales']"
Data Architect,"['openstack', 'paas', 'platform', 'infrastructure', 'i.e. microsoft azure', 'devops', 'saas capabilities', 'aws', 'iaas']"
Data Architect,"['microsoft azure', 'nosql', 'html', 'mrm', 'marketo', 'javascript', 'bigquery', 'ajax', 'php', 'data mining', 'aws', 'sfdc', 'tableau', 'sql', 'microsoft powerbi', 'powerbi', 'json']"
Data Architect,"['data quality', 'science data', 'data governance', 'healthcare data', 'big data', 'analytics', 'data strategy', 'data architecture', 'data management']"
Data Architect,"['technical skills:', ') visio', ') html', ') spss', ') adobe photoshop', ') adobe indesign', ') powerpoint', ') user-interface', ') ethnography', ') adobe fireworks', ') data analysis', 'ui design solutions']"
Data Architect,"['business unit analysis', 'technology portfolio strategy', 'problem-solving', 'facilitation', 'ms office proficiency', 'it governance', 'governance and planning', 'communication skills', 'business architecture', 'stakeholder management', 'business process understanding']"
Data Architect,"['service level architecture development', 'network configuration development', 'xml', 'ethernet switching', 'perl programming', 'resiliency planning', 'php', 'analytics & intelligence development', 'written and verbal communication', 'capacity planning', 'qos mechanisms', 'linux os', 'service provisioning', 'cost-effectiveness analysis', 'oracle database management', 'network automation software development', 'asp.net application development', 'network security assessment', 'sql querying', 'virtualization of network functions', 'sdn knowledge', 'json', 'service validation', 'ipv4 & ipv6 routing', 'network architecture diagramming', 'nfv knowledge', 'python programming', 'technology enhancement', 'asp.net environment proficiency', 'team collaboration']"
Data Architect,"['technical sales', 'oracle', 'business analytics', 'microsoft azure services', 'hadoop', 'relational databases', 'spark', 'hybrid integration', 'internet of things', 'databases and analytics', 'data warehousing', 'hadoop-based design patterns', 'data/iot-related azure services', 'sql server', 'cloud computing technologies', 'nosql databases', 'mysql', 'solution architecture', 'enterprise data lake strategy', 'solution proposal development', 'big data', 'iot', 'architecture and design discussions', 'big data use-cases', 'data architecture']"
Data Architect,"['enterprise architecture', 'master data management', 'erp system design', 'data governance', 'machine learning', 'bigdata', 'ai/ml', 'azure data platform', 'nosql technologies', 'cloud solutions', 'data integration', 'schema design', 'data strategy', 'data architecture', 'information value streams']"
Data Architect,"['architectural design', 'communication', 'planning and programming studies', 'coordination of project documents', 'design drawing', 'revit']"
Data Architect,"['autocad software', 'project management', 'complex design concepts', 'construction oversight/supervision', 'irrigation systems', 'landscape architecture', 'drafting and designing']"
Data Architect,"['db2 luw', 'software development lifecycle', 'database performance tuning', 'sql programming', 'mariadb', 'data migration/conversion', 'database administration', 'stored procedures development', 'database modeling', 'db2 as400', 'mysql', 'agile methodologies', 'data analysis']"
Data Architect,"['financial systems', 'audit analytics', 'python web framework', 'sql queries', 'functional documentation', 'analytics', 'data solutions', 'data analytics', 'data warehouses', 'postgres', 'mssql', 'data science', 'data architecture', 'data analysis', 'mongodb']"
Data Architect,"['asp.net', 'devops ci-cd in tfs', 'signalr', 'ocr', 'c++', 'lar-car', 'ez-c', 'c', 'de2']"
Data Architect,"['data governance', 'big data technologies', 'hadoop', 'relational databases', 'spark', 'hive', 'mysql database schemas', 'master data management', 'redis', 'real-time analytics', 'hive administration', 'aws', 'hadoop administration', 'cassandra', 'pig', 'nosql databases', 'etl processes', 'mongodb', 'architecture/design patterns', 'etl design and development', 'data operations', 'data architecture', 'data warehouse design']"
Data Architect,"['application', 'and systems engineering', 'devops', 'system architecture', 'it infrastructure library', 'network', 'itil', 'network architecture', 'it strategic planning', 'it service management', 'systems/network architecture', 'cloud computing']"
Data Architect,"['hive', 'cloud infrastructure', 'paas', 'pyspark', 'cluster frameworks', 'data architecture & modelling', 'management and hosting', 'rdbms', 'data engineering', 'data warehousing', 'sql', 'distributed computing']"
Data Architect,"['firehose', 'lambda', 'python', 's3', 'spark 2', 'apache airflow', 'sql', 'hadoop ecosystem', 'data warehousing', 'java', 'amazon web services', 'aws services: emr', 'kinesis', 'etl processes', 'data schema', 'tableau', 'mpp databases', 'streaming architectures', 'aws or gcp']"
Data Architect,"['performance and scalability testing', 'data services', 'enterprise development standards', 'information models assessment', 'data migration strategy', 'enterprise architecture fundamentals', 'data governance', 'reporting and analytics', 'data standards development', 'data conversions', 'data integration', 'data modeling', 'data architecture design', 'data design documentation']"
Data Architect,"['oracle', 'datastage', 'agile methodologies', 'erwin', 'goldengate', 'business requirements definition', 'informatica', 'data modeling techniques', 'structured versus unstructured', 'sql server', 'db2', 'etl tools', 'xmi', 'e.g.', 'normalized data structures', 'data storage/access models', 'tools and technology proficiency', 'database platforms', 'data format standards', 'data types']"
Data Architect,"['silicon optimization', 'lab and system debug', 'hardware design', 'debugging', 'performance analysis', 'architecture definition', 'verification']"
Data Architect,"['architecture', 'design and deployment', 'proposals', 'app-cloud services-l3', 'big data', 'non-functional requirements', 'estimation', 'rfps']"
Data Architect,"['automation anywhere', 'process documentation and analysis', 'blue prism', 'technology and architecture concepts', 'process assessment', 'ui path', 'presentation skills', 'system requirements specification', 'rpa platforms', 'rpa concepts', 'problem solving', 'business analysis']"
Data Architect,"['microservices', 'oracle', 'hortonworks', 'hadoop', 'problem-solving skills', 'neptune', 'deployment/orchestration tools', 'j2ee', 'spark', 'java development', 'web-services apis', 'bigquery', 'spring', 'linux systems', 'emr', 'apache', 'e.g.', 'jenkins', 'api management tools', 'azure', 'troubleshooting skills', 'redshift', 'analytical skills', 'google deployments', 'jdbc']"
Data Architect,"['data enrichment', 'multi-cloud reporting', 'business intelligence', 'data visualization', 'data preparation', 'data analysis', 'analytics', 'data modeling', 'data analytics', 'data science', 'data architecture', 'cloud computing', 'metadata management']"
Data Architect,"['spark', 'java programming', 'hive', 'machine learning algorithms', 'big data technologies', 'hadoop', 'akka', 'distributed computing technologies', 'pig', 'scala programming', 'analytics plug-in framework development']"
Data Architect,"['code review', 'deployment planning', 'offshore coordination', 'git version control', 'orchestrator', 'support transition planning', 'software development lifecycle understanding', 'agile methodologies', 'test case review', 'data modeling', 'ssis packages', 'brd interpretation', 'unit testing', 'sql', 'data flow diagrams', 'etl design']"
Data Architect,"['customer journey mapping', 'reporting framework', 'api development', 'data lake infrastructure', 'hadoop', 'apache spark', 'analytics', 'customer data platform development', 'multi-touch attribution', 'data integration', 'big data management', 'data enrichment services', 'data lake implementation', 'data architecture', 'sql', 'kpi measurement']"
Data Architect,"['microsoft office suite', 'adobe analytics', 'extract transform load', 'big data', 'competitive analysis', 'hadoop/teradata', 'aws ecosystem', 'data analytics', 'a/b testing', 'web analytics methodologies', 'multivariate testing', 'sql', 'agile methodology']"
Data Architect,"['permitting process', 'and outlook', 'organizational skills', 'accuracy in data management', 'excel', 'proficiency in ms word']"
Data Architect,"['audit', 'smartview', 'data modeling', 'oracle db', 'business intelligence services', 'governance', 'epm solutions', 'applied gaap', 'backup and recovery operations', 'erp solutions', 'rdbms', 'batch scripting', 'business intelligence analytics', 'financial principles', 'financial and operational metrics', 'multi-dimensional technology', 'data marts', 'functional and architectural design', 'integration', 'excel', 'data planning solutions', 'systems design', 'drm', 'essbase', 'performance tuning', 'fdmee', 'odi', 'test plans', 'report and dashboard design', 'in memory design', 'training', 'requirements gathering', 'cloud computing', 'oracle/hyperion applications']"
Data Architect,"['file sharing applications', 'desktop productivity suites', 'virtual desktop solutions', 'office 365', 'desktop and laptop hardware', 'saas solutions', 'windows desktop os']"
Data Architect,"['spark', 'hive', 'hbase', 'spark streaming', 'linux', 'big data ecosystem', 'nifi', 'storm', 'teradata', 'systems integration', 'hadoop and teradata', 'kafka', 'data pipelines development', 'application development best practices', 'hortonworks hadoop distribution', 'java application development', 'sql', 'java applications deployment']"
Data Architect,"['ci/cd pipeline', 'kotlin', 'cqrs', 'big data technologies', 'actor model', 'hadoop', 'event sourcing patterns', 'functional programming', 'sdlc', 'apache storm', 'tdd', 'kafka design patterns', 'docker', 'microservices design principles', 'automated integration testing', 'ni-fi', 'java', 'hbase', 'kubernetes', 'agile principles', 'apache spark', 'scala', 'kafka streams api', 'clojure', 'e.g.', 'test-driven development', 'specifically akka']"
Data Architect,"['large volume data integration', 'database querying', 'risk reporting', 'performance optimization', 'database applications development', 'financial reporting', 'automated solutions development', 'data integration', 'data modeling', 'data engineering & transformation', 'etl processes', 'data analysis']"
Data Architect,"['performance architecture', 'performance test planning', 'compute benchmarking', 'silicon performance modeling', 'data-flows modeling', 'systemc modeling', 'modeling and analysis', 'cost/benefit analysis']"
Data Architect,"['data governance', 'python', 'data cleansing', 'eg apache spark', 'system management', 'newsql', 'computing resources management', 'industry best practices', 'processing frameworks and technologies', 'sql', 'data processing', 'data storage solutions', 'data management solutions', 'qa/qc', 'git', 'data flow management', 'development tools', 'r', 'data retrievability', 'nosql', 'data wrangling', 'data architecture']"
Data Architect,"['continuous learning', 'communication', 'results orientation', 'collaboration', 'open to differing perspectives', 'critical thinking', 'risk-taking', 'diversity awareness', 'influence', 'leadership', 'vision', 'strategic thinking', 'relationship management', 'innovation', 'non']"
Data Architect,"['automation technology frameworks', 'postgresql', 'dimensional database design', 'microsoft sql server', 'python', 'big data technologies', 'hadoop', 'amazon glue', 'data modeling', 'data transformation', 'sap business objects', 'enterprise datawarehouse design', 'amazon mapreduce', 'web intelligence', 'sql development', 'java', 'amazon redshift', 'data modeling tools', 'data lifecycle understanding', 'cassandra', 'pentaho spoon', 'data aggregation', 'sap hana', 'mysql', 'advanced report design', 'schema design', 'report services', 'extract transform load', 'ssis']"
Data Architect,"['aws iot', 'architecture', 'collaboration', 'reuse practices', 'technical leadership', 'process automation', 'process optimization', 'rfp solutions', 'non-functional requirements', 'enterprise-scale projects']"
Data Architect,"['enterprise architecture', 'business process re-engineering', 'architecture frameworks', 'financial models and budgeting', 'business and it strategy', 'new technology evaluation', 'project planning and management']"
Data Architect,"['data preprocessing and loading', 'database management', 'business analytics', 'data visualization', 'software development', 'enterprise-grade big data solutions', 'systems development', 'hadoop environment support', 'big data applications development', 'data analysis']"
Data Architect,"['metadata definition', 'data dictionary management', 'software engineering techniques', 'relational', 'software engineering lifecycle', 'data modeling - dimensional', 'software engineering leadership', 'business knowledge', 'database knowledge', 'architecture knowledge', 'technical solution design', 'data integration', 'data ingestion', 'data lineage', 'software engineering architecture', 'business analysis', 'data management']"
Data Architect,"['microservices', 'postgresql', 'load balancers', 'lambda', 's3', 'react', 'amazon aws', 'rest-assured', 'docker', 'aws', 'java spring', 'nexus', 'java', 'swagger', 'iam', 'kubernetes', 'jenkins', 'git', 'hp', 'new relic', 'react native', 'junit', 'continuous integration/continuous delivery', 'elasticsearch', 'nosql', 'sns', 'codepipeline', 'ec2']"
Data Architect,"['enterprise architecture standards', 'application architecture', 'enterprise informatics', 'project management', 'security standards', 'project lifecycle', 'software development methodologies', 'data warehouse', 'enterprise it application support', 'vendor management', 'business intelligence', 'analysis and design', 'data analysis', 'implementation', 'infrastructure technologies', 'etl technologies', 'infrastructure standards', 'data management', 'performance management']"
Data Architect,"['data visualization', 'oracle pl/sql', 'data modeling', 'sql/rdbms technologies', 'predictive modeling', 'market research', 'data warehousing']"
Data Architect,"['workday integration', 'azure cloud integration', 'cloud application integration', 'sap integration', 'salesforce integration', 'soap/wsdl integration', 'smart integration', 'api design']"
Data Architect,"['azure data lake', 'power bi', 'data governance', 'microsoft azure', 'hdinsight', 'azure machine learning', 'azure sql data warehouse', 'data security standards', 'data modeling', 'etl processes', 'big data analytics']"
Data Architect,"['revit', 'design and construction documents', 'architectural techniques']"
Data Architect,"['architectural design', 'project specifications', 'construction document preparation', 'revit']"
Data Architect,"['linux', 'oracle', 'hadoop', 'data modeling', 'microstrategy or tableau', 'etl/elt', 'unix', 'shell scripting', 'data warehouse', 'informatica', 'windows', 'bi tools', 'sql server', 'db2', 'stonebranch', 'ms office', 'performance tuning', 'teradata', 'sql programming']"
Data Architect,"['architectural design', 'architectural drawings', 'bim software', 'construction documents', 'revit software', 'building codes knowledge']"
Data Architect,"['postgresql', 'avro', 'data modeling standards', 'spark', 'marathon', 'kafka', 'akka', 'docker', 'talend', 'aws', 'informatica', 'sql', 'aws services', 'scala', 'jenkins', 'mongodb', 'mesos', 'teradata', 'play', 'elasticsearch', 'airflow', 'redshift', 'distributed systems', 'extract transform load', 'soa environment', 'hdfs']"
Data Architect,"['project management', 'rd party data utilization', 'and mobile campaigns', 'dsp and dmp management', 'video', 'cpa', 'digital advertising', 'customer acquisition optimization', 'ctr', 'online display', 'microsoft office proficiency', 'adtech platforms', 'pixels and ad servers', 'completion rate optimization']"
Data Engineer,"['python', 's3', 'hadoop', 'pig/hive', 'dynamodb', 'spark', 'tensorflow', 'aws', 'sql', 'emr', 'java', 'hbase', 'machine learning', 'cassandra', 'scala', 'mongodb', 'r', 'h2o', 'scikit-learn', 'big data', 'data science', 'mllib', 'ec2']"
Data Engineer,"['capistrano', 'unix shell scripting', 'elastic search', 'chef', 'postgre sql 9.2', 'jquery', 'javascript', 'shell scripting', 'ubuntu linux 12.04', 'ruby on rails']"
Data Engineer,"['finite elements simulations', 'micromagnetic simulations', 'design of experiments', 'custom device layout', 'photo mask layout', 'data analysis']"
Data Engineer,"['fluentd', 'python', 'orchestration frameworks', 'production-grade pipelines', 'spark', 'compiled programming languages', 'flume', 'analytics', 'bigquery', 'kafka', 'docker', 'aws lambda', 'sql', 'data warehousing', 'aws emr', 'java', 'aws services', 'data pipelines', 'event-based pipelines', 'business intelligence', 'kinesis', 'ruby', 'scala', 'git', 'big data platforms', 'airflow', 'mpp databases', 'redshift', 'snowflake', 'scripting languages', 'cloud computing', 'compute frameworks']"
Data Engineer,"['and apis', 'tcp/ip network fundamentals', 'unix', 'basic understanding of software', 'guerrilla capacity planning', 'frameworks', 'large-scale internet service architectures']"
Data Engineer,"['python', 'hadoop', 'data warehousing concepts', 'spark', 'hive', 'flume', 'kafka', 'aws', 'data lakes', 'sql', 'emr', 'java', 'amazon web services', 'distributed data architectures', 'data mining', 'nodejs', 'etl processes', 'scala', 'streaming technologies', 'spark streaming', 'fault tolerance', 'relational & multi-dimensional databases', 'continuous integration technologies', 'redshift', 'monitoring and exception handling']"
Data Engineer,"['physical data models', 'data archiving', 'hadoop technology stack', 'data conversion', 'python', 'ms azure', 'php', 'data modeling', 'ssis packages', 'operational data stores', 'daas', 'mssql', 'data as a service', 'erwin', 'data acquisition', 'etl pipeline', 'database design', 'shell scripting', 'kafka', 'data movement', 'query performance tuning', 'aws', 'sql development', 'data warehousing', 'java', 'power bi', 'data pipelines', 'stream sets', 'enterprise architecture tools', 'kinesis', 'data flow analysis', 'mysql', 'postgres', 'leading data engineering teams', 'business intelligence tools', 'streaming services', 'tableau', 'data services', 'disaster recovery', 'big data platforms', 'allfusion', 'debugging databases', 'logical data models', 'enterprise data management strategies', 'microsoft sql', 'redshift', 't-sql', 'analyzing data sets', 'archive/recovery', 'dba', 'data warehouse implementations', 'aris']"
Data Engineer,"['qualification & composites testing', 'material specifications development', 'laboratory test techniques', 'statistical process control', 'equipment development and testing', 'data interpretation', 'technical laboratory maintenance']"
Data Engineer,"['java', 'deployment', 'linux', 'installation', 'capacity planning', 'sql programming', 'troubleshooting', 'software engineering development', 'configuration', 'scripting', 'analytical technologies', 'large datasets management', 'data and bi technologies', 'performance tuning']"
Data Engineer,"['architectural decision-making', 'big data ecosystem', 'hadoop', 'batch processing', 'machine learning infrastructure', 'data warehouses', 'spark', 'kafka', 'data lakes', 'data processing', 'data science infrastructure', 'sql/nosql stores', 'data storage', 'real-time data processing', 'data workflows', 'scalable data pipelines', 'distributed systems', 'data engineering', 'extract transform load', 'data engineering best practices']"
Data Engineer,"['database optimization', 'data pipeline development', 'python', 'aws data and analytics', 'data processing tools', 'monitoring tools development', 'data modeling', 'sql', 'data warehousing']"
Data Engineer,"['custom python scripts', 'python', 'data modeling', 'mssql server', 'data lake environment', 'database technologies', 'sql', 'data warehousing', 'data pipelines', 'distributed compute platforms', 'aws tools', 'bash', 'etl processes', 'data analysis', 'tableau', 'data reporting', 's3/ec2/athena/redshift spectrum/iam', 'data collection', 'data management']"
Data Engineer,"['web-based applications', 'zapier', 'it-related degree', 'osx', 'google suite', 'ifttt']"
Data Engineer,"['coding in python', 'data pipeline development', 'system integration', 'java', 'r', 'statistical programming languages', 'stan', 'go', 'javascript', 'data management systems design', 'perl', 'php', 'julia', 'software engineering tools', 'machine learning fundamentals', 'distributed computing']"
Data Engineer,"['data entry and research', 'protools', 'logic pro', 'ftp', 'audio engineering', 'digital audio workstations', 'technical trends awareness']"
Data Engineer,"['project management', 'ms office', 'technical/software', 'time management', 'database', 'math & statistics']"
Data Engineer,"['quality management systems', 'quality assurance', 'quality improvement plans', 'iso 9001', 'inspection and testing procedures', 'root cause analysis', 'spc', 'process control tools', 'quality control', 'fmea', 'statistical process control', 'api q1']"
Data Engineer,"['python scripting', 'sql']"
Data Engineer,"['fixture alignment', 'tool selection and setup', 'layout techniques', 'quality inspection', 'mathematics', 'assembly', 'precision measurement', 'machine operation', 'control regulation', 'blueprint reading', 'machinability of materials']"
Data Engineer,"['lock-out/tag-out', 'monitoring operating parameters', 'spare parts management', 'operating hot water generators', 'predictive maintenance', 'cmms', 'operating compressors', 'preventive maintenance', 'operating fans', 'computerized maintenance management system', 'operating pumps', 'recording operating data', 'operating cooling towers', 'performing routine maintenance', 'water treatment equipment maintenance', 'repairing equipment', 'operating steam boilers', 'de-energization', 'troubleshooting equipment problems']"
Data Engineer,"['sql server', 'big data technologies', 'sql coding', 't-sql', 'etl/elt tools', 'data quality & administration', 'informatica', 'data automation practices']"
Data Engineer,"['data center', 'virtualization', 'cloud implementation', 'route/switch', 'lan/wan', 'microsoft technologies', 'netapp technologies', 'emc technologies', 'cisco technologies']"
Data Engineer,"['automation', 'big data tools', 'data integrity', 'debugging', 'data visualization', 'database development', 'relational databases', 'data modeling', 'data engineering', 'etl processes', 'api querying', 'data processing', 'data analysis']"
Data Engineer,"['spark', 'python', 'bi tools', 'relational databases', 'agile software methodologies', 'sql', 'hadoop ecosystem']"
Data Engineer,"['report writing', 'troubleshooting', 'biological experiments', 'technical specifications preparation', 'technical data analysis', 'data analysis', 'database extraction']"
Data Engineer,"['python', 'sap hana', 'bobj', 'hadoop / hawq', 'application programming interface', 'sap smart data integration', 'informatica', 'slt', 'sql', 'sap business objects', 'tableau']"
Data Engineer,"['data analysis', 'database design', 'agile practices', 'programming languages and frameworks', 'software development', 'data modeling', 'data engineering', 'analytical thinking', 'sdlc methodologies and practices', 'business analysis', 'data management']"
Data Engineer,"['solid project organization', 'rf electrical modeling', 'cad software proficiency', 'solidworks experience', 'electrical engineering', '2d and 3d', 'microsoft applications proficiency']"
Data Engineer,"['data capture and transformation', 'machine-learning models deployment', 'geospatial data handling', 'software lifecycle tools utilization', 'data pipelines management', 'hadoop distributions', 'data processing frameworks', 'data storage systems', 'data architecture decision-making', 'data querying languages', 'programming languages proficiency', 'software tooling utilization', 'scalable data infrastructure design']"
Data Engineer,"['data development', 'contract preparation', 'computer literacy', 'financial analysis', 'valuations', 'due diligence', 'logistics services', 'coating technologies', 'competitive intelligence', 'business analysis', 'forecasting']"
Data Engineer,"['scripting in node', 'python', 'building migrations in postgresql', 'working with relational databases', 'architecture and design reviews', 'or bash']"
Data Engineer,"['spark', 'data pipeline development', 'hive', 'data quality management', 'big data tools', 'python', 'hadoop', 'real-time and batch etl', 'scripting', 'pig', 'data modeling', 'sqoop', 'data architecture design', 'etl processes', 'cloudera', 'data flow diagrams', 'data management']"
Data Engineer,"['cdsem', 'afm', 'tem', 'python', 'metrology technology', 'matlab', 'programming', 'image based analysis', 'data analysis', 'fib', 'focused ion beam', 'algorithm development', 'sem']"
Data Engineer,"['uat', 'systems integration testing', 'cit', 'user acceptance testing', 'devops', 'waterfall and agile practices', 'infrastructure software testing', 'sit', 'component integration testing']"
Data Engineer,"['70+ wpm', 'electronic document handling', 'scanning', 'data entry', 'typing', 'printing', 'microsoft suite', 'copying']"
Data Engineer,"['data research and analysis', 'cost analysis', 'compliance review', 'project planning', 'change order processing', 'auditing', 'construction record-keeping', 'contract dispute resolution', 'report preparation', 'policy development']"
Data Engineer,"['tof-sims', 'xps', 'project management', 'device physics', 'afm', 'secondary ion mass spectrometry', 'xrd', 'sims', 'dynamic sims', 'ms-sims', 'semiconductor processes', 'aes', 'surface analysis', 'advanced characterization instrumentation']"
Data Engineer,"['aws glue', 'matlab', 'hadoop', 'programming', 'scripting language', 'javascript', 'e.g. java/c', 'map-reduce style problems', 'matplotlib', 'spark', 'hive', 'data mining techniques', 'web development', 'django', 'pandas', 'sql', 'flask', 'dataframe frameworks', 'predictive and decision models', 'analytic tools', 'presto', 'impala', 'aws products and services', 'perl', 'unix shell', 'sas', 'julia', 'ggplot2', 'r', 'networking operations']"
Data Engineer,"['and physical data models', 'gooddata products and services', 'logical', 'multidimensional queries in maql', 'etl development', 'conceptual', 'data warehouse data models', 'metrics and reports', 'end-to-end data pipeline solutions', 'sql', 'dimensional data models', 'optimization of sql queries']"
Data Engineer,"['python', 'matlab', 'javascript', 'svm', 'business objects', 'glm/regression', 'd3', 'knn', 'ggplot', 'random forest', 'naïve bayes', 'java', 'cassandra', 'periscope', 'mysql', 'mongodb', 'tableau', 'r', 'text mining', 'trees', 'social network analysis', 'boosting']"
Data Engineer,"['linux', 'python', 'database programming', 'aws', 'etl tools like talend', 'visualization tools like tableau', 'sql']"
Data Engineer,"['google cloud platform', 'amplitude', 'python or r', 'analytics', 'data engineering', 'google analytics', 'sql', 'data warehousing']"
Data Engineer,"['java programming', 'data structures', 'unstructured data handling', 'algorithms', 'distributed data processing systems', 'nosql', 'python programming', 'performance optimization', 'sql database queries', 'data quality techniques', 'talend', 'informatica', 'data engineering', 'etl tools', 'sql', 'big data analytics platforms', 'aws cloud technologies', 'hdfs']"
Data Engineer,"['fault-tolerant data pipelines design', 'spark/hadoop cluster management', 'scala or java programming', 'distributed systems knowledge', 'knowledge sharing', 'data preparation for analysis', 'data engineering project execution', 'data integrity verification', 'self-serve data analytics promotion']"
Data Engineer,"['java', 'hadoop', 'data stage', 'extract transform load', 'ssis', 'sql']"
Data Engineer,"['systems theory', 'troubleshooting electrical/electronic equipment', 'fault isolation procedures', 'maintenance and repair procedures', 'familiarization with engineering data', 'technical solutions development', 'engineering designs analysis']"
Data Engineer,"['aws services', 'big data technologies', 'python', 'monitoring software', 'data integration', 'software development', 'etl pipelines', 'data modeling', 'data engineering', 'relational databases', 'streaming architectures', 'sql']"
Data Engineer,"['painting', 'heating and cooling', 'plumbing', 'microsoft office outlook', 'electrical', 'engine repair', 'preventive maintenance', 'corrective repair', 'roofing', 'process controls', 'fire alarm systems', 'mechanical power transmissions', 'carpentry', 'work order system', 'hvac systems', 'mechanical systems']"
Data Engineer,"['water resource planning', 'water quality modeling', 'access', 'autocad', 'microsoft office proficiency', 'environmental regulations knowledge', 'proposal preparation', 'gis', 'data analysis']"
Data Engineer,"['switched fibrechannel fabrics', 'fc-sw', 'host-based data administration', 'volume administration', 'scsi', 'fcp', 'data modeling', 'fibrechannel storage systems', 'scsi diagnosis', 'lun masking', 'multipathed configuration', 'uml diagramming']"
Data Engineer,"['data management software', 'maintenance', 'software design', 'debugging', 'documentation', 'root cause analysis', 'storage archive systems', 'testing', 'implementation']"
Data Engineer,"['power supply systems', 'basic circuit troubleshooting', 'vendor management', 'cabling management', 'ups systems', 'asset tracking', 'fire suppression systems', 'quality control', 'disaster recovery documentation', 'hvac systems', 'dc rectifiers']"
Data Engineer,"['java', 'frontend development', 'code review', 'scalability', 'system design', 'machine learning', 'workflow language', 'python', 'stability', 'backend development', 'efficiency optimization', 'php', 'software engineering', 'hack', 'scala', 'data processing']"
Data Engineer,"['scrum', 'agile', 'data orchestration', 'microsoft azure', 'data security standards', 'data integration', 'data modeling', 'query techniques']"
Data Engineer,"['lambda', 'linux', 'storm', 's3', 'dataframes/datasets api', 'dynamodb', 'spark', 'ansi sql', 'kafka', 'aws', 'java', 'cassandra', 'kinesis', 'spark structured streaming', 'scala', 'sparksql', 'distributed data processing frameworks', 'distributed systems', 'rdds']"
Data Engineer,"['storm', 'python', 'spark', 'vertica', 'network analysis', 'kafka', 'sql', 'deep learning', 'java', 'hbase', 'c++', 'cassandra', 'data science/machine learning', 'mysql', 'postgres', 'scala', 'mongodb', 'flink', 'r', 'unix/linux', 'natural language processing', 'elasticsearch']"
Data Engineer,"['d and 3d design', 'layout design', 'graphic design', 'print industry knowledge', 'packaging design', 'adobe creative cloud', 'printing specifications', 'digital photography']"
Data Engineer,"['spark', 'java', 'continuous integration', 'data pipeline development', 'apache airflow', 'python', 'infrastructure setup and maintenance', 'distributed systems', 'data organization', 'data integration', 'data modeling', 'aws', 'data transformation', 'scala', 'sql', 'testing']"
Data Engineer,"['mapreduce', 'nifi', 'python', 'php', 'stored procedures', 'unstructured data designs', 'agile environment', 'spark', 'hive', 'capacity planning', 'qlikview', 'saas environment', 'data stage', 'informatica', 'ab initio', 'sql', 'hadoop ecosystem', 'bi tools', 'java', 'hbase', 'cloud environment', 'ruby', 'sas', 'pig', 'nosql databases', 'etl tools', 'scala', 'tableau', 'r', 'big data', 'spark jobs', 'bi systems', 'hdfs']"
Data Engineer,"['client-side development', 'adobe analytics', 'tagging strategies', 'front-end debugging', 'data quality audits', 'technical requirements translation', 'qa analytics implementations', 'javascript', 'data analytics', 'data collection']"
Data Engineer,"['integration', 'systems design', 'update']"
Data Engineer,"['automotive system testing', 'apple carplay', 'certification support', 'test and validation activities', 'data collection', 'test report generation', 'test bench preparation', 'android auto']"
Data Engineer,"['ci methodologies', 'process design', 'human factors design', 'statistical analysis', 'benchmarking systems', 'continuous improvement', 'project management', 'tqm', 'communication methods', 'value stream mapping', 'lean', 'six sigma', 'total quality management', 'excel', 'midas', 'problem-solving tools', 'data analysis tools', 'theory of constraints', 'best practices research', 'process improvement', 'access', 'change management', 'performance metrics']"
Data Engineer,"['spark', 'data pipelines', 'big data tools', 'hadoop', 'splunk']"
Data Engineer,"['packaging r&d', 'dynamics and tappi testing', 'mock-up creation', 'new package development', 'testing data interpretation', 'sap', 'cross-functional collaboration', 'eclips', 'tops', 'plm', 'systems work']"
Data Engineer,"['geospatial environment', 'python', 'recognition and classification algorithms', 'computing on the cloud', 'neural networks/deep learning', 'machine learning techniques', 'numba', 'pandas', 'data processing', 'distributed data systems', 'xarray', 'dask', 'cloud services', 'ml software frameworks', 'gaussian processes', 'scikit-learn', 'statistics', 'signal processing', 'python stack']"
Data Engineer,"['product development', 'hardware engineering', 'engineering change order', 'statistical data analysis', 'product life cycle management', 'fiber optic cables', 'eco', 'mechanical engineering']"
Data Engineer,"['macro-economic analysis', 'databricks', 'linear regression', 'python programming', 'kpi tracking', 'time series analysis', 'performance optimization', 'redshift', 'distributed systems', 'data manipulation', 'data troubleshooting', 'mysql', 'software development', 'aws', 'sql', 'data analysis', 'big data processing']"
Data Engineer,"['etc', 'proficiency with python', 'red hat', 'perl', 'linux environment administration']"
Data Engineer,"['prototype testing', 'design for manufacturing', 'ms office suite', 'root cause analysis', 'd/3d cad software', 'engineering knowledge', 'dfm', 'program-specific design documentation', 'product design']"
Data Engineer,"['maintenance and support', 'automation solutions', 'sop development', 'laboratory duties', 'data archiving systems', 'cloud-based solutions', 'process improvement', 'policy development', 'data management']"
Data Engineer,"['hosted and cloud services', 'hadoop security', 'data retention policies', 'nosql', 'threat modeling', 'native database protection solutions', '3des', 'ecc', 'aes', 'sha', 'comprehensive architecture specifications', 'data exfiltration techniques', 'rsa', 'big data security', 'intrusion detection/prevention', 'event correlation', 'cryptographic algorithms', 'secure application development']"
Data Engineer,"['data pipelines', 'infrastructure design', 'machine learning models', 'microsoft azure', 'data preparation', 'batch/real-time data solutions', 'cloud technologies', 'ci/cd pipelines', 'data engineering', 'feature extraction', 'data validation', 'agile methodology', 'infrastructure as code', 'data quality standards']"
Data Engineer,"['p2v conversion', 'storage solutions', 'data center virtualization', 'hyper-v', 'dell isilon', 'emc', 'performance testing', 'fca technologies', 'netapp', 'cisco ucs', 'fcoe', 'simplivity', 'hyperconverged solutions', 'e.g.', 'vmware', 'disaster recovery', 'isci', 'hp nimble', 'storage networking']"
Data Engineer,"['algorithm engineering', 'machine learning', 'r', 'python', 'c++', 'matlab', 'statistics', 'microsoft azure ml', 'c', 'aws ml', 'computer vision', 'applied mathematics', 'deep learning']"
Data Engineer,"['design-of-experiments', 'python', 'excel vba', 'experimental design', 'programming in matlab', 'energy conversion devices', 'experimental electrochemical methods']"
Data Engineer,"['android', 'aws', 'react + redux', 'sql', 'ruby on rails']"
Data Engineer,"['oracle', 'python', 'big data technologies', 'hadoop', 'ms azure', 'cloud platforms', 'data modeling', 'hive', 'informatica', 'aws', 'sql', 'analytic tools', 'pl/sql', 'mysql', 'alteryx', 'implementation', 'etl design', 'and maintenance', 'google cloud platform', 'advanced sql', 'columnar databases', 'data engineering', 'extract transform load']"
Data Engineer,"['mathematics/statistics', 'high performance computing', 'python', 'hadoop', 'programming languages', 'computer programming', 'spark', 'kafka', 'c', 'sql', 'big data ecosystems', 'java', 'database & etl technologies', 'software development', 'predictive modeling techniques', 'scala', 'e.g.', 'security risks and vulnerabilities', 'r', 'data engineering', 'extract transform load']"
Data Engineer,"['network topology', 'python', 'programming', 'data modeling', 'druid', 'forecasting', 'spark', 'hardware capacity planning', 'production data pipelines', 'software engineering', 'hive/hadoop', 'sql', 'java', 'data quality', 'scalability', 'distributed data stores', 'data pipelines', 'real-time/stream processing frameworks', 'network traffic flow', 'deployment efficiency', 'schema design', 'scala', 'flink', 'data structures', 'automation', 'communication', 'elasticsearch', 'scale', 'data engineering', 'failure prediction', '###']"
Data Engineer,"['internal tools', 'data processes', 'data consistency', 'python', 'data onboarding', 'data troubleshooting', 'mysql']"
Data Engineer,"['harvesting cycles', 'polyculture', 'permaculture', 'seeding and transplanting', 'heirloom varieties', 'greenhouse maintenance', 'organic vegetable farming', 'csa farm experience', 'irrigation methodologies', 'composting', 'farm machinery operation']"
Data Engineer,"['spark', 'java', 'storm', 'elastic search', 'hadoop', 'batch processing', 'real-time processing', 'shell scripting', 'kafka', 'scala', 'data architecture']"
Data Engineer,"['desktop support', 'troubleshooting', 'documentation', 'preventative maintenance', 'software applications', 'remote management systems', 'inventory management', 'hardware installation/upgrades', 'network connectivity']"
Data Engineer,"['creating', 'lambda', 'google analytics/segment', 'data modeling/warehousing architecture', 'python', 's3', 'sqs', 'strong sql/rds', 'looker', 'maintaining', 'redshift', 'kinesis', 'etc.', 'talend', 'aws core services', 'and monitoring etl jobs', 'ec2', 'tableau']"
Data Engineer,"['microsoft .net suite', 'api development', 'python', 'matlab', 'docker', 'etl pipelines', 'software engineering', 'ms sql server', 'cloud and distributed computing', 'java', 'vendor application software evaluation', 'mongodb', 'relational database design', 'r', 'nosql', 'pentaho', 'data engineering', 'extract transform load', 'data science']"
Data Engineer,"['vba', 'coding', 'data enrichment', 'access', 'data visualization', 'data cleansing', 'excel', 'data structuring and analysis', 'data transformation', 'sql']"
Data Engineer,"['proficiency in microsoft office', 'developing cost estimates', 'project engineering', 'estimating labor', 'designing and engineering solutions', 'writing scope of work']"
Data Engineer,"['integrated audio systems support', 'mac os x support', 'microsoft systems', 'vmware desktop products experience', 'collaborative technologies support', 'desktop architecture build understanding', 'pc hardware architecture knowledge', 'network implementation knowledge', 'comprehensive av deployments support', 'it experience', 'support for desktop applications', 'win 10 support']"
Data Engineer,"['hive', 'hbase', 'spark streaming', 'object-oriented programming languages', 'working with distributed systems', 'redshift etc.', 'or python', 'hdfs', 'programming in java', 'kinesis', 'writing sql statements', 'aws data warehouses', 'kafka', 'scala', 'elastic search analytics', 'sparksql', 'big data stack: hadoop', 'apache flink']"
Data Engineer,"['coding', 'technical communication', 'troubleshooting', 'debugging', 'problem-solving', 'integration', 'system architecture', 'sql', 'data analysis']"
Data Engineer,"['homegrown', 'database navigation', 'sql querying', 'customer relations', 'troubleshooting', 'problem-solving', 'sis', 'escalation management', 'technical documentation creation', 'source code diagnosis', 'sla monitoring', 'lms', 'data analysis', 'issue tracking']"
Data Engineer,"['project management', 'capacity planning', 'inventory analysis', 'six sigma', 'production control', 'real-time dispatching systems', 'lean manufacturing', 'automated scheduling systems', 'semiconductor manufacturing', 'data analysis']"
Data Engineer,"['program planning', 'production engineering', 'process engineering', 'control engineering', 'controls engineering', 'computer engineering', 'quality control', 'lean manufacturing principles', 'mechanical engineering', 'virtual manufacturing', 'electronic record systems', 'material planning and logistics', 'statistical software', 'manufacturing engineering', 'data analysis', 'maintenance engineering', 'program delivery', 'autocad', 'electrical engineering', 'industrial engineering']"
Data Engineer,"['scala on spark', 'linux', 'jira', 'oracle', 'nifi', 'python', 'relational databases', 'data modeling', 'jvm-based programming languages', 'confluence', 'kibana', 'talend', 'sql', 'java', 'db2', 'machine learning', 'etc.', 'nosql databases', 'postgres', 'scala', 'git', 'mongodb', 'natural language processing', 'elasticsearch', 'text mining', 'google tensorflow', 'groovy']"
Data Engineer,"['technical skills:', 'spark', 'hive', 'hbase', 'aws services', 'business intelligence', 'python', 'big data technologies', 'etl development', 'hadoop', 'redshift', 'pig', 'data modeling', 'data engineering', 'database engineering', 'data warehousing']"
Data Engineer,"['java or python development', 'visualization capabilities', 'exploration capabilities', 'big data technologies', 'platform infrastructure', 'hadoop', 'proof of concepts', 'data processing pipelines']"
Data Engineer,"['chemical engineering', 'autocad and visio software', 'adiabatic cooling processes', 'building management system', 'bms programs', 'operations of critical facilities', 'hvac systems']"
Data Engineer,"['microsoft office products', 'kofax-accent capture processes', 'record retention systems', 'faa maintenance compliance records', 'recordkeeping regulations', 'typing and 10-key proficiency', 'maintenance mainframe tracking systems']"
Data Engineer,"['decision support', 'predictive analytics', 'business intelligence', 'data visualization', 'analytics', 'data integration', 'software development', 'analytical tools implementation', 'data wrangling', 'workflow design']"
Data Engineer,"['macros', 'cad', 'excel', 'creo', 'data analysis']"
Data Engineer,"['java', 'lambda', 'aws s3', 'emr/spark', 'python', 'cloud technologies', 'distributed data processing', 'apache spark', 'database design', 'data modeling', 'open source libraries', 'scala', 'big data analytics', 'sql/nosql/mpp']"
Data Engineer,"['calibration', 'data analysis', 'lab equipment maintenance', 'testing']"
Data Engineer,"['data pipeline automation', 'google analytics api', 'facebook business manager api', 'data governance', 'python', 'devops tools', 'analytics', 'database tuning', 'relational databases', 'data warehouse', 'schema design', 'r coding', 'amazon aws services', 'sql', 'query optimization', 'visualization software']"
Data Engineer,"['cisco certifications', 'troubleshooting', 'information technology', 'computer science', 'networking', 'data security', 'cloud computing', 'cisco technologies']"
Data Engineer,"['asme bpe', 'lab-scale testing', 'asme', 'project management', '3-a', 'quality issue resolution', 'cad software', 'industry standards knowledge', 'technical content creation', 'product application and sizing', 'crn']"
Data Engineer,"['staad-pro', 'concrete and steel design', 'txdot bridge detailing manual', 'aashto standards', 'civil engineering', 'railroad coordination', 'bgs', 'bridge geometry system', 'design-build projects', 'pgsuper', 'design of transportation structures', 'finite element modeling', 'spcol', 'd modeling', 'cadd', 'lrfd', 'txdot bridge design manual', 'freight railroad bridge design', 'lpile', 'rcpier', 'microstation']"
Data Engineer,"['version control', 'and predictive analytics', 'software engineering best practices', 'jira', 'python', 'data integration', 'business objects', 'scripting and programming languages', 'qlikview', 'database integration', 'informatica', 'c', 'java', 'data mining', 'business intelligence tools', 'git', 'tableau', 'spotfire', 'cognos', 'statistics', 'ssrs', 'microstrategy', 'tfs', 'data systems design', 'data processing pipelines']"
Data Engineer,"['machine learning', 'analytical processes', 'distributed systems', 'data engineering', 'multi-tier systems', 'end-to-end system design']"
Data Engineer,"['microsoft bids', 'sharepoint', 'ssrs', 'database administration', 'ssis', 'etl processes', 'sql', 'ssas']"
Data Engineer,"['columnar', 'kotlin', 'data modeling', 'relational', 'go', 'ml and data science', 'bigtables', 'asynchronous architectures', 'software performance analysis', 'hadoop ecosystem', 'denormalized data models', 'java', 'machine learning', 'cassandra', 'c++', 'database methodologies', 'scala', 'nosql', 'apis design and implementation', 'distributed systems', 'capacity and demand planning', 'e.g. spark/storm/hbase', 'e.g. hbase']"
Data Engineer,"['mapreduce', 'python', 'big data technologies', 'hadoop', 'javascript', 'data processing algorithms', 'spark', 'hive', 'go', 'flume', 'tensorflow', 'data processing software', 'java', 'c++', 'pig', 'software development', 'sparkml', 'mongodb', 'technical consulting', 'nosql']"
Data Engineer,"['mlag', 'linux', 'network maintenance', 'vendor support escalations', 'python', 'ospf', 'vss', 'juniper mx', 'network engineering', 'expect/tcl', 'networking troubleshooting', 'performance analysis and optimization', 'arista switches', 'vpc', 'hsrp', 'bsd', 'bgp', 'bash', 'perl', 'cisco catalyst 6500', 'cisco switches', 'cisco nexus 7000', 'vrrp', 'mpls']"
Data Engineer,"['and storage equipment', 'cisco', 'troubleshooting network', 'data center documentation maintenance', 'server hardware components knowledge', 'dell', 'juniper', 'experience with dcim tools', 'server', 'netapp', 'and storage issues', 'data center design knowledge']"
Data Engineer,"['performance evaluation', 'sensor modeling', 'probabilistic environment representation', 'occupancy grid-based segmentation', 'video', 'semantic occupancy grids', 'd occupancy grids', 'lidar', 'particle-based occupancy grids', 'computational geometry', 'radar', 'algorithm development', 'classification and tracking']"
Data Engineer,"['sql server', 'database navigation', 'software documentation', 'data conversion', 'core data migration technologies', 'data cleansing', 'oracle database management systems', 'data validation', 'data loading', 'data profiling', 'sql', 'data analysis']"
Data Engineer,"['mapreduce', 'big data technologies', 'hadoop', 'programming', 'reporting tools like tableau', 'olap modules', 'hive', 'real-time analytics', 'metrics generation and presentation', 'sql', 'java/python/ruby/scala', 'hbase', 'data deep dives', 'data warehousing technologies', 'business intelligence', 'pig', 'data mining', 'nosql database', 'teradata', 'big data', 'cubes', 'kafka/storm data pipelines']"
Data Engineer,"['statistical modeling', 'azure paas', 'power bi', 'microsoft data assets/systems', 'dax', 'machine learning', 'excel', 'tom', 'data science', 'sql', 'ssas tabular modeling']"
Data Engineer,"['data structures', 'statistical techniques', 'data sources', 'testing methodologies', 'analytical algorithms', 'data mining', 'sql', 'kpi development', 'data processing', 'data blending tools']"
Data Quality Manager,"['customer service', 'ultipro payroll system knowledge', 'data entry', 'excel', 'data mining', 'reporting', 'hris experience', 'process improvement', 'sap']"
Data Quality Manager,"['budget management', 'supervision', 'report generation', 'compliance', 'program management', 'grant administration', 'document management', 'data analysis', 'technology implementation']"
Data Quality Manager,"['microsoft excel', 'project management', 'microsoft access', 'database management', 'quality monitoring', 'technical reporting systems', 'data analysis']"
Data Quality Manager,"['it resource management', 'business analytics', 'training and development programs', 'team facilitation', 'word', 'microsoft office', 'excel', 'interpersonal skills', 'quality control', 'policy and process documentation', 'analytical skills', 'pc skills', 'process improvement', 'provider network management', 'data analysis', 'performance management']"
Data Quality Manager,"['web applications', 'financial services operations', ""emoney advisor's products"", 'data entry management', 'policy and procedure development', 'quality review', 'process improvement', 'financial document interpretation', 'prioritization']"
Data Quality Manager,"['compliance/process auditing', 'nonconformance trend assessment', 'statistical analysis', 'project management', 'customer complaint management', 'supply chain management', 'software development life cycle', 'quality assurance measures establishment', 'internal compliance audits', 'process improvement techniques', 'government security clearance', 'project quality plan review', 'sdlc knowledge', 'pdca', 'value stream mapping', 'root cause analysis', 'data privacy knowledge', 'ishikawa', 'qms development', 'ram', 'quality assurance standards establishment', '8d car', 'fmeca', 'risk management', 'quality management system']"
Data Quality Manager,"['quality management systems', 'statistical quality control', 'spc', 'sqc', 'statistical process control', 'iso certification']"
Data Quality Manager,"['curriculum development', 'web authoring', 'learning management systems', 'data centers', 'program management', 'google products', 'user account administration', 'lms', 'cloud computing', 'sql databases', 'technical training content development']"
Data Quality Manager,"['project management', 'data system integration', 'system tools evaluation', 'crm management', 'error troubleshooting', 'salesforce administration', 'data quality monitoring', 'custom salesforce development', 'data management']"
Data Quality Manager,"['code review', 'resource planning', 'test strategy', 'defect management', 'test automation', 'root cause analysis', 'project estimation', 'data modeling', 'test execution', 'sql']"
Data Quality Manager,"['testing automation tools', 'agile', 'programming', 'selenium', 'business requirements analysis', 'issue tracking', 'automated ui testing', 'waterfall', 'ms excel', 'ms word', 'scripting', 'test cases', 'iterative', 'quality assurance', 'documentation', 'ms powerpoint', 'api testing', 'software testing', 'ms visio', 'ms project', 'process flows', 'e.g.', 'etl testing', 'test plans', 'jmeter', 'soapui', 'sdlc methodologies']"
Data Quality Manager,"['quality assurance', 'contract review', 'supplier assessment', 'technical data analysis', 'communication skills', 'pre-award surveys', 'risk management']"
Data Quality Manager,"['project management', 'budget management', 'strategic planning', 'community outreach', 'data analysis']"
Data Quality Manager,"['java', 'net', 'project management', 'test procedures', 'quality standards', 'database management', 'project tracking', 'program coding', 'microsoft office', 'application development', 'communication skills', 'problem solving', 'systems design']"
Data Quality Manager,"['product training', 'financial analysis', 'pricing analysis', 'product innovation', 'market analysis', 'partnership and licensing assessment', 'analytical dashboards creation', 'product launch management', 'business requirements understanding', 'p&l management', 'development activities oversight', 'relationship management', 'product planning and execution', 'requirements analysis']"
Data Quality Manager,"['program evaluation', 'reporting', 'data collection', 'problem solving', 'data tracking']"
Data Quality Manager,"['microsoft excel', 'microsoft outlook', 'microsoft word']"
Data Quality Manager,"['electrical', 'understanding of pumping systems', 'chemical', 'strong knowledge of mechanical', 'and biological components']"
Data Quality Manager,"['ms office applications', 'hris', 'hr information systems', 'payroll processing']"
Data Quality Manager,"['heavy duty truck aptitude', 'word', 'and outlook']"
Data Quality Manager,"['scam database', 'surveillance case investigation', 'laboratory data management', 'philadelphia hiv reporting regulations', 'surveillance case management', 'adult case report form', 'cdc requirements', 'sas', 'hiv testing algorithm', 'ehars', 'data quality checks', 'enhanced hiv reporting system']"
Data Quality Manager,"['quality assurance', 'ms office', 'access', 'word', 'excel', 'pivot tables', 'data validation', 'powerpoint', 'search engines', 'data interpretation', 'data analysis', 'business research tools']"
Data Quality Manager,"['ekg performance', 'progressive mobility guidelines implementation', 'patient handling equipment usage', 'patient safety monitoring', 'patient monitoring']"
Data Quality Manager,"['data governance', 'enterprise data initiatives', 'data mapping', 'data integration', 'architecture design', 'informatica', 'extract transform load', 'elt', 'agile development methodologies']"
Data Quality Manager,"['laboratory information system', 'quality assurance participation', 'equipment operation', 'data entry', 'lis operation', 'osha guidelines', 'handling and processing specimens', 'laboratory procedures adherence', 'knowledge of safety', 'infection control']"
Data Quality Manager,"['record', 'familiarity with mydata portal', 'powerschool unified classroom', 'ability to script', 'edit', 'excel', 'and produce training videos', 'and other assessment tools', 'google', 'powerpoint', 'moodle', 'proficient in word']"
Data Quality Manager,"['cnc programming', 'workflow management', 'allocations management', 'autocad', 'production scheduling', 'production planning', 'quality management', 'inventory management', 'expediting work orders', 'sigmanest']"
Data Quality Manager,"['communication', 'especially excel', 'microsoft office', 'reporting', 'data analysis', 'quality planning tools']"
Data Quality Manager,"['financial analysis', 'marketing strategy execution', 'sales strategy implementation', 'budgeting', 'inventory management']"
Data Quality Manager,"['research methods', 'statistical analysis software', 'database systems', 'data visualization', 'data collection methods', 'program evaluation', 'quantitative and qualitative analysis', 'microsoft office proficiency', '###']"
Data Quality Manager,"['learning and development', 'learning management systems', 'training material development', 'program and project management', 'lms', 'certification programs', 'data analysis']"
Data Quality Manager,"['equipment operation', 'troubleshooting', 'assembly', 'preventative maintenance', 'quality control', 'lean manufacturing', 'data collection', 'continuous improvement']"
Data Quality Manager,"['defect tracking', 'quality assurance', 'software application development', 'documentation writing', 'information systems', 'and network environments', 'qa methodologies', 'compatibility testing', 'program evaluation', 'pc', 'test script writing', 'test plan creation', 'mainframe', 'data analysis', 'operations systems']"
Data Quality Manager,"['document control', 'iso 13485 compliance', 'cfr820 compliance', 'equipment calibration', 'iso 17025 compliance', 'process improvement', 'supplier qualification', 'quality audit management', 'data analysis', 'quality management system']"
Data Quality Manager,"['microsoft office suite', 'sql programming', 'data visualization', 'python programming', 'data analytics strategy', 'data product development', 'r programming', 'database technologies knowledge']"
Data Quality Manager,"['programmatic advertising', 'telecommunication', 'data management platforms']"
Data Quality Manager,"['internal auditing', 'quality assurance', 'compliance monitoring', 'trackwise report management', 'non-conformity identification', 'training management system', 'regulatory compliance', 'audit conducting', 'sop adherence', 'external audit hosting', 'documentation management', 'training coordination', 'process assessments', 'corrective action planning']"
Data Quality Manager,"['quality management systems', 'financial analysis', 'standard operating procedures', 'root cause analysis', 'quality tools and applications', 'compliance with regulatory standards', 'rca', 'quality audits', 'sops']"
Data Quality Manager,"['customer service', 'microsoft office suite', 'financial analysis', 'budget management', 'microsoft dynamics crm', 'profit and loss analysis', 'sales leadership']"
Data Quality Manager,"['quality assurance', 'fabric inspections', 'quality procedures definition', 'supplier processes review', 'product testing', 'quality control', 'production processes knowledge', 'statistical analysis', 'aql audits']"
Data Quality Manager,"['quality assurance', 'quality management systems integration', 'statistical quality control', 'root cause analysis', 'compliance management', 'spc', 'problem-solving methodologies', 'communication skills', 'sqc', 'etc.', 'lean manufacturing', 'statistical process control', 'fmea', 'process improvement', '6-sigma', 'data analysis']"
Data Quality Manager,"['quality assurance', 'jobsite audits', 'quality control', 'regulatory compliance knowledge', 'documentation management']"
Data Quality Manager,"['patient education', 'discharge planning', 'health care plan development', 'electronic health record management', 'outcome tools utilization', 'utilization of practice technology', 'medical record keeping']"
Data Quality Manager,"['quality management systems', 'quality assurance', 'analytical chemistry', 'microsoft office', 'problem-solving skills', 'regulatory compliance', 'food safety', 'quality control', 'capa investigations', 'microbiology', 'gfsi standards', 'fsma standards', 'analytical skills', 'haccp/harpc', 'pcqi certification', 'haccp', 'documentation management']"
Data Quality Manager,"['performance evaluation', 'safety standards compliance', 'budget management', 'financial performance monitoring', 'project management', 'legal compliance', 'marketing strategy development', 'operating expense management', 'equipment procurement', 'recruitment and staffing', 'data analysis']"
Data Quality Manager,"['gcps', 'data analysis programming', 'standard crfs', 'regulatory guidelines', 'unique crfs', 'edc systems', 'data discrepancy resolution', 'fda guidelines', 'ich guidelines', 'bioclinica express', 'meddra/who-drug coding', 'edit check specifications', 'clinical data management']"
Data Quality Manager,"['problem-solving skills', 'reporting skills', 'critical thinking skills', 'communication skills', 'excel proficiency', 'microsoft office proficiency', 'system and product knowledge']"
Data Quality Manager,"['case report forms', 'sivs', 'internal and external audits', 'clinical research data collection', 'data entry', 'crfs', 'protocol management', 'monitoring visits', 'patient data abstraction', 'ongoing study coordination', 'reporting for sponsoring agencies', 'site initiation visits', 'adverse event reporting', 'data management']"
Data Quality Manager,"['biostatistics', 'pma', 'k', 'medical device/pharmaceutical industry knowledge', 'nda', 'clinical trials management', 'or bla experience', 'clinical/scientific research', 'data management']"
Data Quality Manager,"['oracle', 'data governance', 'excel vba', 'data quality testing', 'ms office applications', 'regulatory initiatives', 'extract transform load', 'data cleansing', 'basel ii', 'dodd frank', 'informatica', 'data lineage', 'data warehouse', 'data profiling', 'basel iii', 'sql', 'data analysis', 'ccar']"
Data Quality Manager,"['metrics development', 'database querying', 'document compilation', 'report generation', 'gas quality information analysis', 'contract administration', 'quality management', 'microsoft office suite', 'birst', 'ms excel', 'ms word', 'data compilation and maintenance', 'reporting tools', 'ms powerpoint', 'process improvement', 'e.g.', 'data analysis', 'invoice tracking', 'prontoforms']"
Data Quality Manager,"['iso program management', 'root cause analysis', 'quality control management', 'process engineering', 'statistical analysis', 'process improvement', 'quality management system']"
Data Quality Manager,"['vendor management', 'event planning', 'program planning', 'budgeting', 'staff recruitment and supervision', 'registration management', 'marketing', 'data management']"
Data Quality Manager,"['sqf system', 'quality assurance', 'supplier management', 'tqm', 'total quality management', 'food safety', 'qa', 'manufacturing process optimization', 'process improvement', 'document management', 'data analysis', 'kpis']"
Data Quality Manager,"['iso', 'quality systems', 'fsma', 'food-related qa theory', 'microsoft office applications', 'project management methodologies', 'haccp']"
Data Quality Manager,"['electrical equipment quality', 'data center infrastructure', 'connectivity hardware quality', 'mechanical equipment quality', 'manufacturing quality engineering', 'product lifecycle management', 'technical program management', 'fiber optic technology']"
Data Quality Manager,"['data reporting', 'longitudinal datasets', 'data analysis', 'database design', 'redcap', 'microsoft office applications', 'sas programming', 'data cleaning', 'research project management', 'data management', 'research instrument design']"
Data Quality Manager,"['supplier quality management', 'quality assurance', 'as9100', 'mrp/erp systems', 'root cause analysis', 'microsoft office', 'part 145', 'data analysis', 'performance metrics', 'continuous improvement']"
Data Quality Manager,"['microsoft excel', 'problem solving', 'microsoft word', 'healthcare billing', 'windows operating system', 'welligent ehrs', 'system optimization', 'compliance monitoring', 'electronic health record system', 'ehrs', 'microsoft outlook', 'data analysis', 'financial auditing']"
Data Quality Manager,"['program management', 'risk identification', 'tco', 'cmms', 'computerized maintenance management system', 'predictive maintenance solutions', 'financial analysis', 'vsm', 'roi', 'value stream mapping', 'data center maintenance', 'eam', 'enterprise asset management', 'communication', 'reliability centered maintenance', 'return on investment', 'rcm', 'project lifecycle management', 'total cost of ownership']"
Data Quality Manager,"['microsoft word', 'adobe acrobat', 'medical/clinical terminology', 'regulatory compliance', 'research conduct', 'excel', 'clinical trials', 'data analysis', 'data management']"
Data Quality Manager,"['programming', 'agile project management', 'spss', 'data security', 'data modeling', 'business analysis', 'microsoft office suite', 'project management', 'application development', 'sql', 'software development life cycles', 'crystal reports', 'e.g.', 'admission crm', 'requirements analysis', 'oracle application express', 'cognos', 'filemaker pro', 'slate', 'data management']"
Data Quality Manager,"['documentation creation', 'project management', 'database management', 'compliance assessment', 'risk assessment', 'test environment setup', 'post mortem analysis', 'qa testing', 'help file management', 'test strategy design', 'research skills', 'process improvement', 'ratings submission', 'data analysis', 'issue tracking']"
Data Quality Manager,"['microsoft excel', 'microsoft word', 'communication skills', 'visio', 'microsoft powerpoint', 'data analysis', 'performance improvement activities']"
Data Quality Manager,"['manufacturing processes and equipment', 'concrete cylinder compression testing', 'aci strength testing certification']"
Data Quality Manager,"['ifs', 'sqf', 'problem solving', 'microsoft office programs', '5-s', 'spc', 'process capability analysis', 'certification audits', 'quality tools', 'kaizen', 'gfsi standards', 'bakery operations management', 'gfsi/sqf', 'brc', 'internal audits/inspections', 'haccp']"
Data Quality Manager,"['sap qm', 'fa', 'quality systems', 'd', 'process management', 'why', 'fmea', 'semiconductor quality', 'failure analysis', 'fta', 'aris']"
Data Quality Manager,"['data quality rule creation', 'root cause analysis', 'value case analysis', 'remediation planning', 'edit checks', 'identification of issues']"
Data Quality Manager,"['computer literacy', 'instructor certification', 'field training officer certification']"
Data Quality Manager,"['p&l management', 'business planning', 'financial management', 'economic analysis', 'strategic planning', 'competitive analysis', 'business development', 'acquisitions and integration planning', 'pricing strategy', 'sales management', 'data analysis', 'market research', 'revenue management']"
Data Quality Manager,"['curriculum development', 'program management', 'e.g. naviance', 'training and professional development', 'data analysis', 'software management']"
Data Quality Manager,"['networking concepts', 'qa methodology and tools', 'machine learning', 'troubleshooting', 'audio/video data streaming', 'root cause analysis', 'performance benchmarking', 'test case creation', 'risk evaluation', 'device interoperability testing', 'computer vision', 'data analysis', 'automation strategy']"
Data Quality Manager,"['metrics analysis and reporting', 'inspection readiness/response', 'controlled document management', 'trackwise', 'etmf and records management', 'quality assessments', 'metric tracking and trending', 'essential document reviews', 'regulations and gxps', 'capa management', 'risk-based reviews', 'process improvement projects', 'quality management system']"
Data Quality Manager,"['project management', 'quality assurance', 'iso standards', 'compliance management', 'api 6a', 'api standards', 'api q2', 'lean manufacturing', 'lean six sigma', 'statistical analysis', 'process improvement', 'problem solving', 'api q1']"
Data Quality Manager,"['strategic account planning', 'customer relationship management', 'salesforce proficiency', 'relationship building', 'account management', 'managing a client-facing team', 'kpi reporting', 'coaching/mentoring']"
Data Quality Manager,"['laboratory testing', 'quality assurance', 'troubleshooting', 'computer skills', 'hot mix asphalt', 'aggregate properties analysis', 'calibration', 'rmc testing', 'hma testing', 'mix design knowledge', 'ready mix concrete', 'data management', 'test result verification']"
Data Quality Manager,"['problem-solving', 'quality systems', 'iso 14000', 'quality engineering', 'quality control', 'inspection and testing', 'quality management', 'ts 16949']"
Data Quality Manager,"['security protocol compliance', 'documentation production', 'troubleshooting', 'technical support', 'data operations coordination', 'training delivery', 'workflow assessment', 'collaboration with other departments', 'supervision and leadership', 'database layout and functions', 'data management']"
Data Quality Manager,"['project management', 'marketing strategies', 'financial management', 'professional development planning', 'strategic planning', 'educational content expertise', 'program management', 'technology proficiency', 'data analysis']"
Data Quality Manager,"['performing copying tasks', 'using shrink-wrap machine', 'basic scanning responsibilities', 'operating mail processing equipment', 'using postage meter', 'and scales', 'tape machine', 'operating duplicating equipment', 'stackers', 'hole driller', 'paper cutter', 'maintaining copiers', 'electric stapler', 'using bindery equipment', 'operating scanning equipment']"
Data Quality Manager,"['technical skills:', 'radiology image acquisition knowledge', 'workflow optimization', 'qi program development', 'regulatory compliance oversight', 'radiation dose monitoring', 'safety program development', 'standardization of technical processes', 'information systems knowledge', 'quality improvement', 'plan-do-study-act methodology', 'performance measurement', 'data collection and analysis', 'policy and procedure management']"
Data Quality Manager,"['root cause analysis', 'microsoft office', 'six sigma', 'aircraft experience', 'quality system requirements', 'quality control', 'aerospace quality management system', 'lean manufacturing', 'design data interpretation', 'sap']"
Data Quality Manager,"['data structures', 'data quality', 'data governance', 'data profiling', 'master data management applications', 'databases', 'information security']"
Data Quality Manager,"[') performance monitoring', ') quality management', ') microsoft office suite', ') compliance with regulations', ') data analysis']"
Data Quality Manager,"['technical skills: quality control', 'inspection procedures', 'manufacturing processes', 'ms office suite', 'statistical analysis', 'erp/mrp/wms systems', 'iso certifications', 'continuous improvement']"
Data Quality Manager,"['pc proficiency', 'project management', 'quality assurance']"
Data Quality Manager,"['quality assurance', 'supplier relationship management', 'microsoft office', 'tqm', 'total quality management', 'risk management', 'process improvement', 'document management', 'data analysis', 'sqf system compliance']"
Data Quality Manager,"['product management', 'template creation', 'data structuring', 'data auditing', 'specification standardization', 'data cleaning']"
Data Quality Manager,"['and editing documents', 'proficiency with microsoft excel', 'and outlook', 'word', 'typing', 'data processing', 'record-keeping', 'composing']"
Data Quality Manager,"['call monitoring', 'quality assurance', 'nice monitoring tool', 'communication skills', 'verint and/or ultra', 'preferred', 'data analysis', 'microsoft software proficiency']"
Data Quality Manager,"['internal auditing', 'gauge r&r', 'process capability', 'iso9001:2008', 'reliability assurance', 'root cause analysis', 'apqp/ppap/fmea', 'spc', 'tqm', 'lean', 'six sigma', 'control', 'corrective action', 'and improvement', 'statistical process control', 'electronics device design', 'supplier auditing']"
Data Quality Manager,"['claims and coding sets', 'hedis', 'remote access exchanges', 'word', 'ms project software', 'microsoft office', 'data entry', 'excel', 'data mining', 'electronic data exchanges', 'powerpoint', 'chart abstraction', 'electronic health records']"
Data Quality Manager,"['ph meter', 'standard operating procedures', 'sops training', 'safety regulations enforcement', 'scheduling and workflows management', 'etc.', 'centrifuge', 'inventory management', 'forklift', 'communication facilitation', 'density meter', 'equipment operation: canning line']"
Data Quality Manager,"['e.g. six sigma', 'corrective action implementation', 'qms maintenance', 'value stream mapping', 'process automation', 'root cause analysis', 'statistical data analysis', 'lean', 'continuous improvement methodologies', 'iso 9000 certifications', 'quality metrics tracking', 'quality management system']"
Data Quality Manager,"['state procurement laws', 'software delivery', 'service oriented architecture', 'financial management', 'computing systems architecture', 'middleware', 'supervisory experience', 'database architectures', 'budget planning', 'strategic planning', 'application technologies', 'employee relations', 'it infrastructure operations', 'information security concepts', 'enterprise-class mission-critical information systems', 'performance management']"
Data Quality Manager,"['fleet management', 'vendor management', 'maintenance execution', 'key performance indicators tracking', 'budgeting', 'preventative maintenance', 'compliance with regulations', 'quality control', 'inventory management']"
Data Quality Manager,"['microsoft office suite', 'quality improvement plans', 'health record review', 'data presentation', 'privacy regulations', 'compliance monitoring', 'trend analysis', 'documentation audits', 'statistics', 'licensure review processes', 'incident/investigation reporting', 'data collection', 'accreditation processes', 'data analysis', 'policy development', 'staff education']"
Data Quality Manager,"['enterprise data governance', 'it workflows', 'data governance', 'business process documentation', 'microsoft office', 'merchandising', 'data analytics', 'finance workflows', 'data protection standards', 'data profiling', 'data quality standards']"
Data Quality Manager,"['confidentiality management', 'database management', 'microsoft word', 'research data management', 'data entry', 'reporting software', 'excel', 'and adobe acrobat', 'medical record abstraction', 'data quality assurance', 'data management', 'clinical data management']"
Data Quality Manager,"['technology assessment', 'data governance', 'information technology', 'compliance management', 'problem-solving', 'root cause analysis', 'data integrity', 'process enhancement', 'quality improvement', 'data analysis']"
Data Quality Manager,"['test management', 'qms', 'oracle', 'data quality testing', 'ms-office suite proficiency', 'healthcare data management', 'data mapping', 'database programming', 'ms sql', 'data validation', 'data cleanup/improvement', 'mysql', 'software development', 'data analysis', 'quality management system']"
Data Quality Manager,"['product development process', '8d', 'npi', 'pdp', 'root cause analysis', 'kpi', 'key performance indicators', 'advanced quality planning', 'new product introduction', 'apqp', 'quality management system']"
Data Quality Manager,"['microsoft office suite', 'healthcare quality metrics', 'clinical informatics', 'lean methodology', 'process improvement', 'data analysis']"
Data Quality Manager,"['quality systems implementation', 'quality assurance', 'inspection techniques', 'quality control standards', 'data analysis', 'product testing', 'quality cost analysis', 'process improvement', 'audit systems']"
Data Quality Manager,"['trend reporting analysis', 'data gathering methods assessment', 'measurement systems establishment', 'metrics management', 'quality management representation', 'systems development', 'quality processes implementation', 'tools and techniques utilization']"
Data Quality Manager,"['data quality', 'data insights', 'product management', 'service level management', 'roadmap development', 'proof-of-concept prototyping', 'business operations management', 'data coverage', 'stakeholder management']"
Data Quality Manager,"['coding', 'fieldtrip', 'high performance computing', 'brainstorm', 'database maintenance', 'python', 'ants', 'matlab', 'bash', 'neuroimaging software', 'eeglab', 'data analysis', 'data management', 'fsl']"
Data Quality Manager,"['quality management systems', 'problem solving', 'quality assurance', 'manufacturing process quality controls', 'manufacturing', 'iso quality systems', 'data analysis']"
Data Quality Manager,"['financial analysis', 'compliance management', 'financial modeling', 'data analysis', 'forecasting']"
Data Quality Manager,"['microsoft sql server', 'stored procedures', 'data modeling', 'loinc', 'rxnorm vocabularies', 'database design', 'sql server reporting services', 'mirth software', 'hl7 protocol', 'data warehousing', 'sql server integration services', 'crn vdw', 'omop common data models', 'snomed', 'extract transform load', 'ndc', 'sql queries', 'ssrs', 't-sql', 'pcornet', 'ssis']"
Data Quality Manager,"['user acceptance testing', 'test data development', 'database design', 'logic checks design', 'data auditing', 'data validation', 'clinical data review', 'data analysis', 'data management']"
Data Quality Manager,"['project management', 'privacy framework', 'data privacy', 'hr privacy', 'compliance', 'analytical skills', 'metrics tracking', 'slas']"
Data Quality Manager,"['biopharmaceutical', 'analytical testing', 'pharmaceutical industry', 'gmp', 'cell therapy manufacturing', 'gene therapy', 'cellular therapy', 'quality control', 'regulatory inspections', 'sop', 'fda guidance', 'cgmp']"
Data Quality Manager,"['performance improvement', 'operational efficiency', 'data-driven decision making', 'performance management', 'lean methodology', 'process improvement', 'logistics', 'continuous improvement']"
Data Quality Manager,"['utilization management', 'training and development', 'accreditation preparation', 'committee participation', 'compliance', 'quality improvement', 'policy development', 'chart reviews', 'risk management', 'data analysis', '###', 'patient care guidelines', 'research']"
Data Quality Manager,"['ts16949', 'metrology', 'ppap', 'microsoft word', 'trans4m', 'strong analytical/problem-solving skills', 'imds', 'apqp', 'and instrumentation concepts', 'qsi', 'spc', 'excel', 'knowledge of design output', 'supply web', 'fmea', 'power point', 'strong computer skills', 'msa']"
Data Quality Manager,"['data quality management', 'project management', 'master data management', 'data governance', 'information flow facilitation', 'data integration', 'data modeling', 'business rules development', 'data management']"
Data Quality Manager,"['procurement', 'microsoft access', 'microsoft excel', 'microsoft word', 'vendor management', 'aviation/aircraft/mechanical terminology', 'erp systems', 'internet search engines', 'inventory management', 'data analysis']"
Data Quality Manager,"['addition', 'division', 'basic mathematical skills', 'subtraction', 'visual inspection of parts', 'multiplication']"
Data Quality Manager,"['data services', 'enterprise modeling standards', 'data architecture standards', 'dimensional', 'oltp', 'hierarchical data modeling', 'star schema', 'data governance', 'nosql', 'hadoop', 'big data', 'data integration', 'data modeling', 'data virtualization', 'extract transform load', 'data vault', 'data governance procedures']"
Data Scientist,"['hive/hadoop', 'r', 'quantitative analysis', 'presentation of data', 'python', 'statistical software', 'regression analysis', 'data set building', 'distributed computing', 'sas', 'experiment design and evaluation', 'data mining', 'dashboard and report building', 'hypothesis testing', 'etl framework', 'sql', 'e.g.', 'forecasting']"
Data Scientist,"['product knowledge', 'procurement', 'project management', 'manufacturing operations', 'supply chain management', 'risk assessment', 'process design', 'food safety', 'quality control', 'risk management', 'data interpretation', 'data analysis']"
Data Scientist,"['spark', 'mapreduce', 'hive', 'data exploration', 'master data management', 'data governance', 'big data technologies', 'hadoop', 'nosql technologies', 'data profiling', 'mdm', 'data integration', 'data modeling', 'informatica', 'scala']"
Data Scientist,"['assay development', 'communication', 'viral vector production', 'experiment design', 'data analysis']"
Data Scientist,"['machine learning techniques', 'advanced statistical techniques', 'database querying', 'r', 'algorithms', 'python', 'data processing', 'database programming', 'sas', 'data modeling', 'sql', 'extract transform load', 'data analytics', 'business intelligence tools', 'data analysis', 'statistical computer languages']"
Data Scientist,"['machine learning', 'programming', 'statistical models', 'data engineering', 'data modeling', 'data analytics']"
Data Scientist,['skill type:']
Data Scientist,"['data visualization', 'python', 's3', 'statistical analysis', 'spark', 'tensorflow', 'rds', 'sql', 'pandas', 'data warehousing', 'aws services', 'machine learning', 'scipy', 'numpy', 'tableau', 'r', 'scikit-learn', 'redshift', 'extract transform load']"
Data Scientist,"['hadoop', 'agile methodologies', 'svm', 'theano', 'machine learning algorithms', 'd3', 'data science', 'tensorflow', 'restful services', 'random forest', 'predictive modeling', 'scipy', 'numpy', 'apache spark', 'ml frameworks', 'data visualization apis', 'plotly', 'scala', 'e.g.', 'neural networks', 'tableau', 'java programming', 'python programming', 'scikit-learn', 'mathematical and statistical skills', 'keras']"
Data Scientist,"['r', 'e.g.', 'scikit learn', 'matlab', 'modeling', 'tensorflow', 'scripting', 'sas', 'data engineering', 'hive/hadoop', 'modeling frameworks', 'data processing', 'data analysis', 'distributed computing']"
Data Scientist,"['statistical techniques', 'api connections', 'marketing analytics', 'business intelligence platforms', 'data visualization', 'databases management', 'python', 'excel', 'querying', 'etl processing', 'data integration', 'data modeling', 'database architecture', 'sql', 'predictive modeling', 'data analysis', 'tableau']"
Data Scientist,"['esg/sustainability data', 'geospatial datasets', 'r', 'gis data', 'predictive analytics', 'data analysis & visualization', 'python', 'machine learning', 'environmental remote sensing', 'financial data/analytics']"
Data Scientist,"['mapreduce', 'data visualization', 'big data technologies', 'python', 'hadoop', 'spark', 'predictive and prescriptive solutions', 'hive', 'unstructured data analysis', 'statistical modeling', 'sql', 'machine learning', 'developing actionable designs', 'sas', 'pig', 'r', 'mlib', 'statistical packages', 'data science']"
Data Scientist,"['logistic regression', 'machine learning', 'r', 'predictive modeling', 'k means clustering', 'python', 'linear regression', 'structural equation modeling', 'experimental design', 'big data', 'data mining', 'statistical analysis', 'data science', 'sql']"
Data Scientist,"['machine learning techniques', 'hadoop ecosystem', 'machine learning', 'programmatic marketing', 'media mix modeling', 'r', 'python', 'agile principles', 'statistical learning algorithms', 'operations research', 'segmentation/cohort models', 'marketing science', 'data driven attribution', 'software development', 'scala', 'data science', 'sql', 'economics']"
Data Scientist,"['arcgis', 'stata', 'predictive analytics', 'r', 'empirical methods', 'python', 'gis programs', 'spss', 'econometrics models', 'sas', 'statistical software proficiency', 'data mining techniques', 'data analytics', 'programming languages', 'statistical analysis', 'sql']"
Data Scientist,"['machine learning techniques', 'data exploration', 'command line usage', 'data visualization', 'python programming', 'model development', 'experiment design', 'data cleaning and analysis', 'data querying infrastructure']"
Data Scientist,"['natural language processing', 'python', 'core java']"
Data Scientist,"['python', 'hadoop', 'classification', 'clustering', 'anomaly detection', 'spark', 'hive', 'ensemble models', 'sql', 'machine learning', 'r shiny', 'plotly', 'git', 'neural networks', 'tableau', 'spotfire', 'r', 'regression', 'dataframes', 'data science']"
Data Scientist,"['mapreduce', 'jupyter notebooks', 'data visualization', 'python', 'whois records', 'feature engineering', 'spark', 'dns', 'machine learning algorithms', 'big data datasets', 'hive', 'algorithm optimization', 'statistical modeling', 'pandas', 'scala', 'r', 'scikit-learn', 'ip networking', 'data processing platforms']"
Data Scientist,"['two-sided markets', 'python', 'hadoop', 'optimization', 'economic theory', 'spark', 'big data tools', 'operations research', 'prediction/classification', 'forecasting/time series', 'statistical modeling', 'causal inference', 'sql', 'machine learning', 'experimentation', 'machine learning solutions', 'julia', 'econometrics', 'r', 'data science']"
Data Scientist,"['machine learning algorithms', 'dataset management', 'statistics', 'programming', 'especially python', 'physics-based approaches', 'data cleaning', 'classical optimization', 'data science', 'data analysis', 'mathematical modeling']"
Data Scientist,"['metrics development', 'r', 'data visualization', 'python', 'hadoop', 'php', 'sql', 'data analysis', 'tableau']"
Data Scientist,"['spark', 'big data technologies', 'hadoop', 'data pipelines']"
Data Scientist,"['data wrangling', 'machine learning', 'artificial intelligence', 'natural language processing', 'software design', 'python', 'statistics', 'scientific publications', 'data engineering', 'data science', 'architecture principles', 'mathematical modeling', 'deep learning']"
Data Scientist,"['imb analysis', 'sql server', 'database management', 'etl methodologies', 'trend analysis', 'intelligent mail barcode', 'usps regulations', 'data analysis']"
Data Scientist,"['backend services', 'java', 'machine learning models', 'machine learning', 'natural language processing', 'c++', 'algorithm design', 'software development', 'data mining', 'c', 'nlp models', 'data processing']"
Data Scientist,"['customer journey analytics', 'load', 'data modelling', 'big data analysis', 'information architecture', 'extract transform load', 'data engineering', 'data science', 'extract', 'transform']"
Data Scientist,"['jupyter notebooks', 'xml', 'python', 'data visualization', 'gtfs', 'exploratory data analysis', 'monte carlo', 'data integration', 'data modeling', 'markov chains', 'rest apis', 'clustering', 'bluemix', 'decision trees', 'siri', 'd3', 'qlikview', 'gtfs-rt', 'leaflet', 'ggplot', 'aws', 'statistical modeling', 'orbcad', 'sql', 'machine learning', 'scenario analysis', 'transit schedule data', 'kalman filters', 'real-time transit data', 'data mining', 'git', 'neural networks', 'cloud services', 'tableau', 'r', 'azure', 'google cloud platform', 'regression', 'signal processing', 'domo']"
Data Scientist,"['design tools like sketch', 'front-end development', 'html5 and css', 'adobe xd', 'dom', 'responsive ui applications', 'modern javascript standards', 'web fundamentals']"
Data Scientist,"['c/c++', 'big data ecosystem', 'python', 'matlab', 'hadoop', 'programming languages', 'relational databases', 'spark', 'hive', 'data science', 'spc/apc', 'predictive modeling', 'java', 'machine learning', 'smart manufacturing', 'numerical optimization', 'mysql', 'e.g.', 'statistical/advanced process control system', 'applied statistics', 'r', 'data wrangling']"
Data Scientist,['mouse infection']
Data Scientist,"['machine learning', 'artificial intelligence', 'r', 'python', 'experimental design', 'matlab', 'simulation studies', 'computational materials modeling', 'data science', 'materials science', 'cloud platform']"
Data Scientist,"['java', 'coding', 'machine learning algorithms', 'supervised and unsupervised learning', 'natural language processing', 'storm', 'python', 'probabilistic models', 'cassandra', 'time series analysis', 'kafka', 'deep neural networks', 'aws ecosystem']"
Data Scientist,"['and/or adtech technology', 'relation to experience:', 'inventory optimization', 'demand modeling']"
Data Scientist,"['python', 'data cleansing', 'data verification', 'svm', 'statistical analysis', 'data visualization tools', 'technical skills:', 'machine learning techniques', 'machine learning algorithms', 'ad-hoc analysis', 'data science toolkits', 'tensorflow', 'ggplot', 'sql', 'k-nn', 'java', 'scripting and programming', 'numpy', 'query languages', 'nosql databases', 'data mining', 'e.g.', 'applied statistics', 'r', 'scikit-learn', 'd3.js', 'naive bayes', 'data collection']"
Data Scientist,"['quantitative analysis', 'data visualization', 'r/python', 'microsoft office', 'pricing algorithms', 'excel', 'sql', 'statistical analysis', 'data science', 'market trend analysis', 'unsupervised machine learning']"
Data Scientist,"['moves', 'photochemical modeling', 'literature reviews', 'smoke', 'camx', 'environmental research', 'wrf', 'environmental regulations knowledge', 'investigation techniques', 'statistical analysis', 'statistical analyses', 'emission inventories calculation', 'research']"
Data Scientist,"['data analysis environments', 'python', 'programming', 'gis software', 'statistical analysis', 'web-based applications', 'c-family language', 'cloud platforms and services', 'machine learning', 'stata', 'scipy', 'data mining', 'relational and non-relational databases', 'e.g.', 'data analysis', 'r', 'predictive analytics', 'quantitative research data analysis', 'spatial data analysis', 'large scale image processing', 'data management']"
Data Scientist,"['consumer behavior analysis', 'statistical programming', 'quantitative analysis', 'data visualization', 'experimental design', 'regression modeling', 'propensity modeling', 'data mining', 'statistical analysis', 'digital campaigns analysis', 'sql', 'data analysis', 'data visualization tools']"
Data Scientist,"['data structures', 'pattern recognition', 'programming in java/python/r', 'machine learning', 'artificial intelligence', 'data transformation', 'database programming', 'data mining', 'data analytics', 'extract transform load', 'statistical analysis', 'predictive modeling']"
Data Scientist,"['information retrieval', 'computational linguistics', 'knowledge engineering', 'machine learning', 'artificial intelligence', 'natural language processing', 'text mining', 'statistics', 'question answering', 'distributional semantics', 'data science']"
Data Scientist,"['java', 'c/c++', 'machine learning', 'predictive analytics', 'artificial intelligence', 'r', 'python', 'matlab', 'statistics', 'programming', 'statistical modeling', 'data science', 'econometrics', 'applied mathematics', 'forecasting']"
Data Scientist,"['manuscript preparation', 'laboratory research', 'research studies', 'scientific principles', 'ms office suite', 'equipment procurement', 'experiment design', 'data analysis']"
Data Scientist,"['r', 'python', 'programming', 'statistical computing', 'mathematical aptitude', 'data scrubbing', 'data management']"
Data Scientist,"['acoustic propagation modeling', 'acoustic scattering modeling', 'matlab', 'unix operating system', 'comsol', 'modeling software']"
Data Scientist,"['network modeling', 'statistical modeling', 'neural networks', 'data exploration', 'machine learning', 'oracle', 'econometric modeling', 'natural language processing', 'algorithms', 'genetic algorithms', 'sql', 'aws', 'extract transform load', 'red shift', 'social network modeling', 'mathematical modeling']"
Data Scientist,"['data visualization', 'python', 'cloud offerings', 'dimensionality reduction', 'sparse data sets', 'spark', 'machine learning algorithms', 'sagemaker', 'mxnet', 'azure workbench', 'tensorflow', 'ml libraries', 'model selection', 'pandas', 'tsql', 'numpy', 'deep learning libraries', 'feature exploration', 'snowflake data platform', 'spark mllib', 'azureml', 'scikit-learn', 'mlpack', 'google cloud ai']"
Data Scientist,"['technical skills:', 'machine learning algorithm development', 'data aggregation and cleaning', 'sql', 'cloud computing', 'neural networks']"
Data Scientist,"['spotfire', 'data exploration', 'sas jmp clinical', 'r', 'pivot tables', 'sas', 'excel proficiency', 'graphics', 'e.g.', 'sql experience']"
Data Scientist,"['machine learning', 'algorithms', 'statistics', 'signal processing', 'optimization', 'data analysis', 'deep learning']"
Data Scientist,"['spark', 'java', 'c/c++', 'predictive modeling', 'machine learning', 'r', 'social science', 'python', 'big data technologies', 'cassandra', 'hadoop', 'knowledge of bi tools', 'data modeling', 'cross-promotion campaigns', 'a/b testing', 'behavioral science', 'psychology']"
Data Scientist,"['optimization strategies', 'message delivery configuration', 'python', 'data modeling', 'reporting systems', 'sql', 'data analysis', 'forecasting']"
Data Scientist,"['r', 'machine learning', 'data visualization', 'python', 'excel', 'data wrangling', 'sql', 'tableau']"
Data Scientist,"['advanced analytics', 'machine learning', 'programming techniques', 'optimization', 'statistical modeling', 'revenue management']"
Data Scientist,"['data consolidation', 'ibm cognos', 'visualization technologies', 'analyzing large data sets', 'e.g.', 'report generation', 'data modeling', 'data analysis', '###', 'data management', 'tableau']"
Data Scientist,"['dashboard creation', 'reinforcement learning', 'machine learning', 'artificial intelligence', 'algorithms', 'big data technologies', 'data visualization', 'model development', 'programming', 'machine learning frameworks', 'statistical analysis', 'data science', 'data analysis', 'deep learning']"
Data Scientist,"['designing valid controlled experiments', 'regularization', 'performing deep statistical analyses', 'conducting robust analyses', 'experience with python', 'monte carlo methods', 'hierarchical modeling', 'ensemble models', 'gradient boosting', 'generalized linear modeling', 'random forest', 'bayesian analysis methods', 'deployment of models', 'deploying predictive models', 'building predictive models', 'time series analysis', 'e.g.', 'r', 'developing statistical tools', 'data collection']"
Data Scientist,"['data gathering skills/tools', 'e.g. sql', 'teradata', 'mathematical programming', 'data acquisition and management', 'model development & refinement', 'webfocus', 'hadoop', 'statistical or mathematic modeling', 'e.g. qlikview', 'sas', 'algorithm design', 'data mining', 'statistical analysis', 'tableau', 'visualization skills/tools', 'business objects']"
Data Scientist,"['data science techniques', 'machine learning', 'natural language processing', 'security', 'time series forecasting', 'optimization', 'anomaly detection']"
Data Scientist,"['java', 'java development', 'machine learning', 'artificial intelligence', 'predictive analytics', 'r', 'python', 'sql and nosql', 'c', 'etl processing', 'statistical modeling', 'scala', 'data collection', 'computer programming', 'deep learning']"
Data Scientist,"['analytical techniques', 'spark', 'machine learning', 'time series modeling', 'r', 'python', 'hadoop', 'presto', 'data mining', 'statistical modeling', 'zeppelin', 'data visualization tools', 'tableau']"
Data Scientist,"['spark', 'hiveql', 'r', 'python', 'hadoop', 'sql', 'tableau']"
Data Scientist,"['high performance computing', 'machine learning models', 'agile principles', 'mathematics', 'statistics', 'user input', 'probability', 'data mining', 'risk adjustment concepts', 'market research']"
Data Scientist,"['object oriented programming', 'software and system fixing', 'data analysis and modeling', 'algorithm optimization', 'nosql data stores', 'and optimization', 'radio frequency', 'analysis', 'engineering analysis', 'dependency management tools', 'rf concepts', 'statistical analysis', 'unit testing', 'digital signal processing', 'software profiling']"
Data Scientist,"['machine learning', 'algorithm development', 'data analysis', 'statistical analysis', 'research skills']"
Data Scientist,"['abstracting and coding', 'familiarity with medical terminology', 'database management', 'auditing', 'data coordination', 'quality control', 'data collection', 'data processing', 'knowledge of statistics']"
Data Scientist,"['tool deployment', 'business integration', 'data timeliness assessment', 'process efficiency improvement', 'data asset management', 'business process review', 'it organization knowledge', 'problem-solving skills', 'system performance analysis', 'data completeness evaluation', 'computational problem-solving.', 'communication skills', 'data accuracy analysis', 'data stability assessment', 'data process performance management', 'analytic tools proficiency', 'action plan creation']"
Data Scientist,"['data and statistical analysis', 'spss', 'sas', 'sound research practices', 'policy analysis', 'or r']"
Data Scientist,"['experiment design', 'experiment deployment', 'software development']"
Data Scientist,"['java', 'python', 'ms word', 'programming', 'excel', 'tcl scripting', 'c', 'data processing', 'data analysis']"
Data Scientist,"['python', 'it expertise', 'business case development', 'data validation', 'statistical modeling', 'predictive modeling', 'dr&bc planning', 'machine learning', 'budget tracking', 'sas', 'hypothesis generation', 'process review', 'data analysis', 'financial systems', 'r', 'service level agreements', 'solution design', 'it project management', 'slas']"
Data Scientist,"['testing methodologies', 'java', 'vba', 'statistical analysis software', 'microsoft office suite', 'r', 'python', 'spss', 'programming languages', 'psychometric analysis software', 'winsteps', 'parscale']"
Data Scientist,"['spark', 'online auctions', 'machine learning', 'statistical programming', 'digital advertising', 'python', 'big data technologies', 'data manipulation', 'sql', 'a/b testing', 'data science', 'predictive modeling', 'e.g. hive', 'e.g. r']"
Data Scientist,"['data presentation', 'oracle', 'product operations', 'python', 'hadoop', 'forecasting', 'dashboard creation', 'vertica', 'hive', 'trend analysis', 'data set building', 'product leadership', 'experiment design', 'data infrastructure', 'sql', 'mysql', 'etl framework', 'data analysis', 'user behavior modeling', 'exploratory analysis']"
Data Scientist,"['python', 'mathematical analysis', 'programming', 'distributed computing technologies', 'relational databases', 'data modeling', 'statistical analysis', 'time-series data modeling', 'e.g. postgres', 'e.g. mpi', 'deep learning', 'machine learning', 'algorithms', 'bayesian methods', 'mysql', 'scala', 'data analysis', 'r', 'natural language processing', 'probabilistic graphical models', 'cuda', 'restful web services']"
Data Scientist,"['microsoft excel', 'building predictive models', 'linux', 'web analytics', 'unix', 'regression modeling', 'large-scale databases', 'r or python', 'presenting results', 'hadoop', 'sql', 'pc software', 'sas programming', 'database manipulation']"
Data Scientist,"['machine learning', 'r', 'python', 'programming', 'javascript', 'php', 'statistical modeling', 'causal inference', 'data analysis', 'research']"
Data Scientist,"['ggplot2', 'data pipelines', 'machine learning', 'r', 'data visualization', 'python', 'numpy', 'exploratory data analysis', 'modeling', 'tensorflow', 'distributed data computing platforms', 'data mining', 'pandas', 'data wrangling', 'sql', 'matplotlib']"
Data Scientist,"['data gathering skills/tools', 'e.g. sql', 'teradata', 'webfocus', 'hadoop', 'e.g. qlikview', 'sas', 'tableau', 'visualization skills/tools', 'business objects']"
Data Scientist,"['qualitative and quantitative analysis', 'data analysis', 'technology research', 'data modeling', 'public education policy analysis', 'fiscal analysis', 'research skills', 'sas programming', 'computer skills']"
Data Scientist,"['java', 'communication', 'analyzing large datasets', 'machine learning', 'python', 'c++', 'mathematics', 'programming', 'visualization', 'data modeling', 'optimization', 'building machine learning models', 'data analysis', 'c']"
Data Scientist,"['document maintenance', 'file management', 'problem reporting system', 'change control board', 'version control', 'data upload and management', 'corrective action process', 'scm processes', 'database proficiency']"
Data Scientist,"['machine learning', 'natural language processing', 'python', 'network analysis', 'mysql', 'geospatial analysis', 'extract transform load', 'data science', 'machine learning packages']"
Data Scientist,"['multivariate analysis', 'python', 'classification', 'calculus', 'clustering', 'spark mlib', 'aws', 'sql', 'data warehousing', 'pattern recognition', 'sql server', 'machine learning', 'business intelligence', 'data munging', 'data mining', 'data cleaning', 'r', 'statistics', 'redshift', 'extract transform load']"
Data Scientist,"['r', 'statistical programming', 'quantitative analysis', 'data visualization', 'python', 'data analysis', 'database languages', 'data science', 'sql', 'e.g.']"
Data Scientist,"['computational biology', 'biophysical modeling', 'genomics', 'machine learning', 'microbiome', 'health', 'nutrition', 'programming', 'r or python', 'productivity methods', 'large dataset management', 'data mining', 'informatics', 'mathematical modeling']"
Data Scientist,"['spark', 'machine learning', 'experimentation', 'auction optimization', 'r', 'python', 'operations research', 'hadoop', 'time series analysis', 'recommendation systems', 'prediction modeling', 'julia', 'optimization', 'causal inference', 'data science', 'econometrics', 'sql', 'forecasting']"
Data Scientist,"['qualitative and quantitative analysis', 'project management', 'budget management', 'resource management', 'pest identification and diagnostics', 'data validation and analysis', 'tools and technologies evaluation']"
Data Scientist,"['data environments', 'r', 'predictive analytics', 'machine learning', 'python', 'time series analysis', 'hadoop hdfs', 'scripting language', 'mongo', 'propensity modeling', 'a/b testing', 'statistical inference', 'sql']"
Data Scientist,"['distributed system', 'blockchain', 'cryptocurrency', 'security', 'data analytics']"
Data Scientist,"['spark', 'coding', 'hive', 'machine learning', 'r', 'natural language processing', 'python', 'e.g.', 'matlab', 'scikit-learn', 'hadoop', 'ml tools', 'data modeling', 'distributed computing systems', 'data analysis', 'cosmos']"
Data Scientist,"['database tools', 'r', 'machine learning', 'modeling strategies', 'python', 'analytical expertise', 'data mining', 'statistical modeling', 'sql', 'data analysis', 'research']"
Data Scientist,"['statistical analysis software', 'database management', 'hadoop', 'multivariate statistical modeling', 'econometric methods', 'predictive modeling', 'aster', 'machine learning', 'sas', 'data mining', 'e.g.', 'big data platforms', 'r', 'artificial intelligence', 'natural language processing', 'relational database concepts', 'healthcare services research', 'data architecture', 'prescriptive modeling']"
Data Scientist,"['civil engineering', 'strong writing skills', 'geology', 'chemical engineering', 'environmental/earth science', 'azpdes regulations', 'law', 'communication skills', 'mechanical engineering', 'hydrology', 'environmental engineering']"
Data Scientist,"['r', 'statistical data quality procedures', 'clustering and classification techniques', 'recommendation and optimization algorithms', 'python', 'c++', 'programming languages proficiency', 'machine-learning approaches', 'experience in sql', 'statistical and predictive modeling']"
Data Scientist,"['cloud', 'gcp', 'pyspark', 'hadoop', 'aws sage maker', 'data science']"
Data Scientist,"['machine learning techniques', 'risk modeling', 'sql programming', 'fraud detection', 'r and python', 'predictive modeling', 'data analysis']"
Data Scientist,"['analytics', 'reporting']"
Data Scientist,"['technical skills:', 'advanced analytics', 'technology roadmap', 'data product development', 'consulting', 'research methodologies']"
Data Scientist,"['data quality management', 'data enrichment', 'customer journey analytics', 'big data', 'lean six sigma', 'data modeling', 'extract transform load', 'data architecture', 'sql', 'data analysis']"
Data Scientist,"['multivariate analysis', 'data science models implementation', 'nosql data stores', 'python', 'high volume data flows', 'machine learning algorithms', 'analytics', 'scripting', 'back-end software engineering concepts', 'statistical modeling', 'sql', 'data science models', 'machine learning', 'data science models development', 'statistical methodology', 'data mining', 'r', 'text mining', 'data science']"
Data Scientist,"['statistical techniques', 'machine learning', 'r', 'algorithms', 'database technologies', 'healthcare data', 'big data', 'unstructured data analysis', 'experiment design', 'sas', 'data modeling', 'data analytics', 'statistical modeling', 'structured data analysis', 'data science', 'predictive modeling', 'data analysis']"
Data Scientist,"['spark', 'mapreduce', 'java', 'statistical methods', 'machine learning', 'r', 'python', 'hadoop', 'data quality assessment', 'analytics', 'cosmos', 'big data systems', 'outlier detection', 'data science', 'sql', 'anomaly detection', 'c']"
Data Scientist,"['technical skills:', 'deep learning models', 'web technologies', 'machine learning algorithms', 'data science concepts', 'scipy', 'python', 'tensorflow/keras', 'numpy', 'scikit-learn', 'pandas', 'sql', 'git', 'unix command line', 'matplotlib']"
Data Scientist,"['advanced analytics', 'process mapping', 'predictive analytics', 'data governance', 'decision support methodology', 'health data analysis', 'data modeling', 'health it software', 'statistical modeling', 'data science', 'informatics', 'epic® certification']"
Data Scientist,"['python', 'hadoop', 'spark', 'hive', 'real-time analytics', 'gpu accelerated olap database', 'tensorflow', 'sql', 'deep learning', 'java', 'apache', 'machine learning', 'c++', 'cassandra', 'pig', 'nosql platforms', 'big data', 'data science', 'model training']"
Data Scientist,"['caffe', 'python', 'c++', 'pytorch', 'tensorflow', 'computer vision', 'deep learning']"
Data Scientist,"['spark', 'data-driven reliability', 'validation', 'machine learning', 'predictive analytics', 'r', 'industrial equipment knowledge', 'python', 'hadoop', 'programming', 'model deployment', 'model optimization', 'data mining', 'model selection', 'feature extraction']"
Data Scientist,"['data assembly', 'greenplum', 'data standardization', 'data mastering', 'qlikview', 'hdf manipulation', 'big data technologies', 'hadoop', 'nosql technologies', 'database knowledge', 'visualization building', 'data design', 'data ingestion', 'data modeling', 'database implementation', 'data architecture', 'e.g.', 'tableau']"
Data Scientist,"['scientific libraries', 'model generation', 'ai development', 'algorithms design', 'graphical models', 'dimensionality reduction', 'biological time series data', 'cloud-based systems', 'decision making under uncertainty', 'amazon web services', 'data pipelines', 'machine learning systems', 'proof of concept projects', 'statistical methods and models', 'neural networks', 'combinatorial optimization', 'supervised/unsupervised/semi-supervised/reinforcement learning', 'human subjects experimental design', 'signal processing', 'mathematical and statistical concepts']"
Data Scientist,"['postgresql', 'statistical techniques', 'version control', 'data visualization', 'hadoop', 'relational databases', 'dashboard creation', 'spark', 'looker', 'model deployment', 'modeling', 'dash', 'sql server', 'dashboarding tools', 'machine learning', 'microsoft power bi', 'mysql', 'data pipelines/etl processes', 'data analysis', 'git', 'tableau', 'python programming', 'data products development']"
Data Scientist,"['digital marketing optimization expertise', 'mathematical-analytical mindset']"
Data Scientist,"['data gathering', 'statistical methods', 'optimization methods', 'r', 'machine learning', 'statistical software', 'e.g.', 'matlab', 'database languages', 'sql', 'julia', 'pandas', 'data processing', 'data analysis', 'mathematical modeling', 'forecasting']"
Data Scientist,"['java', 'amazon redshift', 'deep learning', 'machine learning', 'python', 'devops', 'apache spark', 'cloud architecture', 'dynamodb', 'data engineering', 'statistical modeling', 'scala', 'data science', 'sql', 'emr']"
Data Scientist,"['database tools', 'r', 'machine learning', 'modeling strategies', 'python', 'analytical expertise', 'data aggregation', 'data mining', 'statistical modeling', 'data collection', 'sql', 'data analysis', 'research']"
Data Scientist,"['spark', 'janusgraph', 'topic modeling', 'machine learning algorithms', 'natural language processing', 'lstms', 'text mining', 'data visualization', 'python', 'statistics', 'elasticsearch', 'tensorflow', 'parsing', 'rnns', 'relationship extraction', 'semantic composition', 'neural networks', 'deep learning']"
Data Scientist,"['ml algorithms', 'machine learning techniques', 'hive', 'feature selection', 'data collection procedures enhancement', 'and verifying data integrity', 'data visualization', 'ad-hoc analysis', 'processing', 'query languages', 'cleansing', 'nosql databases', 'data mining', 'statistical analysis', 'sql', 'building and optimizing classifiers', 'prediction systems', 'automated anomaly detection systems']"
Data Scientist,"['spark', 'hive', 'r', 'machine learning', 'python', 'unix', 'modeling', 'sas', 'open source tools', 'scala', 'data analysis', 'forecasting']"
Data Scientist,"['unix environments', 'big data platforms', 'database management', 'machine learning', 'r', 'statistical software', 'multi-variate statistical modeling', 'analytics', 'sas', 'data mining', 'sql', 'predictive modeling', 'prescriptive modeling']"
Data Visualization Expert,"['spring boot', 'streaming data', 'data lake implementation', 'unstructured data', 'semi-structured data', 'technical guidance', 'data processing', 'spring', 'data warehousing', 'java', 'data storage', 'integration', 'real-time data processing', 'best practices', 'big data solutions', 'big data', 'structured data', 'architecture design', 'data ingestion', 'industry standards', 'cloud-based solutions', 'cloud computing']"
Data Visualization Expert,"['business administration', 'software/system development lifecycles', 'ibm qualitystage', 'data integration', 'application integration', 'enterprise data warehouse', 'project management', 'master data management', 'data definitions', 'trillium', 'report development', 'user acceptance testing', 'business rules', 'mdm', 'siperian/informatica mdm', 'informatica dq analyst', 'data relationships', 'quality assurance', 'data flows', 'metadata sources', 'data quality indicators', 'data analysis', 'maestro mds', 'mdm tools', 'ibm initiate/mdm', 'data profiling software', 'healthcare data management', 'master data management tools', 'mis', 'data profiling', 'sas dataflux', 'data usage', 'data management']"
Data Visualization Expert,"['ttps', 'concept of operations', 'tactics', 'standard operating procedures', 'specification and documentation', 'c4isr support', 'systems requirements validation', 'system-level development', 'techniques', 'dod situational awareness tools', 'and procedures', 'intelligence analysis experience', 'training material development', 'air operations centers', 'aoc support', 'information operations support', 'sops', 'conops']"
Data Visualization Expert,"['bi visualization', 'database development', 'agile development', 'sql', 'powerbi', 'data warehousing']"
Data Visualization Expert,"['spark', 'bi xpress', 'big data tools', 'microsoft azure', 'statistical software', 'python', 'hadoop', 'pl/sql developer', 'epic', 'crystal report', 'sql programming language', 'pragmatic works', 'data science', 'sas or r', 'microsoft business intelligence tools', 'erp information systems', 'tableau client']"
Data Visualization Expert,"['r', 'data visualization', 'python', 'big data', 'excel', 'bi tools', 'sql', 'data analysis', 'tableau']"
Data Visualization Expert,"['modeling tools', 'r', 'stata', 'estimation techniques', 'quantitative analysis', 'python', 'data visualization', 'data manipulation', 'computational methods', 'statistical analysis', 'sql', 'data management']"
Data Visualization Expert,"['model building', 'r', 'stata', 'market analysis', 'data visualization', 'data aggregation', 'dashboard development', 'sql', 'data analysis']"
Data Visualization Expert,"['cloud-based data storage', 'machine learning', 'classification models', 'source control systems', 'data visualization', 'database queries', 'regression analysis', 'time series analysis', 'distributed platforms', 'energy engineering models', 'data mining', 'prototyping languages', 'statistical analysis', 'algorithm development', 'object-oriented design', 'big data processing']"
Data Visualization Expert,"['automation framework development', 'jira', 'unit', 'software testing', 'qa symphony qtest', 'selenium', 'application programming interface', 'agile methodology', 'c and/or java programming']"
Data Visualization Expert,"['data warehouse implementation', 'cognos data manager', 'project management', 'understanding of data models', 'star schema modeling', 'end-to-end data warehouse development', 'solution design', 'etl development', 'oracle sql', 'oracle odi', 'business intelligence tools', 'data analysis']"
Data Visualization Expert,"['ui design', 'database management', 'html/css', 'python', 'jquery', 'javascript', 'bootstrap', 'perl', 'mvc frameworks', 'jsp', 'web development', 'sql', 'angularjs']"
Data Visualization Expert,"['machine learning', 'r', 'natural language processing', 'python', 'query languages', 'data visualization tools', 'data mining', 'statistical analysis', 'image processing', 'data science workflows']"
Data Visualization Expert,"['statistical techniques', 'data visualization', 'python', 'hadoop', 'exploratory data analysis', 'spss', 'relational databases', 'data analytics', 'advanced analytical techniques', 'machine learning algorithms', 'sql', 'predictive modeling', 'business intelligence software', 'excel', 'sas', 'data mining', 'statistical languages', 'tableau', 'r', 'powerpoint']"
Data Visualization Expert,"['sklearn', 'machine learning', 'pymc', 'structural equation modeling', 'data visualization', 'h2o', 'python programming', 'open-source ml packages', 'r programming', 'bayesian networks', 'latent variable models', 'statistical modeling', 'tf/keras/pytorch']"
Data Visualization Expert,"['r', 'quantitative analysis', 'data visualization', 'python', 'applied statistical analysis', 'rdbms', 'periscope', 'data etls', 'bi systems', 'data mining', 'data modeling', 'dimensional modeling', 'sql', 'tableau']"
Data Visualization Expert,"['data standardization', 'sql querying', 'data governance', 'data visualization', 'big data technologies', 'metadata modeling', 'nosql technologies', 'data cleansing', 'data manipulation', 'rdbms', 'business glossary development', 'data lineage activities', 'data mapping', 'data modeling', 'data profiling', 'data analysis']"
Data Visualization Expert,"['analytical and quantitative skills', 'analytical experience', 'data migration', 'client interfacing skills', 'solution design', 'measurement', 'visualization', 'bi architectures', 'value proposition creation', 'business acumen', 'retail/cpg domain knowledge']"
Data Visualization Expert,"['power bi', 'r', 'python', 'bi/data visualization tools', 'statistics', 'excel', 'powerpoint', 'tableau', 'sql', 'data analysis', 'research']"
Data Visualization Expert,"['business intelligence', 'data visualization', 'big data technologies', 'analytics', 'excel', 'relational databases', 'data modeling', 'extract transform load', 'powerpoint', 'sql', 'data warehousing']"
Data Visualization Expert,"['programming language proficiency', 'microsoft excel', 'statistical coding', 'r', 'data preparation', 'data visualization', 'python', 'e.g.', 'data extraction', 'data engineering principles', 'crm system knowledge', 'predictive modeling', 'data analysis']"
Data Visualization Expert,"['relational database modeling', 'regulatory/compliance policies', 'data visualization', 'or python', 'matlab', 't-sql', 'pl/sql', 'etc.', 'research experience in statistics', 'data science', 'hipaa', 'sql', 'irb', 'healthcare data management concepts']"
Data Visualization Expert,"['c/c++', 'hadoop map-reduce', 'data visualization', 'python', 'matlab', 'programming', 'amazon aws', 'code development best practices', 'microsoft azure', 'statistical modeling', 'large-scale distributed data-processing frameworks', 'experiment design', 'sql', 'deep learning', 'java', 'machine learning', 'apache spark', 'data mining', 'scala', 'data analytics insights', 'r', 'cloud computing platforms', 'nosql queries and databases']"
Data Visualization Expert,"['excel modeling', 'data visualization', 'analytics', 'dashboard development', 'risk management', 'strategic thinking', 'business intelligence tools', 'sql', 'data analysis', 'forecasting']"
Data Visualization Expert,"['microsoft access', 'sql server', 'ms project', 'r or sas', 'ssrs', 'excel', 'statistical analysis', 'ssis', 'powerpoint', 'tableau']"
Data Visualization Expert,"['power bi', 'data visualization/bi software', 'excel', 'sql', 'tableau']"
Data Visualization Expert,"['google bigquery', 'amazon redshift', 'version control software', 'cloud-based data warehouses', 'airflow', 'python/ruby', 'linux/osx command line', 'salesforce data infrastructure', 'etl scheduling technologies', 'snowflake', 'sql', 'git']"
Data Visualization Expert,"['emergency notification systems', 'grc', 'bc/dr planning', 'iso standards', 'compliance management', 'crisis management', 'business continuity planning', 'operational risk assessment', 'data center technologies', 'disaster recovery planning', 'risk management', 'governance frameworks', 'microsoft applications proficiency.']"
Data Visualization Expert,"['diversity', 'professional development training', 'project management', 'equity', 'data interpretation and visualization', 'and inclusion programming']"
Data Visualization Expert,"['reserves evaluation', 'business planning', 'economic analysis', 'petroleum project planning', 'reporting', 'data analysis', 'accounting', 'financial modeling']"
Data Visualization Expert,"['data dictionary', 'machine learning', 'microsoft azure', 'data visualization', 'excel', 'blockchain analytics', 'data modeling', 'extract transform load', 'financial services/fintech experience', 'data requirements gathering', 'sql', 'data analysis']"
Data Visualization Expert,"['data modelling', 'data governance', 'data integration/etl', 'data analytics', 'stored procedures', 'dimensional modeling', 'complex sql tuning', 'testing processes', 'analytics', 'bi development processes', 'olap tools', 'data validation', 'sql', 'scrum methodology', 'data quality', 'reporting tools', 'business intelligence', 'data warehouse technologies', 'microsoft power bi', 'bi technologies', 'ibm cognos', 'predictive analysis', 'data model/architecture', 'data reporting', 'ssrs', 'change control processes', 'ssis', 'ssas']"
Data Visualization Expert,"['object-oriented programming languages', 'cloud/big data platforms', 'data warehouse architecture', 'oracle', 'semantics/knowledge representation/ontologies/linked data', 'azure', 'hadoop', 'sql/no sql', 'data engineering', 'extract transform load', 'aws', 'data visualization tools']"
Data Visualization Expert,"['applied statistics', 'advanced analytics', 'd3', 'r', 'data visualization', 'python', 'javascript', 'programming languages', 'sql', 'data analysis', 'tableau']"
Data Visualization Expert,"['database management', 'data visualization', 'spss', 'data analytics', 'data modeling', 'statistical analysis', 'software development principles', 'data visualization tools', 'business intelligence data warehouses', 'regression analysis', 'statistical modeling', 'sql', 'system integrations', 'bi tools', 'pros', 'vendavo', 'excel', 'tableau', 'r', 'access', 'pentaho', 'data mapping', 'pricing analytics applications']"
Data Visualization Expert,"['spark', 'java', 'data science algorithms', 'database management', 'python', 'big data technologies', 'hadoop', 'unix/linux environment', 'programming languages', 'visualization', 'software development', 'data mining', 'scala', 'source code management systems', 'data processing', 'cloud and distributed systems', 'svn', 'git']"
Data Visualization Expert,"['linux', 'udp', 'oracle', 'python', 'vbscript', 'scripting languages: wmi', 'sdlc', 'information security', 'unix', 'yara and snort signature', 'regex', 'siem products', 'windows server operating systems', 'information security tools development', 'splunk', 'sql', 'data security controls', 'system development life cycle', 'networking protocols: tcp/ip', 'database platforms: ms sql', 'mysql', 'regular expression']"
Data Visualization Expert,"['project management', 'data visualization', 'sql', 'data analysis', 'tableau']"
Data Visualization Expert,"['project management', 'shop floor management', 'reporting tools', 'data visualization', 'analytical skills', 'lean manufacturing', 'microsoft office proficiency', 'process improvement', 'data analysis']"
Data Visualization Expert,"['jira', 'css', 'python', 'react', 'matlab', 'hadoop', 'javascript', 'node', 'axure', 'sketch', 'spark', 'd3', 'html', 'confluence', 'aws', 'sql', 'gcp', 'cassandra', 'adobe creative suite', 'invision', 'postgres', 'scala', 'git', 'r', 'google cloud platform', 'microsoft office']"
Data Visualization Expert,"['data visualization', 'python', 'gis programs', 'data scraping', 'statistical programs', 'ruby', 'data analysis', 'excel', 'scripting languages', 'sql', 'e.g.']"
Data Visualization Expert,"['project management', 'financial management', 'ms excel', 'budget planning', 'database administration', 'clarity', 'sap', 'data analysis']"
Data Visualization Expert,"['understanding of relational databases', 'data visualization', 'html', 'data manipulation', 'excel', 'javascript', 'sap hana', 'statistical modeling', 'sql', 'data analysis', 'tableau']"
Data Visualization Expert,"['spark', 'machine learning', 'r', 'python', 'matlab', 'api integration', 'data analytics', 'scala', 'physics-based modeling']"
Data Visualization Expert,"['data quality', 'computer modeling', 'master data management', 'data governance', 'hadoop', 'database administration', 'big data', 'analytics', 'load programming', 'data integration', 'data modeling', 'statistical modeling', 'ab initio', 'extract', 'sql', 'extract transform load', 'transform', 'metadata management']"
Data Visualization Expert,"['visibility tools', 'material handling equipment', 'visualization tools', 'otm', 'microsoft office suite', 'warehouse design', 'design applications', 'mhe', 'microsoft', 'erps', 'data analytics software', 'data organization', 'most', 'appian', 'manhattan scale', 'transportation design', 'e.g.', 'tableau', 'automation', 'jda', 'network design tools', 'mapping software', 'simulation tools', 'database programming', 'llamasoft', 'simulation software', 'industrial engineering', 'supply chain management', 'transportation design tools', 'warehouse management systems', 'labor management systems']"
Data Visualization Expert,"['linux', 'python', 'relational databases', 'data modeling', 'spark', 'hive', 'aws', 'sql', 'java', 'machine learning', 'hadoop / mapreduce', 'pig', 'data mining', 'scala', 'data analysis', 'web application development', 'r', 'statistics', 'computer networks']"
Data Visualization Expert,"['python', 'matlab', 'spss', 'optimization', 'investment valuation', 'scoring', 'sql', 'predictive modeling', 'advanced analytics', 'multi-factor experiments', 'business intelligence', 'analysis', 'visualization', 'sas', 'statistical concepts', 'r', 'advanced modeling', 'data science', 'data management']"
Data Visualization Expert,"['campaign setup and management', 'google analytics knowledge', 'managing campaigns through dsps', 'data visualization and reporting', 'display programmatic partners research', 'microsoft excel proficiency']"
Data Visualization Expert,"['spark', 'sql server', 'hive', 'teradata', 'oracle', 'scala', 'business intelligence solutions delivery', 'python', 'r and/or sas', 'redshift', 'data modeling', 'tableau data visualization', 'agile development', 'data wrangling', 'sql', 'parallel databases', 'enterprise data warehouse']"
Data Visualization Expert,"['content-based filtering', 'python', 'real-time streaming', 'graph theory', 'recommendation systems', 'programming languages', 'spark', 'd3', 'sql', 'java', 'hadoop/mapreduce', 'machine learning', 'fast data', 'tableau', 'r', 'artificial intelligence', 'natural language processing', 'dashboard and visualization software', 'big data', 'distributed systems', 'mixpanel', 'personalization', 'flurry', 'google analytics', 'collaborative filtering']"
Data Visualization Expert,"['value analysis', 'icd 9/10', 'etgs', 'fhir', 'data visualization tools', 'loinc', 'project management', 'dcgs', 'modeling techniques', 'bo', 'industry standard groupers', 'data research', 'analytics', 'program evaluation', 'health services research', 'data management', 'predictive modeling', 'bi tools', 'financial modeling', 'health care informatics', 'business intelligence', 'statistical software', 'sas', 'content knowledge', 'data mining', 'reporting', 'e.g.', 'tableau', 'healthcare information standards', 'hl7', 'cpt codes', 'drgs', 'decision support analytics']"
Data Visualization Expert,"['big data technologies/platforms', 'statistical platforms', 'deep-learning algorithms', 'data science', 'predictive modeling', 'data visualization tools', 'forecasting']"
Data Visualization Expert,"['hive', 'hbase', 'r', 'statistical software', 'python', 'hadoop', 'data management', 'sql', 'data analysis', 'data visualization tools', 'data warehousing']"
Data Visualization Expert,"['desired', 'python', 'programming', 'data extraction', 'exploratory data analysis', 'javascript', 'database integration', 'statistical modeling', 'sql', 'machine learning', 'r shiny', 'data mining', 'data cleaning', 'flask - desired', 'r', 'data auditing', 'frameworks', 'data profiling', 'algorithm testing and implementation']"
Data Visualization Expert,"['data-driven research', 'machine learning', 'natural language processing', 'mathematics', 'operations research', 'statistics', 'html/css/javascript', 'computer science', 'database design', 'probability', 'sql', 'algorithm development']"
Data Visualization Expert,"['machine learning', 'data visualization', 'statistics', 'r or python', 'programming', 'applied econometrics', 'energy sector knowledge', 'statistical program evaluation', 'model selection', 'data science', 'econometrics']"
Data Visualization Expert,"['data visualization best practices', 'advanced tableau topics', 'data visualization', 'hadoop', 'business requirements analysis', 'relational databases', 'data modeling', 'sql', 'tableau']"
Data Visualization Expert,"['data visualization', 'wireframing', 'qualitative data analysis', 'prototype design', 'survey tools', 'data analysis', 'research methods']"
Data Visualization Expert,"['gis technology', 'lambda', 'api gateway', 'cloudwatch', 's3', 'javascript', 'dynamodb', 'mapbox', 'tilemill', 'qgis', 'amazon web services', 'node.js', 'database schema design', 'postgres database', 'bootstrap', 'ogr', 'arcgis desktop', 'cognito', 'git', 'hosting environment management', 'automated testing', 'postgis', 'arcgis server', 'elasticsearch', 'html5', 'database administration', 'css3', 'image editing tools', 'react.js', 'data migration and scripting']"
Data Visualization Expert,"['power bi', 'privacy analysis', 'metrics infrastructure development', 'security analysis', 'risk analysis', 'analytics', 'business dashboards', 'statistical/data visualization tools', 'excel', 'data modeling', 'data protection', 'sql', 'microsoft bi/sql stack']"
Data Visualization Expert,"['spark', 'java', 'r', 'understanding of hadoop stack', 'data visualization', 'data manipulation', 'javascript', 'e.g. hdfs', 'programming and scripting', 'data analysis', 'json']"
Data Visualization Expert,"['design tools and software', 'project management', 'presentation design', 'infographic design', 'market research data analysis', 'data visualization', 'microsoft office', 'creative design', 'custom template creation', 'chart and diagram creation', 'brand guidelines adherence']"
Data Visualization Expert,"['sql server', 'netezza', 'teradata', 'oracle', 'business intelligence', 'data visualization', 'hadoop', 'relational databases', 'data modeling', 'data integration', 'alteryx', 'sql', 'tableau']"
Data Visualization Expert,"['r', 'statistical software', 'data visualization', 'roi analysis', 'analytics', 'test and learn measurement', 'spss', 'sas', 'excel', 'data modeling', 'statistical analysis', 'advertising effectiveness', 'research methodologies', 'data visualization tools', 'tableau']"
Data Visualization Expert,"['training development', 'customer support', 'chatbot', 'cti', 'data visualization', 'computer telephony integration', 'microsoft office', 'interactive voice recognition', 'salesforce', 'dashboard analytics', 'performance measurement', 'process improvement', 'ivr']"
Data Visualization Expert,"['python', 'relational databases', 'data visualization tools', 'organizing', 'data-driven research', 'data infrastructure', 'sql', 'and structuring data', 'power bi', 'project planning', 'analysis', 'sas', 'data mining', 'reporting', 'industry research', 'tableau', 'teradata', 'r', 'cleaning']"
Data Visualization Expert,"['project management', 'data visualization', 'excel', 'scripting languages', 'data infrastructure', 'sql', 'data analysis', 'distributed computing']"
Data Visualization Expert,"['project management', 'r', 'python', 'hadoop', 'analytic storytelling', 'excel', 'sas', 'alteryx', 'sql', 'tableau']"
Data Visualization Expert,"['experimentation', 'data visualization', 'time series analysis', 'kpi strategy', 'sql', 'data analysis']"
Data Visualization Expert,"['data visualization best practices', 'researching source data', 'troubleshooting performance issues', 'tableau development', 'relational databases', 'sql', 'debugging code', 'tableau server administration']"
Data Visualization Expert,"['training development', 'uat', 'project management', 'business intelligence', 'data visualization', 'user acceptance testing', 'microsoft power view', 'hypothesis development', 'sharepoint administration', 'statistical analysis', 'data interpretation', 'data analysis']"
Data Visualization Expert,"['design systems', 'image search and selection', 'web design', 'adobe experience manager', 'cms management', 'aem', 'adobe creative cloud', 'sketch', 'ux design', 'ui design']"
Data Visualization Expert,"['powerpoint presentations', 'literature reviews', 'creating visual representations', 'project management tools', 'formatting', 'proofreading', 'data analytics', 'data presentation and visualization', 'microsoft office proficiency', 'share point management']"
Data Visualization Expert,"['r', 'stata', 'python', 'data software proficiency', 'strong quantitative skills', 'sql familiarity']"
Data Visualization Expert,"['software configuration', 'agile methodology', 'asp.net', 'qlikview or qlik sense', 'report/visualization design', 'data visualization', 'web forms', 'application development', 'testing/validation', 'end-user training', 'c', 'sql', 'product analysis']"
Data Visualization Expert,"['data structures', 'development methodologies', 'programming skills', 'object-oriented analysis and design']"
Data Visualization Expert,"['agile', 'data visualization', 'lean', 'reporting capabilities', 'metrics analysis', 'flow practices', 'data analysis']"
Data Visualization Expert,"['computational skills', 'project management', 'epidemiology', 'data visualization', 'data analysis', 'quantitative methods', 'supervisory/management', 'research command', 'disease modeling']"
Data Visualization Expert,"['informatica analyst', 'ibm information governance catalog', 'problem management', 'system architecture', 'source-to-target design', 'data modeling', 'netezza and/or oracle databases', 'data profiling', 'sql', 'data analysis', 'metadata management']"
Data Visualization Expert,"['business intelligence', 'agile development methodology', 'business objects', 'pl/sql', 'microsoft office applications', 'reporting', 'dimensional modeling', 'ralph kimball’s methodology', 'tableau', 'sql', 'sdlc', 'data warehouse methodology', 'data warehousing']"
Data Visualization Expert,"['excel modeling', 'tableau', 'data visualization', 'e.g.', 'analytics', 'r and/or python', 'business intelligence tools', 'sql', 'data analysis', 'forecasting']"
Data Visualization Expert,"['web analytics', 'tableau or domo', 'omniture/google analytics', 'microsoft excel proficiency']"
Data Visualization Expert,"['microsoft excel', 'rfp writing', 'formulas', 'vendor relationship management', 'doubleclick trafficking', 'data visualization', 'display metrics and optimization', 'google analytics', 'pivot tables']"
Data Visualization Expert,"['formulas', 'media mix modeling', 'social media', 'data visualization', 'budgeting', 'metrics analysis', 'direct response digital media', 'microsoft bi', 'testing strategies', 'vlookups', 'display/digital media', 'pivot tables', 'marketing analytics', 'sem/paid search', 'a/b', 'excel', 'multivariate', 'optimization techniques', 'data analysis', 'tableau', 'online to offline attribution', 'spotfire', 'multi-touch attribution', 'domo', 'graphs', 'google analytics']"
Data Visualization Expert,"['design and coding', 'return-to-service', 'dimensional database design', 'business intelligence', 'etl frameworks', 'rts analysis', 'data quality assessment', 'system functionality testing', 'usage reporting', 'system documentation', 'software development', 'data modeling', 'sql development', 'dashboard and report development', 'data analysis', 'break-fix enhancements', 'requirements analysis']"
Data Visualization Expert,"['database devops', 'r', 'python', 'nosql', 'modern oo language', 'microsoft sql server 2016/17', 't-sql', 'data modeling', 'data warehouse', 'azure environments', 'ssis', 'c', 'tableau', 'e.g.', 'powerbi', 'performance tuning']"
Data Visualization Expert,"['and load', 'critical thinking', 'data visualization', 'extraction', 'r or python', 'transformation', 'sql', 'data cleaning']"
Data Visualization Expert,"['clinical applications', 'data visualization', 'problem-solving', 'sdlc principles', 'data schema design', 'reporting technologies', 'database design', 'microsoft powerbi', 'revenue cycle management', 'pl/sql', 'query tuning', 'data mining', 'olap cubes', 'crystal reports', 'business intelligence tools', 'tableau', 'ssrs', 'strategic planning', 't-sql', 'extract transform load', 'ssis', 'ssas', 'rdbms technologies']"
Data Visualization Expert,"['network monitoring tools', 'r', 'machine learning', 'e2e monitoring', 'data visualization', 'python', 'time series analysis', 'storage monitoring tools', 'server monitoring tools', 'itil foundations certification']"
Data Visualization Expert,"['git', 'java', 'c/c++', 'health statistics', 'version control', 'r', 'computational modeling', 'quantitative analysis', 'python', 'bayesian statistical techniques', 'subversion', 'simulation methods', 'data analysis', 'scientific computing']"
Data Visualization Expert,"['database management', 'survey measurement planning', 'analytics', 'business requirements gathering', 'data analysis', 'business intelligence reporting']"
Data Visualization Expert,"['full stack development', 'coding', 'web technologies', 'computer science fundamentals', 'typescript', 'object-oriented programming', 'software design', 'algorithms', 'css', 'devops', 'react', 'flux', 'web experience development', 'distributed systems', 'algorithm design', 'debugging and optimization', 'efficient data structures']"
Data Visualization Expert,"['microsoft excel', 'data visualization software', 'tableau preferred', 'crm administration', 'data analysis']"
Data Visualization Expert,"['attention to detail', 'ability to work independently', 'strong analytical skills', 'non']"
Data Visualization Expert,"['backend data engineering', 'storm', 'big data technologies', 'python', 'hadoop', 'dynamodb', 'data warehouses', 'fhir', 'data lake architecture', 'data visualization tools', 'spark', 'orc', 'hive', 'rdbms', 'kafka', 'aws', 'big data analytics', 'sql', 'cloudformation', 'deep learning', 'java', 'hbase', 'etl data processing pipelines', 'infrastructure automation', 'machine learning', 'streaming data technologies', 'cassandra', 'presto', 'kinesis', 'nosql databases', 'software development', 'columnar data stores', 'scala', 'parquet', 'mongodb', 'schema design and optimization', 'spark streaming', 'r', 'natural language processing', 'cloud technologies', 'redshift', 'terraform', 'healthcare data and workflows', 'hl7', 'data processing pipelines']"
Data Visualization Expert,"['data warehouse architecture', 'data visualization', 'python', 'big data technologies', 'matlab', 'hadoop', 's3', 'programming languages', 'spark', 'data visualization software', 'hive', 'data-pipeline', 'hbase', 'building data pipelines', 'sql querying', 'aws technologies', 'pig', 'etl processes', 'r', 'tableau/qlikview', 'redshift', 'ec2']"
Data Visualization Expert,"['cloud-based data search', 'configuration', 'customization', 'search algorithms', 'data analytics', 'jt', 'teamcenter administration', 'c++ customization', 'd xml', 'teamcenter plmxml', 'c', 'indexing', 'exalead cloud view/one part', 'java', 'extending teamcenter services', 'text analytics', 'd visualization tools', 'teamcenter soa', 'data mining', 'information analytics', 'sso experience', 'support', 'business analytical skills', 'itk', 'd/3d search', 'tcxml', 'teamcenter implementation', 'single sign-on']"
Data Visualization Expert,"['visual design', 'agile', 'data visualization', 'lean', 'design thinking', 'invision', 'adobe creative cloud', 'sketch', 'ux design']"
Data Visualization Expert,"['spark', 'java', 'hive', 'database management', 'r', 'data visualization', 'python', 'hadoop', 'data manipulation', 'pig', 'a/b testing', 'high-level programming languages', 'scala', 'sql', 'data analysis', 'data quality assurance']"
Data Visualization Expert,"['business', 'power bi', 'r', 'knowledge of engineering', 'statistics', 'sas', 'or other mathematical fields', 'economics', 'tableau']"
Data Visualization Expert,"['market research and analysis', 'scrum', 'product requirements definition', 'acceptance criteria definition', 'security technologies', 'azure', 'vmware-based private clouds', 'product strategy', 'visualization', 'customer feedback incorporation', 'aws', 'agile development', 'big data analytics', 'public/private clouds', 'product roadmap', 'data center networking']"
Data Visualization Expert,"['project management', 'dfmea', 'quality history reviews', 'supplier management', 'six sigma', 'advanced product quality planning', 'change management processes', 'cad literacy', 'system/component design specification', 'apqp', 'dfa/dfm reviews', 'failure mode avoidance activities']"
Data Visualization Expert,"['dashboard creation', 'sql server', 'database management', 'reporting tools', 'teradata', 'oracle', 'data governance', 'audit command language', 'sas enterprise guide', 'acl', 'regulatory compliance', 'excel', 'relational databases', 'data analytics', 'query tools', 'business intelligence tools', 'data management']"
Data Visualization Expert,"['microsoft excel', 'r', 'data visualization', 'python', 'report development', 'cognos', 'data cleansing', 'ssrs', 'database design', 'data transformation', 'business intelligence tools', 'sql', 'data analysis', 'tableau']"
Data Visualization Expert,"['firewall management', 'algorithmic techniques', 'analytical tools development', 'security controls', 'data visualization', 'security systems maintenance', 'information security intelligence', 'statistical modeling', 'siem', 'data analysis', 'encryption methods']"
Data Visualization Expert,"['azure appservice', 'messaging systems', 'azure functions', 'azure iot hub', 'amqp', 'stream analytics', 'cosmosdb', 'mqtt', 'microservice architecture', 'rest apis', 'iot protocols', 'devops practices', 'cloud iot platforms', 'internet of things solutions', 'net & c#', 'relational and nosql stores', 'web services', 'telemetry ingestion', 'https', 'predictive analytics systems', 'edge analytics', 'infrastructure as a service', 'paas capabilities', 'cloud computing environments', 'api gateways', 'device provisioning & management']"
Data Visualization Expert,"['data structures', 'c/c++', 'problem-solving', 'rf/communications software development', 'operating system knowledge', 'development methodologies', 'programming skills', 'software development', 'high-level programming languages', 'advanced understanding of computers', 'object-oriented analysis and design']"
Data Visualization Expert,"['system integration', 'project management', 'vendor management', 'system implementation', 'data stewardship', 'data visualization', 'software maintenance', 'gap analysis', 'operational best practices', 'report development', 'employee data analytics', 'applications management', 'process improvement', 'system analysis', 'hr data management', 'data quality standards']"
Data Visualization Expert,"['spark', 'java', 'artificial intelligence', 'business analytics', 'python', 'hadoop', 'distributed systems', 'programming languages', 'data mining', 'big data architecture', 'scala', 'data science', 'cloud computing', 'data processing pipelines']"
Data Visualization Expert,"['r', 'data visualization', 'python', 'data analysis', 'investigative skills', 'haskell', 'php', 'sql', 'problem solving']"
Data Visualization Expert,"['information visualization tools', 'multimedia data systems', 'python', 'data pipeline systems', 'bi & reporting dashboards', 'sql']"
Data Visualization Expert,"['project management methodologies', 'agile methodology', 'data visualization', 'root cause analysis', 'crm administration', 'end-user testing', 'application administration', 'data architecture', 'leadership skills', 'file sharing/management administration', 'reporting enhancements', 'data hygiene']"
Data Visualization Expert,"['data visualization', 'problem-solving', 'unstructured data analysis', 'excel', 'statistical analysis', 'sql', 'data analysis', 'tableau']"
Data Visualization Expert,"['health/ medical informatics', 'clinical data standards', 'advanced visualization', 'real world data utilization', 'health economics/ epidemiology', 'data mining', 'emr/ health it', 'coding terminologies', 'statistical analysis', 'observational research', 'quality-focused mindset']"
Data Visualization Expert,"['python', 'optimization', 'github', 'theano', 'machine learning techniques', 'hive', 'big data infrastructure', 'spark', 'gensim', 'and segmentation', 'tensorflow', 'statistical modeling', 'sql', 'spacy', 'text analytics', 'or keras', 'analysis', 'nlp frameworks and libraries', 'natural language processing', 'stanford corenlp', 'h2o', 'nltk']"
Data Visualization Expert,"['spark', 'advanced analytics', 'large scale data processing', 'machine learning', 'oncology expertise', 'statistical programming', 'data visualization', 'r', 'python', 'medical information analysis', 'hadoop', 'advanced analytical skills', 'data science', 'sql', 'deep learning']"
Data Visualization Expert,"['user research', 'digital strategy', 'competitive landscape analysis', 'business goals alignment', 'a/b', 'testing methods', 'experience strategy', 'data analysis techniques', 'branding', 'information architecture', 'prototyping', 'user behavior analysis', 'multivariate testing', 'marketing goals alignment', 'market research', 'ux design']"
Data Visualization Expert,"['project management', 'machine learning', 'bayesian analysis', 'open-source tool development', 'interactive visualization tools', 'python or r', 'cloud-based data platforms', 'hypothesis testing', 'transportation data analysis', 'data integration', 'programming languages', 'statistical analysis']"
Data Visualization Expert,"['data platform', 'dax', 'microsoft analytics stack', 'python', 'sql server analysis services', 'descriptive', 'data integration', 'predictive', 'data visualization tools', 'spark', 'relational and dimensional modeling', 'apache tools', 'analytics', 'power bi', 'machine learning', 'business intelligence', 'erp systems', 'kimball data warehousing', 'dimensional data warehouses', 'tableau', 'and prescriptive studies', 't-sql', 'data science']"
Data Warehousing,"['technical skills:', 'project management', 'stata', 'r', 'business intelligence', 'statistical software', 'python programming', 'spss', 'sas', 'data analytics', 'reporting', 'data collection', 'sql', 'extract transform load', 'data visualization tools']"
Data Warehousing,"['shell scripts', 'hbase', 'big data technology stack', 'rdf', 'hadoop', 'data science platforms', 'data visualization platforms', 'python programming', 'r programming', 'nosql databases', 'data modeling', 'data architecture', 'sql', 'neo4j']"
Data Warehousing,"['data archiving', 'database management', 'data cleansing', 'data extraction', 'database backup and recovery', 'data transformation', 'business analysis', 'software engineering leadership', 'software engineering lifecycle', 'technical solution design', 'software engineering architecture', 'data warehousing', 'data standardization', 'business knowledge', 'data mining', 'data loading', 'database security', 'software engineering techniques', 'database performance tuning', 'data reporting', 'architecture knowledge', 'data profiling', 'data de-duplication', 'data management']"
Data Warehousing,['sqis']
Data Warehousing,[]
Data Warehousing,"['information theory', 'computational network models', 'rapidminer', 'machine learning', 'r', 'python', 'bioinformatics', 'statistics', 'big data', 'knime', 'spss', 'graph modelling', 'sas', 'data modeling', 'databases', 'data analysis', 'data warehousing']"
Data Warehousing,"['application architecture', 'emerging technologies', 'master data program governance', 'data integration', 'data modeling', 'information architecture', 'sdlc', 'business objects', 'sap bw', 'strategic architecture', 'technical architecture', 'hana', 'data and analytics vision', 'data warehousing', 'data quality', 'azure cloud', 'business intelligence', 'tableau', 'google cloud platform', 'big data architectures', 'information delivery', 'infrastructure platforms and technologies', 'data management']"
Data Warehousing,"['microsoft office suite', 'analytical reporting', 'financial analysis', 'logistical analysis', 'mrp', 'wms', 'shop floor performance analysis', 'data mining', 'automation software', 'sap s/4 hana', 'tms', 'sap']"
Data Warehousing,"['sequence mining', 'rapidminer', 'machine learning', 'r', 'python', 'statistics', 'knime', 'spss', 'user profile clustering', 'recommendation systems', 'sas', 'data modeling', 'intent analysis', 'big data/data mining', 'databases', 'data analysis', 'data warehousing']"
Data Warehousing,"['customer service', 'multitasking', 'reporting skills', 'data analysis', 'knowledge of billing processes', 'proficiency with tracking systems', 'communication skills', 'problem solving', 'documentation skills', 'attention to detail']"
Data Warehousing,"['data quality', 'data warehouse architecture', 'informatica powercenter', 'etl development', 'data cleansing', 'erwin data modeling', 'enterprise-class data warehousing solutions', 'data movement', 'business intelligence systems', 'sql', 'bi architecture', 'informatica data quality']"
Data Warehousing,"['maintaining consignment accounts', 'tracking inbound/outbound shipments', 'scheduling', 'planning', 'maintaining inventory', 'and coordination', 'publishing reports', 'resolving shipment exceptions', 'po and order creation']"
Data Warehousing,"['relational database design', 'database integrity management', 'data reporting', 'database performance optimization', 'data extraction', 'data mining', 'data modeling', 'data validation', 'data transformation', 'data profiling', 'data cleaning', 'data warehousing']"
Data Warehousing,"['warehouse operations', 'microsoft office suite', 'manufacturing process instructions', 'gmp', 'material handling', 'quality control', 'inventory management', 'lean principles', 'mpi', 'good manufacturing practices', 'mrp system']"
Data Warehousing,"['c/java/python/scala coding', 'azure', 'cosmos/adl/hadoop/spark', 'sql azure/adw/adf/cloud services', 'sql', 'r coding', 'data warehousing']"
Data Warehousing,"['css', 'html', 'scoping', 'call center experience', 'problem-solving skills', 'javascript', 'knowledge of web/scripting technologies', 'solution scoping abilities', 'managing', 'and saas applications']"
Data Warehousing,"['mapreduce', 'big data technologies', 'cloud platforms', 'data warehouses', 'ibm biginsights', 'hive', 'data quality functions', 'analytics', 'talend', 'aws', 'informatica', 'data warehousing', 'data integration products', 'data ingestion techniques', 'data cleansing routines', 'business intelligence', 'gcp', 'cassandra', 'data lake implementations', 'etc.', 'pig', 'etl processes', 'mongodb', 'azure', 'nosql', 'distributed systems', 'information delivery', 'reporting and visualization', 'data architecture', 'hadoop distributed file system', 'hdfs']"
Data Warehousing,"['microsoft excel', 'auditing', 'data entry', 'accounts payable processing', 'customer invoicing', 'accounts payable']"
Data Warehousing,"['database management', 'telecommunications', 'e-commerce', 'infrastructure support', 'storage networks', 'systems integration', 'application support', 'erp systems', 'web & cloud infrastructure', 'scientific computing', 'systems analysis', 'visualization techniques', 'data warehousing']"
Data Warehousing,"['inventory management', 'forklift operations', 'data entry', 'shipping and receiving']"
Data Warehousing,"['excel', 'outlook', 'word', 'microsoft office']"
Data Warehousing,"['microsoft office products', 'data transmission', 'ms office', 'access', 'word', 'outlook', 'excel', 'inventory management', 'intermediate to advanced excel']"
Data Warehousing,"['environment compliance', 'hsse', 'safety', 'health', 'lubricants quality standards', 'overtime management', 'root cause analysis', 'continuous improvement', 'security', 'production planning', 'regulatory compliance', 'warehousing operations', 'packaging operations', 'blending operations', 'lqs']"
Data Warehousing,"['internal auditing', 'iso 14001', 'c-tpat', 'microsoft office proficiency', 'quality management', 'iso 9001', 'supply chain management', 'integrated management systems', 'data analysis']"
Data Warehousing,"['visual validation of merchandise', 'warehouse organization', 'data entry', 'stock control procedures', 'financial audit assistance', 'inventory reporting', 'inventory management', 'computer skills', 'recycling policy implementation']"
Data Warehousing,"['power bi', 'business intelligence', 'data visualization', 'etl development', 'sas visual analytics', 'sql scripting', 'dashboard design', 'web development', 'data warehousing', 'tableau']"
Data Warehousing,"['data visualization', 'python', 'hadoop', 'dynamodb', 'aws redshift', 'sql/no-sql databases', 'bigtable', 'data pipeline', 'bigquery', 'rds', 'data warehouse', 'big data processing', 'data warehousing', 'distribution system', 'java', 'hbase', 'real-time big data technology', 'kinesis', 'cache process', 'tableau', 'automation', 'extract transform load', 'mining']"
Data Warehousing,"['software skills', 'predictive analytics', 'data visualization', 'qlik', 'executive reporting', 'measurement', 'sas', 'statistical knowledge', 'reporting', 'data science', 'tableau', 'data analysis', 'domo', 'data warehousing']"
Data Warehousing,"['material handling optimization', 'fleet management', 'biomedical equipment management', 'inventory systems optimization', 'inventory accuracy', 'inventory management', 'supply chain management', 'logistics process improvement']"
Data Warehousing,"['data cleansing', 'data integration', 'data modeling', 'data transformation', 'dashboards', 'master data management', 'data integrity', 'bi/dw solutions', 'sql', 'data warehousing', 'data architecture standards', 'power bi', 'quality assurance', 'business intelligence', 'design review', 'data architecture documentation', 'data accuracy validation', 'extract transform load', 'metrics definition', 'data analysis', 'testing', 'tableau', 'solution architecture', 'physical infrastructure', 'data collection methods', 'information delivery', 'analytical evaluation methods']"
Data Warehousing,['ms office software']
Data Warehousing,"['preparation of shipment documentation', 'and export declarations', 'data entry', 'erp system familiarity', 'bills of lading', 'communication skills', 'microsoft office suite proficiency', 'oral and written']"
Data Warehousing,"['manufacturing execution system', 'erp', 'plan for every part', 'warehouse processes', 'order fulfillment', 'discrete event simulation', 'warehouse management system', 'process design', 'wms', 'mes', 'industrial engineering', 'lean principles', 'facility layout optimization', 'data analysis', 'pfep', 'enterprise resource planning', 'continuous improvement']"
Data Warehousing,"['cmms', 'preventive maintenance scheduling', 'data-driven decision-making', 'procurement system operation', 'problem-solving', 'reporting and analysis', 'computerized maintenance management systems', 'inventory management/control', 'budget tracking', 'recordkeeping', 'oracle package knowledge', 'work order management', 'parts identification and storage', 'enterprise server cmms experience']"
Data Warehousing,"['financial analysis', 'transportation operations', 'organizational skills', 'warehouse management', 'inventory control', 'sanitation management', 'performance management']"
Data Warehousing,"['wms knowledge', 'warehouse management system', 'basic mathematics', 'powered industrial lift experience']"
Data Warehousing,"['ecommerce', 'qualitative analysis', 'product management', 'quantitative analysis', 'roadmapping', 'excel', 'agile methodologies', 'software development', 'multivariate testing', 'sql', 'data analysis', '###', 'ux design']"
Data Warehousing,"['typing skills', 'warehousing', 'requisitioning', 'supply chain analysis', 'stock control', 'stock replenishment', 'preventive maintenance', 'supply procurement', 'cataloging', 'material safety data sheets', 'inventory control', 'msds', 'microsoft office proficiency', 'supply inventory management', 'property management', 'inventory rotation']"
Data Warehousing,"['load', 'user security', 'data integrity', 'data visualization', 'tableau', 'documentation', 'data mapping', 'sap business objects', 'reporting', 'extract', 'requirements gathering', 'extract transform load', 'transfer', 'data warehousing']"
Data Warehousing,"['order pickers', 'pallet jacks', 'operating forklifts', 'inventory control', 'reach trucks']"
Data Warehousing,"['proficiency in microsoft office', 'understanding of tsa regulations', 'data entry']"
Data Warehousing,"['machine learning', 'java/scala', 'c++', 'python', 'go', 'big data analysis', 'performance optimization', 'distributed/high performance computation', 'distributed storage and database', 'operating systems', 'programming', 'containers and orchestration', 'resource scheduling algorithms', 'machine learning platforms']"
Data Warehousing,"['project management', 'financial analysis', 'risk assessment', 'kpis', 'data analysis', 'program management', 'tpm', 'lean manufacturing', 'supply chain management', 'process improvement', 'total productive maintenance', 'logistics operations', 'continuous improvement']"
Data Warehousing,"['mrp tools', 'six sigma certification', 'sap or erp implementation', 'materials requirements planning', 'inventory planning', 'lean manufacturing', 'apex']"
Data Warehousing,"['basic arithmetic', 'production line capacity planning', 'maintenance issue reporting', 'excel', 'financial acumen', 'quality management', 'inventory management', 'knowledge of microsoft office', 'data analysis', 'payroll processing']"
Data Warehousing,"['product inspection', 'warehouse management system', 'wms', 'inventory management', 'basic mathematics', 'powered industrial lift operation']"
Data Warehousing,"['wms knowledge', 'warehouse management system', 'data entry', 'inventory management', 'basic mathematics']"
Data Warehousing,"['forklift training', 'project management', 'supervision', 'warehouse procedures', 'documentation', 'warehouse management systems', 'ssop implementation', 'incident investigations', 'coaching', 'inventory management', 'training', 'problem solving', 'computer skills']"
Data Warehousing,"['warehouse management system', 'basic mathematics', 'wms', 'powered industrial equipment operation']"
Data Warehousing,"['hive', 'informatica powercenter', 'azure sql data warehouse', 'ssas', 'hdfs', 'hadoop', 'microsoft azure ecosystem', 'cognos', 'cloud paas', 'data lake', 'data warehouse data modeling', 'extract transform load', 'ssis', 'tableau', 'bi & analytic tools', 'powerbi', 'erwin']"
Data Warehousing,"['efficient office procedures', 'microsoft excel', 'database management', 'microsoft word', 'spreadsheet creation', 'data entry', 'report generation', 'typing speed of 50wpm', '-key data entry', 'microsoft outlook', 'microsoft powerpoint']"
Data Warehousing,"['system integration', 'project management', 'data quality assessment', 'data warehouse technical specifications', 'data modeling', 'data profiling', 'business intelligence systems', 'data analysis']"
Data Warehousing,"['database management', 'networking', 'it infrastructure', 'programming languages', 'software development', 'web development']"
Data Warehousing,"['software development processes optimization', 'java', 'spark', 'system integration', 'r', 'master data management', 'python', 'hadoop', 'go', 'etl/data pipelines development', 'bigquery', 'data analysis tools', 'data architecture', 'sql', 'e.g.', 'google f1', 'data management', 'tableau']"
Data Warehousing,"['adobe captivate', 'word', 'outlook', 'microsoft office', 'excel', 'powerpoint', 'adobe connect']"
Data Warehousing,"['customer service', 'problem-solving', 'fuel inventory management', 'data analysis', 'maintaining administrative records']"
Data Warehousing,"['data enrichment', 'data delivery techniques', 'oracle', 'hadoop', 'qa processes', 'sdlc', 'business analysis', 'continuous integration', 'application development', 'database modeling', 'relational database management', 'logical data modeling', 'ab initio', 'sql', 'data warehousing', 'sql server', 'db2', 'metadata', 'machine learning', 'system development life cycle', 'pl/sql', 'oracle exadata', 'database information architecture', 'business continuation planning', 'distributed database processes', '10/11g/12c', 'data warehouse design', 'etl programming', 'teradata', 'big data', 'databases', 'agile software development']"
Data Warehousing,"['ms office', 'system skills', 'reconciliation', 'data entry', 'accounts payable', 'invoice processing']"
Data Warehousing,"['data warehousing concepts', 'database architecture knowledge', 'financial data understanding', 'etl processes management', 'data profiling', 'quality control implementation', 'data integration solutions design', 'data modeling', 'sql fluency', 'process improvement', 'data analysis', 'business analysis', 'business intelligence reporting']"
Data Warehousing,"['python', 'data debugging', 'scikit', 'business objects', 'vertica', 'saas metrics', 'looker', 'bigquery', 'automating processes', 'etl pipelines', 'pandas', 'sql', 'financial and accounting concepts', 'numpy', 'bash', 'ruby', 'excel', 'erp systems', 'perl', 'business intelligence tools', 'relational data', 'tableau', 'r', 'financial planning tools', 'mpp databases', 'microstrategy', 'redshift', 'snowflake', 'scripting languages']"
Data Warehousing,"['microsoft office suite', 'kpi framework', 'oracle applications', 'excel', 'website creation and maintenance', 'etc.', 'powerpoint', 'sql']"
Data Warehousing,"['test planning', 'bi reporting', 'regression testing', 'software testing', 'test case development', 'requirement analysis', 'data integration', 'data validation', 'etl tools', 'test case automation', 'business intelligence tools', 'sql', 'data warehousing']"
Data Warehousing,"['database software', 'demand planning', 'inventory management', 'order processing systems', 'report generation', 'sap analysis', 'data analysis', 'cmms software']"
Data Warehousing,"['spark', 'postgresql', 'tsql', 'r', 'python', 'database development', 'data mining', 'extract transform load', 'pl/pgsql', 'sql', 'agile methodology', 'data warehousing']"
Data Warehousing,"['inventory management', 'storing and stacking materials', 'operating industrial power equipment', 'basic data entry', 'forklift operation']"
Data Warehousing,"['and reach trucks', 'inventory control', 'pallet jacks']"
Data Warehousing,"['labor planning', 'customer service', 'cost analysis', 'computer literacy', 'safety regulations', 'data analysis', 'warehouse management', 'inventory management', 'forklift operation', 'problem solving', 'performance appraisals']"
Data Warehousing,"['technology team management', 'full-stack development', 'ecommerce', 'cloud-based services', 'team leadership', 'agile development', 'object-oriented design', 'data warehousing']"
Data Warehousing,"['sql server', 'odi', 'reading and writing', 'oracle', 'release management', 'oracle data integrator tool', 'change management', 'source code control practices', 'data modeling', 'kimball method data warehouse', 'sql', 'data warehousing']"
Data Warehousing,"['warehouse operations', 'microsoft office suite', 'shipping and receiving procedures', 'inventory management', 'sap']"
Data Warehousing,"['database management', 'database security', 'database performance tuning', 'data cleansing', 'data extraction', 'database design', 'data mining', 'data modeling', 'data loading', 'data transformation', 'data profiling']"
Data Warehousing,"['coding', 'streaming', 'pipelines', 'hadoop', 'cloud technologies', 'analytics', 'bigquery', 'data analytics', 'apache spark/sparkml', 'dataflow', 'data science', 'data processing', 'data warehousing']"
Data Warehousing,"['talent pipelining', 'business intelligence', 'university recruiting', 'big data', 'data and analytics', 'life science/pharma industry knowledge', 'interview methodology', 'recruiting process improvement', 'full life-cycle recruiting', 'data warehousing']"
Data Warehousing,"['inventory management', 'auditing', 'data entry', 'reporting', 'material return to stock', 'bom creation and maintenance', 'spreadsheet skills', 'quality control', 'bill of materials', 'tracking', 'electronic order processing', 'shipping coordination', 'cycle counting', 'microsoft excel proficiency']"
Data Warehousing,"['shipping/receiving operations', 'material control', 'enterprise resource planning systems', 'negotiation with suppliers', 'microsoft navision database', 'root cause analysis', 'data entry and analysis', 'budgeting and forecasting', 'microsoft office applications proficiency', 'inventory control', 'production control system', 'forecasting']"
Data Warehousing,"['erp', 'microsoft excel', 'project management', 'powerpoint', 'relational databases', 'sfdc', 'database warehousing', 'sap', 'data analysis']"
Data Warehousing,"['software skills', 'project management', 'business analytics', 'troubleshooting', 'project coordination', 'project tracking tools', 'data warehousing']"
Data Warehousing,"['order tracking', 'packing and shipping processes', 'bill of lading creation', 'order processing', 'report generation', 'spreadsheet management', 'stockroom management', 'record keeping', 'inventory control', 'shipping and receiving', 'freight tracking', 'shipping coordination', 'manifest generation']"
Data Warehousing,"['microsoft access', 'project management', 'materials planning', 'mrp system experience', 'lean/six-sigma', 'excel', 'and powerpoint', 'analytical skills', 'onenote', 'supply chain concepts']"
Data Warehousing,"['word', 'outlook', 'data entry', 'excel', 'understanding tsa regulations', 'familiarity with cargo wise', 'knowledge of microsoft office', 'research skills']"
Data Warehousing,"['microsoft office suite', 'auditing', 'negotiation skills', 'import/export regulations', 'trade compliance programs', 'inventory control', 'c-tpat procedures']"
Data Warehousing,"['relational database design', 'data archiving', 'data standardization', 'database security', 'database maintenance', 'data reporting', 'database performance optimization', 'data cleansing', 'data extraction', 'database backup and recovery', 'data mining', 'data loading', 'data transformation', 'data profiling', 'data de-duplication', 'data warehousing']"
Data Warehousing,"['data quality analysis', 'sql script maintenance', 'microsoft sql server', 'data quality metrics reporting', 'python', 'data cleanup', 'impact analysis']"
Data Warehousing,"['lean process improvement', 'word', 'outlook', 'microsoft office', 'excel', 'data analyst', 'performance metrics']"
Data Warehousing,"['warehouse management system', 'wms', 'inventory management', 'forklift operation', 'clamp truck operation']"
Data Warehousing,"['customer service', 'project management', 'microsoft excel', 'microsoft word', 'data entry', 'audits', 'administrative support', 'billing', 'inventory management', 'inventory procedures', 'warehousing']"
Data Warehousing,"['shipping and receiving', 'load and unload trucks', 'computerized warehouse system', 'package material for shipment', 'safety regulations and equipment', 'operating material handling equipment']"
Data Warehousing,"['procurement', 'warehousing procedures', 'word', 'excel', 'record keeping', 'microsoft outlook', 'inventory management', 'sap', 'warehouse equipment operation']"
Data Warehousing,"['microsoft products proficiency', 'problem-solving', 'freight transportation system understanding', 'communication skills', 'wms', 'container tracking', 'warehouse management system knowledge', 'documentation management', 'fts', 'data analysis', 'routing optimization']"
Data Warehousing,"['reporting tools', 'predictive modeling', 'etl workflows', 'gis software', 'relational databases', 'automation technologies', 'sql', 'data analysis', 'data management', 'business process improvement']"
Data Warehousing,"[') data cleaning', ') performance tuning', ') security design', ') data transformation', ') data ingestion', ') data modeling', ') database design', ') data validation', ') database administration', ') capacity planning', ') database management', ') configuration management', ') backup and recovery', ') data replication', ') data mining']"
Data Warehousing,"['warehouse operations', 'data input and record-keeping', 'computerized warehouse systems', 'ups shipments processing', 'material handling equipment operation']"
Data Warehousing,"['using materials handling equipment', 'vehicle maintenance', 'operating forklifts', 'materials handling and storage', 'basic math']"
Data Warehousing,"['applied statistics', 'machine learning techniques', 'java', 'regression models', 'spark', 'hive', 'r', 'python', 'nlu/nlp engines', 'data manipulation', 'analytics', 'it strategy', 'sql', 'scala', 'data science', 'data interpretation', 'data analysis', 'data warehousing']"
Data Warehousing,"['sap experience', 'processing expense reimbursement reports', 'reviewing vendor statements', 'reconciling payments', 'accounts payable experience']"
Data Warehousing,"['microsoft access', 'microsoft excel', 'microsoft word', 'microsoft outlook', 'microsoft powerpoint']"
Data Warehousing,"['version control', 'jira', 'power center designer', 'db2/ oracle', 'unix', 'alm', 'informatica', 'ab initio', 'agile methodology', 'control m scheduling', 'java', 'informatica product suite', 'autosys', 'pl/sql scripts', 'k shell scripting', 'data quality tools', 'etl applications', 'workflow manager', 'svn and git', 'extract transform load']"
Data Warehousing,"['project management', 'data quality', 'data dictionary', 'entity hierarchies', 'master data management', 'data governance', 'database design', 'mdm', 'data integration', 'systems development', 'financial data analysis', 'data architecture', 'data analysis', 'data warehousing']"
Data Warehousing,"['business intelligence projects', 'etl design techniques', 'data integration', 'data modeling', 'dimensional modeling', 'rdbms concepts', 'performance troubleshooting', 'physical', 'database concepts', 'logical', 'data munging', 'data mining', 'database management/design', 'data cleaning', 'enterprise data warehousing', 'bi reporting capabilities', 'conceptual', 'establishing standards and guidelines', 'canonical', 'erwin data modeling tool']"
Data Warehousing,"['statistical methods', 'financial analysis', 'database management', 'quality measures analysis', 'data visualization', 'data reporting', 'trend identification', 'financial feasibility analysis', 'data analysis']"
Data Warehousing,"['database systems', 'business intelligence', 'market analysis', 'data visualization', 'word', 'excel', 'data auditing', 'data validation', 'statistical analysis', 'data collection', 'powerpoint', 'visualization tools']"
Data Warehousing,"['postgresql', 'jupyter notebooks', 'data visualization', 'statistical analysis', 'looker', 'regression analysis', 'statistical modeling', 'sql', 'bi tools', 'data warehousing', 'data exploration', 'data process', 'communication skills', 'mysql', 'data analysis', 'tableau', 'r or python', 'redshift', 'databases']"
Data Warehousing,"['sap hana data modeling', 'project management', 'sd and mm modules', 'sap ecc', 'business requirements gathering', 'test management', 'tableau', 'sql', 'sap business objects', 'data warehousing']"
Data Warehousing,"['forklift operations', 'recycling operations', 'warehousing environment', 'shredding operations', 'equipment repairs', 'sorting materials', 'bobcat operations', 'machinery operations']"
Data Warehousing,"['agile', 'big data technologies', 'relational databases', 'data modeling', 'ibm biginsights', 'talend', 'software development methodologies', 'ab initio', 'multidimensional models', 'data warehousing', 'amazon redshift', 'sql server integration services', 'data integration products', 'olap models', 'sas data management', 'oracle warehouse builder', 'data quality processes', 'etl processes', 'e.g.', 'odi', 'informatica powercenter', 'data dictionaries', 'oracle data integrator', 'ssis', 'data architecture', 'data warehouse design', 'sap data services', 'data types']"
Data Warehousing,"['warehouse management system', 'data entry', 'powered industrial lift experience', 'wms', 'forklift operation', 'basic mathematics']"
Data Warehousing,"['reporting tools', 'looker', 'excel', 'retail math concepts', 'data analysis', 'tableau']"
Data Warehousing,"['simulation', 'data visualization', 'matlab', 'decision-making', 'process modeling', 'inventory planning', 'optimization', 'statistical analysis', 'discrete-event simulation tools', 'facility layout optimization', 'uncertainty analysis']"
Data Warehousing,"['proficiency in ms office', 'oracle', '& word', 'outlook', 'excel', 'warehousing and distribution familiarity', 'sap', 'e.g.']"
Data Warehousing,"['warehouse management system', 'jda', 'sap', 'inventory management']"
Data Warehousing,"['oracle 11g and 12c', 'logical', 'and physical modeling', 'embarcadero', 'conceptual', 'erwin', 'ansi sql', 'sap hana', 'pl/sql', 'sap power designer', 'sql', 'visio', 'er diagrams', 'data warehousing']"
Data Warehousing,"['vba', 'access reporting', 'reporting tools', 'oracle', 'access database', 'bi tool querying', 'database design', 'workday', 'clarity', 'peoplesoft', 'data manipulation/transformation', 'tableau', 'sql', 'hyperion/essbase', 'data warehousing']"
Data Warehousing,"['data warehousing concepts', 'unix', 'sql query capabilities', 'ssrs', 'data warehousing terminology', 'microsoft sql development', 'reporting models', 'table functions', 'extract transform load', 'ssis', 'stored procedures', 'data warehousing architecture', 'ssas']"
Data Warehousing,"['crystal reports', 'power bi', 'inventory models', 'dashboards', 'r', 'python', 'capacity models', 'excel', 'spend cubes', 'sql', 'kpis', 'tableau']"
Data Warehousing,"['using warehousing software applications', 'completing reports accurately', 'operating warehouse equipment']"
Data Warehousing,"['coding', 'streaming', 'google cloud platform', 'gcp', 'pipelines', 'hadoop', 'analytics', 'bigquery', 'data analytics', 'apache spark/sparkml', 'dataflow', 'data science', 'data processing', 'data warehousing']"
Data Warehousing,"['financial systems', 'financial insights', 'business intelligence', 'reporting solutions', 'agile/scrum methodologies', 'microsoft reporting tools', 'data quality assurance']"
Data Warehousing,"['redprairie', 'food safety', 'inventory management', 'supply chain management', 'sap']"
Data Warehousing,"['inventory management', 'expense reporting', 'vendor management', 'room booking', 'event planning', 'supply ordering', 'facilities operations', 'janitorial and maintenance', 'shipping and receiving', 'property management']"
Data Warehousing,"['optimization methods', 'data visualization', 'data cleansing', 'programming', 'spss', 'data integration', 'data modeling', 'statistical analysis', 'microsoft office suite.', 'microsoft bi stack', 'data integrity', 'sql', 'data representation techniques', 'data pipelines', 'machine learning', 'algorithms', 'sas', 'software development', 'reporting', 'data analysis', 'relational database tools', 'data structures', 'data engineering']"
Data and Analytics Manager,"['project management', 'financial analysis', 'workforce management', 'data presentation', 'commission program management', 'kpi monitoring', 'analytics', 'strategic planning', 'speech analytics', 'product lifecycle management', 'inventory management', 'business analysis', 'performance metrics', 'forecasting']"
Data and Analytics Manager,"['research methodology', 'data-driven decision-making', 'google analytics implementation', 'qualitative and quantitative research', 'data integrity management', 'enterprise analytics strategy', 'measurement and analysis practices', 'tracking implementation']"
Data and Analytics Manager,"['data-driven decision-making', 'analytical modeling', 'operations research', 'data interpretation', 'data analysis']"
Data and Analytics Manager,"['microsoft sql server', 'oracle', 'data governance', 'business intelligence reporting tools', 'data modeling', 'project management', 'master data management', 'mdm', 'data stage', 'informatica', 'dml / ddl', 'sql', 'data warehousing', 'business intelligence', 'mysql', 'businessobjects', 'e.g.', 'tableau', 'metadata repositories', 'teradata', 'client relationship management', 'extract transform load', 'ssis']"
Data and Analytics Manager,"['excel modeling', 'tableau preferred', 'r preferred', 'business analytics', 'statistical software', 'python', 'data visualization', 'financial business modeling', 'powerpoint', 'sql', 'client-facing experience', 'data visualization tools']"
Data and Analytics Manager,"['analytics development', 'customer trend analysis', 'presentation skills', 'data analysis', 'test campaign management', 'marketing campaign analysis', 'business relationship building', 'dashboard management']"
Data and Analytics Manager,"['sql server', 'spotfire', 'reporting tools', 'business intelligence', 'iron python', 'interactive reporting tools', 'e&p knowledge', 'data analytics', 'r scripting', 'data warehousing']"
Data and Analytics Manager,"['data integrity evaluation', 'population health dashboards', 'database administration', 'strategic planning', 'data analytics', 'data collection systems']"
Data and Analytics Manager,"['database management', 'forensic technology', 'data visualization', 'business process management', 'financial reporting', 'erp systems', 'data analytics', 'data mining', 'data analysis', 'accounting']"
Data and Analytics Manager,"['report writing', 'database management', 'access', ""raiser's edge"", 'statistics', 'windows applications', 'excel', 'sql server administration', 'sql', 'importomatic', 'fundraising', 'data analysis', 'tableau']"
Data and Analytics Manager,"['data querying', 'data quality control', 'predictive analytics', 'python', 'cloud technologies', 'data analysis and visualization', 'data security', 'cloud-based data analytic technologies', 'analytics and production databases', 'data analytics', 'modern', 'lean methodologies', 'sql']"
Data and Analytics Manager,"['kanban or scrum', 'analytical tools/methodologies', 'product design', 'data infrastructure', 'sql']"
Data and Analytics Manager,"['diversity program management', 'portfolio evaluation', 'recruitment', 'candidate management', 'interview process', 'data analysis']"
Data and Analytics Manager,"['project management', 'problem solving', 'marketing strategy', 'data analysis in excel', 'marketing solutions', 'digital media platforms', 'media planning', 'presentation skills', 'ad technology', 'measurement metrics', 'decision making', 'statistical analysis', 'relationship management', 'sql', 'data analysis']"
Data and Analytics Manager,"['technical skills:', 'dashboards', 'information technology', 'data visualization', 'data reporting', 'computer science', 'analytics', 'it governance', 'data security', 'visualization', 'data science', 'sql']"
Data and Analytics Manager,"['technical skills:', 'metadata', 'data quality', 'training', 'data governance', 'master data', 'testing', 'systems strategy', 'collibra', 'data design', 'informatica dq', 'system requirements', 'data modeling', 'prototyping', 'data architecture', 'data management']"
Data and Analytics Manager,"['spark', 'hive', 'financial analysis', 'teradata', 'big data', 'excel', 'data mining', 'data analytics', 'sql', 'power point', 'tableau', 'a/b testing', 'hql']"
Data and Analytics Manager,"['project management', 'agile methodologies', 'resource management', 'data analytics']"
Data and Analytics Manager,"['business intelligence', 'data visualization', 'python', 'program management', 'sas', 'agile methodologies', 'data mining', 'data analytics', 'data engineering', 'r language', 'sql', 'data analysis', 'data management']"
Data and Analytics Manager,"['project management', 'qualitative research', 'microsoft excel and powerpoint', 'strategic planning', 'social media management', 'data analysis']"
Data and Analytics Manager,"['fraud analysis techniques', 'sas', 'data analytics', 'fraud rules development', 'microsoft office applications', 'actimize or similar system', 'sql']"
Data and Analytics Manager,"['data visualization', 'audit', 'database programming', 'sas', 'internal controls', 'data analytics', 'systems analysis', 'risk management', 'data science', 'business intelligence tools', 'sql', 'data analysis methodologies']"
Data and Analytics Manager,"['database management', 'r', 'python', 'sas', 'sql']"
Data and Analytics Manager,"['agile applications development', 'itil/asl', 'service delivery management', 'kpi reporting', 'negotiating', 'transition management', 'change management', 'project financials', 'support and deployment', 'continuous improvement']"
Data and Analytics Manager,"['analytical techniques', 'data visualization', 'dashboard building', 'business intelligence tools', 'sql', 'data analysis', 'data storytelling']"
Data and Analytics Manager,"['data feeds', 'ssp', 'auction reconciliation', 'private exchanges', 'pixel tracking tags', 'audience identification', 'dcm', 'brand safety', 'data validation and mapping', 'analytics methodology and tools', 'doubleclick campaign management', 'tagging operations', 'flight optimization', 'dsp and supply-side platform', 'campaign performance reporting', 'dbm', 'demand-side platform', 'doubleclick bid manager', 'video beacons']"
Data and Analytics Manager,"['grant writing', 'microsoft excel', 'project management', 'microsoft access', 'database management', 'organizational skills', 'presentation skills', 'supervisory skills', 'communication skills', 'training skills', 'analytical skills', 'data analytics', 'statistical analysis', 'data collection', 'accreditation processes', 'data interpretation']"
Data and Analytics Manager,"['project management', 'software development lifecycle', 'project management tools', 'marketing projects', 'waterfall and agile methodologies', 'business intelligence/analytics projects management', 'sdlc', 'data warehousing']"
Data and Analytics Manager,"['dashboard reporting', 'analytics program management', 'data visualization', 'kpi tracking', 'data analysis', 'data centric mindset implementation', 'a/b testing', 'analytics tracking', 'analytics tagging strategy']"
Data and Analytics Manager,"['project management', 'dashboards', 'project planning', 'value management techniques', 'resource allocation', 'microsoft office', 'execution', 'conflict resolution', 'data aggregation', 'change management', 'performance improvement tools', 'data collection tools', 'plan development', 'data analysis', 'research']"
Data and Analytics Manager,"['hive/hadoop', 'data presentation', 'r', 'quantitative analysis', 'stata', 'matlab', 'spss', 'programming languages', 'sas', 'data mining', 'statistical analysis', 'sql']"
Data and Analytics Manager,"['experience', 'project management', 'medical devices', 'education/experience']"
Data and Analytics Manager,"['hive', 'decision trees', 'machine learning', 'database scripting', 'natural language processing', 'data visualization', 'python', 'text mining', 'third party technical integrations', 'forecasting models', 'scripting', 'php', 'data modeling', 'data analytics', 'mysql', 'statistical analysis', 'experiment design', 'sql']"
Data and Analytics Manager,"['sales commissions design', 'hr information systems', 'financial forecasting', 'data analysis', 'workday', 'equity-based compensation models', 'sql', 'business acumen', 'compensation structure design', 'job documentation management']"
Data and Analytics Manager,"['excel', 'sql']"
Data and Analytics Manager,"['data visualization', 'python', 'loyalty/marketing analytics', 'optimization', 'statistical analysis', 'forecasting', 'simulation', 'statistical modeling', 'predictive modeling', 'data interpretation', 'problem solving', 'sql', 'digital analytics', 'test & measurement', 'risk assessment', 'analytical problem-solving', 'sas', 'data mining', 'segmentation', 'econometrics', 'alteryx', 'tableau', 'customer data analysis', 'data query language', 'r', 'regression', 'statistical packages']"
Data and Analytics Manager,"['data quality management', 'exploratory data analysis', 'data analytics', 'performance indicators', 'statistical analysis', 'microsoft excel', 'project management', 'project', 'sql', 'data warehousing', 'business intelligence', 'excel', 'process improvement', 'data-driven insights', 'system integration', 'microsoft office', 'strategic planning', 'lean methodology', 'powerpoint']"
Data and Analytics Manager,"['evaluation planning', 'database management', 'data analysis', 'salesforce administration', 'research skills', 'program monitoring']"
Data and Analytics Manager,"['data governance', 'batch data pipelines', 'data storage technologies', 'sqoop', 'data analytics', 'data modeling', 'visualization tools', 'spark', 'hive', 'master data management', 'real-time data pipelines', 'integration architecture', 'data pipeline', 'kafka', 'data processing', 'distributed data pipelines', 'presto', 'data availability', 'transactional data management', 'data aggregation strategies', 'redshift', 'data engineering', 'data lineage', 'data scalability']"
Data and Analytics Manager,"['project management', 'insights generation', 'data-driven decision making', 'data visualization', 'analytics', 'excel', 'data analysis', 'business analysis', 'powerbi', 'research']"
Data and Analytics Manager,"['dashboard creation', 'business information analysis', 'growth & sales metrics', 'business metrics tracking', 'custom dashboards', 'forecasting models', 'data analysis', 'sql proficiency']"
Data and Analytics Manager,"['crm & bi tools', 'software engagement', 'customer feedback analysis', 'call center technology', 'account management', 'customer success management', 'bpo', 'customer success planning', 'business process outsourcing']"
Data and Analytics Manager,"['financial analysis', 'health care financial analysis', 'budgeting', 'financial & operational modeling', 'reporting capabilities', 'ehr reporting tools', 'tableau software', 'oracle hyperion', 'hyperspace', 'data analysis', 'cost accounting']"
Data and Analytics Manager,"['consumer insights', 'advanced excel', 'roi analysis', 'strategic planning', 'kpi dashboards', 'marketing research analytics', 'data synthesis', 'marketing', 'powerpoint']"
Data and Analytics Manager,"['power bi', 'ms office', 'data visualization', 'python', 'cognos', 'report/dashboard development', 'analytical skills', 'sql', 'tableau']"
Data and Analytics Manager,"['data quality management', 'data standards', 'enterprise data policy', 'master data management', 'data governance', 'data lifecycle management', 'product lifecycle management', 'change management', 'key performance indicators', 'product information management', 'data quality analytics', 'kpis', 'metadata management']"
Data and Analytics Manager,"['excel', 'salesforce', 'reporting', 'market trend analysis', 'data analysis']"
Data and Analytics Manager,"['project management', 'budget management', 'metrics', 'targeting strategies', 'analytics', 'measurement', 'cross-team coordination', 'reporting', 'data analysis', 'data management']"
Data and Analytics Manager,"['forecast pro', '@risk', 'access', 'e.g.', 'secondary data analysis', 'data analytic tools', 'time-series forecasting techniques', 'forecasting models', 'excel', 'market intelligence', 'longitudinal patient data analysis', 'powerpoint', 'forecast modeling', 'data analysis', 'advanced statistical analyses', 'tableau']"
Data and Analytics Manager,"['microsoft office suite', 'successfactors reporting tools', 'dataiku', 'visier', 'business intelligence/analytics', 'word', 'outlook', 'workforce analytics tools', 'relational database management systems', 'excel', 'data aggregation tools', 'powerpoint', 'sql', 'e.g.', 'tableau']"
Data and Analytics Manager,"['fishbone and pareto charts', 'software development lifecycle', 'charts', 'scheduling & task management', 'bpi or six sigma', 'sdlc processes', 'ms project', 'excel pivot tables', 'program/project specific documents']"
Data and Analytics Manager,"['relational database design', 'reporting suites', 'dimensional database design', 'master data management', 'data governance', 'big data methodology', 'database administration', 'data integration', 'data modeling', 'data architecture', 'business intelligence tools', 'sap hana database design', 'enterprise information architecture', 'data warehousing']"
Data and Analytics Manager,"['communication', 'clinical and actuarial analytics', 'data governance', 'insurance', 'data integration', 'managed care', 'health care it']"
Data and Analytics Manager,"['project management', 'analytical capabilities', 'product development', 'industry trend monitoring', 'relationship management', 'data collection and analysis', 'requirements gathering', 'market research']"
Data and Analytics Manager,"['reporting tools', 'ms excel', 'reconciliation tools', 'data auditing', 'data mining', 'reporting', 'ms access', 'process improvement', 'data warehousing', 'sql', 'data analysis', 'business analysis', 'business objects']"
Data and Analytics Manager,"['reporting system development', 'database management', 'distributed computing tools', 'data visualization', 'python', 'hadoop', 'data cleansing', 'statistical analysis', 'anomaly detection', 'r/matlab', 'spark', 'hive', 'map/reduce', 'analysis tools', 'sql', 'prediction systems', 'hbase', 'data mining', 'scripting languages']"
Data and Analytics Manager,"['advanced analytics', 'microsoft excel', 'relational database knowledge', 'teradata', 'r', 'python', 'microstrategy', 'statistical knowledge', 'healthcare industry knowledge', 'sql', 'data analysis', 'mathematical modeling', 'tableau']"
Data and Analytics Manager,"['negotiation skills', 'data strategy', 'financial reporting', 'strategic planning', 'contract management', 'business analysis']"
Data and Analytics Manager,"['spark', 'hive', 'database management', 'product management', 'data visualization', 'hadoop', 'customer segmentation', 'lean agile methodologies', 'financial data analysis', 'predictive modeling']"
Data and Analytics Manager,"['project management', 'user-research', 'coding languages', 'statistical methodologies', 'agile methodologies', 'geospatial analysis', 'data analytics', 'data science', 'design-thinking', 'data management']"
Data and Analytics Manager,"['internal and external audits', 'data integrity', 'data reporting tools', 'hedging strategies', 'inventory reconciliations', 'qrm risk model', 'model validation', 'p&l reporting', 'back testing', 'cash flow forecasting', 'scrubbing data', 'compliance with regulations', 'business intelligence reporting', 'forecasting']"
Data and Analytics Manager,"['managing multiple priorities', 'management principles', 'planning', 'and evaluation', 'investigative techniques', 'program guidelines and procedures', 'testifying at legal proceedings', 'data analysis', 'implementation']"
Data and Analytics Manager,"['microsoft excel', 'microsoft access', 'technological enhancements', 'word', 'business performance analysis', 'analytics', 'data coordination', 'reporting', 'powerpoint', 'financial modelling']"
Data and Analytics Manager,"['customer relationship management', 'data analysis', 'interviewing', 'recruiting', 'negotiation', 'candidate evaluation']"
Data and Analytics Manager,"['technical skills:', 'r or python', 'excel', 'sql', 'tableau']"
Data and Analytics Manager,"['analytical technologies and tools', 'excel', 'powerpoint', 'data architecture', 'sql', 'bi tools']"
Data and Analytics Manager,"['dashboards creation', 'omniture site catalyst', 'strategic analysis', 'google website optimizer', 'omniture test & target', 'dashboard creation', 'online metrics', 'multivariate testing', 'a/b testing', 'webtrends', 'marketing analytics', 'digital measurement', 'web analytics', 'digital tag management', 'segmentation', 'data strategy', 'data analysis', 'optimization testing', 'roi measurement', 'behavioral segmentation', 'data collection', 'google analytics']"
Data and Analytics Manager,"['statistical methods', 'quantitative analysis', 'client management', 'data analytics', 'marketing practices', 'data collection', 'market research']"
Data and Analytics Manager,"['python', 'a/b and multivariate testing', 'excel', 'user experience', 'adobe digital analytics', 'web development', 'ms access', 'marketing automation tools', 'sql', 'ux best practices', 'tableau']"
Data and Analytics Manager,"['apt and/or tableau', 'database marketing', 'strong excel skills', 'analytical skills', 'experience with sas', 'knowledge of sql']"
Data and Analytics Manager,"['obi', 'ecommerce', 'product management process', 'looker', 'data & analytics', 'analytical skills', 'data warehouses', 'business acumen', 'tableau']"
Data and Analytics Manager,"['data visualization applications', 'adobe analytics', 'marketing automation platforms', 'statistical modeling techniques', 'predictive analytics', 'e-commerce', 'web analytics', 'optimization', 'reporting', 'google analytics', 'google tag manager', 'data analysis', 'salesforce.com reporting tools', 'seo']"
Data and Analytics Manager,"['presentation skills', 'data analytics', 'statistical modeling', 'experiment design', 'business analysis', 'financial modeling']"
Data and Analytics Manager,"['hive/hadoop', 'data presentation', 'r', 'quantitative analysis', 'stata', 'matlab', 'large data sets', 'programming', 'spss', 'sas', 'data analysis tools', 'data mining', 'statistical analysis', 'sql', 'distributed computing']"
Data and Analytics Manager,"['engineering', 'project management', 'machine learning', 'artificial intelligence', 'program management', 'change management', 'data analytics', 'data science', 'advanced statistics']"
Data and Analytics Manager,"['data presentation', 'user behavior metrics', 'site performance optimization', 'advanced analytics solutions', 'data visualization', 'data analysis', 'modeling', 'dashboard development', 'reporting implementation', 'marketing data analysis', 'fundamental statistical concepts', 'segmentation', 'statistical scripting languages', 'data interpretation', 'analytics technologies', 'campaign roi metrics']"
Data and Analytics Manager,"['app-cloud services', 'project management', 'agile-scrum', 'big data']"
Data and Analytics Manager,"['database management', 'problem-solving', 'python', 'irb processes', 'programming', 'data extraction', 'spss', 'statistical knowledge', 'interdisciplinary teamwork', 'emr familiarity', 'sql', 'hl7 standards', 'java', 'data privacy practices', 'stata', 'c++', 'hipaa compliance', 'sas', 'e.g.', 'data cleaning', 'r', 'sql queries', 'analytical skills', 'statistical packages', 'data architecture', 'research methods', 'data management']"
Data and Analytics Manager,"['microsoft excel', 'agile framework', 'r programming language', 'iot', 'adobe marketing cloud', 'safe', 'data strategy', 'kpi reporting', 'data analysis', 'microsoft powerpoint']"
Data and Analytics Manager,"['financial analysis', 'quality assessment', 'budgeting', 'operations optimization', 'data analytics', 'microsoft office proficiency', 'management data systems proficiency', 'industry benchmark analysis', 'revenue cycle management', 'training program development']"
Data and Analytics Manager,"['bapi', 'oracle', 'python', 'hadoop', 'open source technologies', 'devops exposure', 'cloud exposure', 'spark', 'enterprise data reservoir', 'hive', 'api-mulesoft', 'maven', 'ansible', 'microsoft bi', 'docker', 'aws', 'kimble', 'sql', 'hana', 'etl and api technologies', 'data science platforms', 'edr', 'semi/unstructured data', 'data warehousing/lakes', 'scala', 'jenkins', 'superview concepts', 'tableau', 'spotfire', 'inmon', 'azure', 'structured data', 'data lake', 'data vault', 'data management']"
Data and Analytics Manager,"['database admin', 'google cloud platform', 'gcp', 'dba experience', 'advanced sql skills', 'data modeling', 'bachelor’s degree', 'cloud-based infrastructure']"
Data and Analytics Manager,"['dashboarding', 'large data set manipulation', 'trend analysis', 'data modeling', 'data analytics', 'reporting', 'data analysis']"
Data and Analytics Manager,"['syndicated analytics', 'syndicated data sources', 'account specific data analysis', 'category management', 'strategic business practices', 'jda software', 'microsoft office', 'category insights', 'analytics', 'sales presentations', 'data analysis', 'customer insights']"
Data and Analytics Manager,"['strategy development', 'supply chain experience', 'presentation skills', 'excel', 'cross-functional team collaboration', 'analytical thinking', 'sql', 'data analysis', 'data-driven analysis']"
Data and Analytics Manager,"['rd party data providers', 'ad serving', 'data management platform', 'first', 'second', 'programmatic media landscape', 'martech/adtech platforms', 'web analytics', 'salesforce krux', 'audience segmentation', 'real-time-bidding', 'and third party data', 'digital media analytics', 'oracle bluekai', 'adobe audience manager']"
Data and Analytics Manager,"['its', 'multi-modal transportation planning', 'intelligent transportation systems', 'traffic control infrastructure', 'micro business development strategy', 'traffic engineering', 'open data sets management', 'v2i application knowledge', 'federal grants management', 'connected vehicle infrastructure', 'complete streets design']"
Data and Analytics Manager,"['project management', 'business intelligence', 'critical thinking', 'qlik sense', 'change management methodology', 'production management', 'purchasing management', 'data analytics', 'analytical technologies', 'quality management', 'supply chain management', 'alteryx', 'sap', 'business acumen', 'business analysis', 'data visualization tools']"
Data and Analytics Manager,"['financial data', 'project management', 'qualitative research', 'data visualization', 'documentation', 'ms excel', 'system development', 'programming languages', 'sql', 'ms access', 'reporting', 'unix-like os', 'data collection', 'training', 'requirements gathering', 'quantitative research', 'research methods', 'data management']"
Data and Analytics Manager,"['insights generation', 'vendor management', 'supplier relationship management', 'vendor negotiations', 'logistics management', 'analytics', 'program management', 'vendor compliance', 'transportation management', 'contract management', 'data analysis', 'governance']"
Data and Analytics Manager,"['java', 'spark/mapreduce/hadoop/pig', 'etc...', 'big data technologies', 'python', 'sql and reporting tools', 'scala']"
Data and Analytics Manager,"['machine learning', 'python', 'data modeling', 'software development', 'statistical modeling', 'causal inference', 'sql', 'deep learning']"
Data and Analytics Manager,"['microsoft excel', 'power bi', 'graphing', 'lookups', 'data visualization', 'analytical skills', 'tools and analytical techniques', 'charting functionality', 'storytelling techniques', 'pivot tables']"
Data and Analytics Manager,"['hadoop', 'enterprise/data architecture', 'ssrs', 'r programming language', 'supply chain management processes', 'data extraction techniques/etl', 'data warehouses/data marts', 'ssis', 'big data analytics', 'sql', 'ssas']"
Data and Analytics Manager,"['omni-channel retailer model knowledge', 'category variation rules management', 'facets and filters optimization', 'promotional strategies', 'cross-selling strategies', 'reporting and analytical skills', 'e-commerce retail basics knowledge', 'optimal assortment management', 'consumer marketing insights analysis', 'pricing strategies', 'landing pages optimization']"
Data and Analytics Manager,"['hive', 'a/b test design', 'r', 'data visualization', 'python', 'data cleansing', 'sas', 'statistical modeling', 'sql', 'tableau']"
Data and Analytics Manager,"['tag management solutions', 'troubleshooting', 'css', 'web analytics', 'html', 'statistics', 'enterprise-wide web analytics tools', 'a/b/mvt testing', 'javascript', 'hypothesis testing']"
Data and Analytics Manager,"['database management', 'problem-solving', 'reimbursement approaches', 'hadoop', 'health policy knowledge', 'statistical software proficiency', 'project management', 'mathematics', 'analytics', 'health services research', 'statistical modeling', 'technical skills', 'aster', 'stata', 'sas', 'e.g.', 'data analysis', 'unix environments', 'big data platforms', 'r', 'enterprise risk adjustment', 'provider contracting', 'health management', 'data science', 'data architecture']"
Data and Analytics Manager,"['spotfire modeling', 'excel modeling', 'qualitative and quantitative benchmarking', 'spotfire databases.', 'data curation', 'benchmarking', 'critical thinking', 'portfolio analysis', 'microsoft office', 'analytics', 'productivity assessments', 'quantitative analytical skills', 'milestone tracking', 'forecasting']"
Data and Analytics Manager,"['project management', 'health care trends research', 'database development', 'policy development', 'data interpretation', 'data analysis', 'research methods']"
Data and Analytics Manager,"['microsoft excel', 'communication', 'data translation', 'project management', 'reporting tools', 'problem-solving', 'data reporting', 'cognos', 'microstrategy', 'sas', 'quantitative methods', 'powerpoint skills', 'sql', 'data analysis', 'customer insights']"
Data and Analytics Manager,"['analytical techniques', 'advanced analytics', 'pricing analysis', 'mathematical modeling', 'data management tools', 'model development', 'portfolio management', 'profitability analysis', 'data extraction and transformation', 'ms excel proficiency', 'customer segmentation analysis', 'risk management', 'energy market fundamentals', 'data analysis', 'programmatic techniques', 'financial modeling']"
Data and Analytics Manager,"['data quality management', 'data governance', 'data collection for analytics', 'data lifecycle management', 'data security', 'data auditing', 'corporate policy alignment', 'data compliance']"
Data and Analytics Manager,"['problem-solving', 'relational database principles', 'data manipulation', 'data auditing', 'ms office applications', 'data analysis', 'database processing']"
Data and Analytics Manager,"['project management', 'software tools', 'process optimization', 'data/analytics', 'leadership', 'problem solving']"
Data and Analytics Manager,"['data quality', 'data life cycle management', 'data governance', 'database technologies', 'business operations', 'large data', 'database administration', 'open data', 'data integration', 'data analytics', 'data mining', 'data strategist', 'data processing', 'information governance', 'data management']"
Data and Analytics Manager,"['salesforce', 'sql', 'data visualization tools']"
Data and Analytics Manager,"['machine learning techniques', 'e.g. hadoop', 'e.g. sql', 'e.g. sas', 'r', 'e.g. gradient boosting machine', 'python', 'database query languages', 'advanced statistical modeling', 'xgboost', 'data mining techniques', 'statistical/mathematical software', 'pig/hive/mahout']"
Data and Analytics Manager,"['project management', 'human resources information technology', 'lean six sigma', 'quality management', 'process improvement', 'data analysis']"
Data and Analytics Manager,"['dashboard creation', 'segmentation', 'digital analytics tools', 'a/b/n and multivariate testing', 'strategic marketing', 'web analytics', 'team management', 'data analysis', 'roi analysis', 'tagging', 'tag management platforms', 'optimization tools', 'kpi development', 'online metrics analysis', 'predictive modeling', 'data strategy development', 'actionable analytics', 'campaign reporting']"
Data and Analytics Manager,"['python/r', 'building data products', 'data-driven decision-making', 'math and statistics', 'team management', 'relationship management', 'analytics strategy development', 'sql', 'data analysis']"
Data and Analytics Manager,"['coding', 'google bigquery', 'amazon redshift', 'r', 'predictive analytics', 'python', 'apache spark', 'analytics', 'excel', 'data analytics', 'palantir', 'tableau']"
Data and Analytics Manager,"['online media knowledge', 'strategic goal setting', 'market analysis', 'operations management', 'google ads campaign management', 'communication skills', 'client relationship management', 'client service', 'research skills', 'analytical abilities', 'data-driven analysis']"
Data and Analytics Manager,"['hadoop', 'enterprise/data architecture', 'ssrs', 'r programming', 'data warehouses/data marts', 'extract transform load', 'ssis', 'big data analytics', 'sql', 'ssas']"
Data and Analytics Manager,"['cdisc standards', 'gcp', 'statistical design', 'regulatory submission studies', 'clinical trial protocols', 'change management', 'data analytics', 'ich guidelines', 'gcdmp', 'clinical trials data analytics']"
Data and Analytics Manager,"['data development', 'scrum', 'agile', 'business intelligence', 'cloud-based development', 'platform administration', 'software development methodologies', 'digital technologies']"
Data and Analytics Manager,"['social media campaigns', 'word', 'microsoft office', 'outlook', 'google analytics', 'excel', 'content management systems', 'website development', 'powerpoint', 'search engine advertising', 'e-learning course development']"
Data and Analytics Manager,"['oracle', 'storm', 'python', 'hadoop', 'dynamo db', 'spark', 'hive', 'database technologies', 'qlik sense', 'microsoft ssrs', 'hyperion', 'sql server', 'hbase', 'amazon aurora', 'statistical software', 'cassandra', 'microsoft power bi', 'oracle’s hyperion essbase', 'sas', 'business intelligence tools', 'rapidminer', 'mangodb', 'r', 'qlik view', 'cognos', 'cloudera']"
Data and Analytics Manager,"['model building', 'econometric modeling', 'results dissemination', 'data validation', 'data collection', 'variable creation', 'market research']"
Data and Analytics Manager,"['advanced analytics', 'master data management', 'business intelligence', 'data governance', 'big data', 'agile methodologies', 'data integration', 'data modeling', 'kpi development', 'extract transform load', 'data profiling', 'solution architecture', 'data warehousing']"
Database Administrator,"['problem-solving', 'microsoft office programs', 'word', 'outlook', 'data entry', 'vehicle services coordination', 'data processing system', 'excel', 'dispatching', 'database skills', 'inventory reconciliation', 'windows computer system proficiency', 'customer service delivery techniques', 'logistic skills']"
Database Administrator,"['python', 'c++', 'documentation', 'database design', 'front-end design', 'schema design', 'testing']"
Database Administrator,"['database management', 'system platform monitoring', 'database maintenance', 'database policies and procedures', 'information technology management', 'training and support', 'database configuration', 'data quality assurance']"
Database Administrator,"['ms active directory', 'server system management', 'ms o365 email solutions', 'database technologies', 'virtual server computing systems', 'backup solutions management', 'industry auditing standards compliance', 'storage solutions management', 'server infrastructure software platforms']"
Database Administrator,"['customer advisories research', 'incident response management', 'high availability techniques', 'database security', 'database management', 'tuning methodologies', 'technical documentation', 'database design', 'oracle technology stack', 'stored procedures', 'backup and recovery', 'data analysis', 'scalability strategies', 'performance tuning']"
Database Administrator,"['database management', 'event planning', 'word', 'microsoft office', 'excel', 'written and oral communication', 'website administration', 'research skills']"
Database Administrator,"['microsoft excel', 'database management', 'knowledge of health plans', 'microsoft outlook', 'technical skills: salesforce']"
Database Administrator,"['network vendor cert', 'and database administration', 'ms office', 'cisco cert', 'experience with jira', 'problem-solving skills', 'troubleshooting experience', 'lab operations experience', 'industry certifications', 'vmware vcp', 'communication skills', 'microsoft mcse', 'confluence', 'analytical skills', 'such as a+', 'ms visio', 'customer facing experience', 'experience with ticketing software']"
Database Administrator,"['profiler', 'index management', 'sql server tools', 'powershell scripting', 'dmvs', 'system procs', 'perfmon', 'ssrs', 'ssms', 'ssis', 'ssas']"
Database Administrator,"['architecting high availability servers', 'solve production problems']"
Database Administrator,"['database installation', 'software upgrades and patches', 'database management', 'new database technologies evaluation', 'database maintenance', 'database design', 'data management languages', 'database documentation', 'shell scripting', 'database architecture', 'security and encryption', 'capacity and performance analysis', 'database troubleshooting', 'backup and recovery', 'database testing']"
Database Administrator,['organization']
Database Administrator,"['property management software', 'mri', 'eviction laws', 'regulatory compliance', 'financial reporting', 'account management', 'sales quotas', 'leasing administration', 'computer proficiency', 'data analysis', 'performance metrics']"
Database Administrator,"['salesforce.com administration', 'microsoft excel', 'service cloud', 'database administration', 'sales cloud', 'communities']"
Database Administrator,"['database management', 'event calendaring', 'ms word', 'outlook', 'data entry', 'report generation', 'excel', 'administrative tasks', 'yardi', 'computer skills']"
Database Administrator,"['grant compliance', 'sel surveys', 'records maintenance', 'program coordination', 'data collection']"
Database Administrator,"['microsoft excel', 'microsoft access', 'microsoft word', 'lexis-nexis', ""raiser's edge"", 'data entry', 'data retrieval', 'wealth engine', 'iwave', 'research tools', 'fundraising', 'd&b']"
Database Administrator,"['database software', 'tenure review coordination', 'event planning', 'supervision', 'budget administration', 'word processing', 'departmental operations management', 'policy development', 'spreadsheet software']"
Database Administrator,"['crystal reports', 'crm systems', 'reconciliation', 'data entry', 'database administration', ""blackbaud raiser's edge/nxt"", 'excel', 'database cleanup', 'data profiling', 'complex queries', 'research']"
Database Administrator,"['capacity planning', 'r12 e-business administration', 'troubleshooting database performance', 'oracle/mysql database administration', 'program migration control', 'odi', 'server planning', 'mysql knowledge', 'database tuning', 'backup strategy implementation', 'hyperion and essbase', 'security implementation', 'impact analysis', 'sql and pl/sql scripting', 'security architecture', 'netapp snapshot technology', 'java-based applications']"
Database Administrator,"['sap db2 luw environment', 'relational database administration', 'stored procedures and functions', 'hadr', 'db2 luw/db2 mainframe databases', 'db2 luw internals', 'linux administration', 'db2 scripting']"
Database Administrator,"['calendar', 'database management', 'and docs', 'google mail']"
Database Administrator,"['sla management', 'itil process management', 'microsoft sql server', 'oracle', 'obiee', 'open source database technology', 'sql and database programming', 'database administration', 'it infrastructure library', 't-sql', 'pl/sql', 'erp applications', 'database policy development', 'aws and azure cloud', 'siebel', 'database performance monitoring']"
Database Administrator,"['data structures', 'recovery models', 'index management', 'sql profiler', 'backup and restore', 'oracle', 'operational automation', 'troubleshooting', 'oracle database appliance', 'database design', 'ms sql', 'sql code development', 'sql server database', 'data modeling', 'pl/sql', 'cubes/views development', 'query optimization', 'performance tuning']"
Database Administrator,"['sql tuning', 'oracle', 'troubleshooting', 'pl/sql', 'oracle exadata', 'rac components', 'sql', 'oracle replication tool technology', 'performance tuning']"
Database Administrator,"['costar', 'yardi management software', 'word', 'microsoft office', 'outlook', 'excel', 'negotiation', 'real estate principles']"
Database Administrator,"['microsoft excel', 'database management', 'computer skills', 'data entry', 'equipment inventory management']"
Database Administrator,"['sql server integration services', 'monitoring and troubleshooting', 'database installation and maintenance', 'project planning', 'incident management', 'script development', 'aag', 'windows clustering', 'analytic functions', 'always on availability groups', 'ssis', 'backup and recovery']"
Database Administrator,"['training development', 'information management', 'financial analysis', 'database management', 'procedure development', 'program analysis', 'compliance analysis', 'interpretation of technical materials', 'data analysis']"
Database Administrator,"['servicenow administration', 'workflow management', 'xml', 'css', 'smtp', 'ajax', 'relational databases', 'saml 1.1', 'edirectory', 'third-party software integration', 'integrations', 'web applications', 'itil v3 methodologies', 'html', 'security management', 'active directory', 'scripting', 'report building', 'plug-in activation', 'saml 2.0', 'web technologies', 'http', 'networks', 'pop3', 'protocols', 'and email', 'java script', 'ldap directories', 'user administration', 'configuration management', 'digested token', 'web services integrations', 'enterprise it architecture', 'openldap', 'single sign-on', 'data management', 'database manipulation']"
Database Administrator,"['excel reporting', 'data entry and retrieval', 'maintaining claim database', 'osha 300 reporting', 'report generation', 'proficiency in excel', 'record keeping', 'claim filing and investigation']"
Database Administrator,"['unix shell scripting', 'data migration', 'oracle database administration', 'db2 on linux/unix', 'database administration', 'security backup/recovery', 'oracle enterprise manager', 'sql', 'disaster recovery']"
Database Administrator,"['computer literacy', 'administrative procedures', 'database management', 'typing skills', 'clerical procedures']"
Database Administrator,"['recovery models', 'sql server replication/alwayson', 'sql server', 'restores', 'ha/dr', 'database administration', 't-sql', 'backups']"
Database Administrator,[]
Database Administrator,"['database management', 'advanced scheduler', 'fmla modules', 'ms excel proficiency', 'kronos application administration', 'testing enhancements and upgrades', 'configuring and maintaining kronos']"
Database Administrator,"['user support', 'troubleshooting', 'software maintenance', 'hardware maintenance', 'microsoft office', 'microsoft certifications', 'windows desktop operating systems', 'track-it! help desk software', 'microsoft deployment tool kit']"
Database Administrator,"['powershell scripting', 'sql design', 'index design', 'database administration', 't-sql', 'query tuning', 'ms sql server', 'ms azure-based database systems', 'database security features', 'data warehousing methodologies']"
Database Administrator,"['powershell', 'automation scripting', 'database security', 'ssrs reporting', 'data validation']"
Database Administrator,"['business continuity plan', 'capacity and performance monitoring', 'database support', 'system access administration', 'sql scripting', 'database administration', 'system design document review', 'installation and configuration', 'backup and recovery processes', 'operating systems knowledge', 'bcp']"
Database Administrator,"['database security', 'capacity planning', 'troubleshooting', 'database support', 'backup and recovery', 'performance analysis', 'database design', 'database tuning', 'database re-organization', 'database engineering', 'oracle rdbms']"
Database Administrator,"['data structures', 'data quality', 'powershell scripting', 'database performance tuning', 'data integrity', 'ssrs', 'creating sql queries', 'excel', 'capacity management', 'vb scripting', 'backup & recovery', 'data modeling', 'distributed data management', 'sql', 'ms access', 'sql rdbms', 'replication']"
Database Administrator,"['website administration', 'user training development', 'database management', 'database administration']"
Database Administrator,"['database software', 'microsoft excel', 'communication', 'microsoft word', 'online tools management', 'budgeting', 'website management', 'microsoft outlook', 'resource coordination', 'purchasing', 'accounts payable', 'data management']"
Database Administrator,"['database management', 'legal compliance', 'contract drafting', 'agreement management', 'legal research']"
Database Administrator,"['taleo', 'personnel policies development', 'new employee orientation', 'recruitment', 'administrative tasks', 'hr information system management', 'employee relations', 'human resource administration', 'excel', 'google docs', 'documentation management', 'compliance with employment laws']"
Database Administrator,"['microsoft access', 'data quality analysis', 'data management & architecture', 'microsoft visual studio', 'visual basic', 'root cause analysis', 'data manipulation', 'excel', 'sql', 'informatics', 'data interpretation', 'enhancement of information reporting', 'testing', 'data warehousing']"
Database Administrator,"['oracle primavera systems architecture', 'pmis', 'program management information system', 'construction industry standards', 'reporting', 'oracle database technologies', 'oracle unifier']"
Database Administrator,"['crystal reports', 'microsoft sql server', 'linux-based database platforms', 'ssrs', 't-sql', 'sql server reporting services', 'database reporting tools', 'tableau']"
Database Administrator,"['backup and recovery planning', 'microservices', 'pcf knowledge', 'data standards maintenance', 'dbms installation and testing', 'database documentation writing', 'aws', 'cloud data administration', 'cassandra', 'advanced development using cassandra', 'etc.', 'nosql databases', 'database architecture', 'data integrity enforcement', 'payments industry understanding', 'data modeling experience', 'azure', 'performance monitoring', 'mongo', 'database management system']"
Database Administrator,"['automation', 'mysql administration', 'large-scale high-performance distributed systems', 'centos', 'hardware performance', 'architecting services', 'replication management']"
Database Administrator,"['ssis', 'database security', 'devops', 'hadoop', 'azure technology', 'ssrs', 'itil', 'mysql', 'windows failover clustering', 'sql always on', 'sql server management', 'transaction replication', 'ssas', 't-sql programming']"
Database Administrator,"['typing 50+ wpm', 'oracle', 'word', 'microsoft office', 'excel', 'powerpoint']"
Database Administrator,"['database management', 'microsoft office', 'epic', 'analytics', 'data integration']"
Database Administrator,"['training development', 'database management', 'software packages utilization', 'data integrity', 'troubleshooting', 'database query writing', 'integration of systems', 'database design', 'network-based computing systems maintenance', 'record keeping', 'backup and recovery', 'data analysis']"
Database Administrator,"['organizational skills', 'time management', 'communication skills', 'online database data upload', 'quality control', 'data verification', 'multi-tasking', 'attention to detail']"
Database Administrator,"['capacity planning', 'backup and recovery', 'poc’s', 'proof of concepts', 'performance tuning']"
Database Administrator,"['excel', 'salesforce.com', 'crm platform', 'data management']"
Database Administrator,"['sybase', 'oracle', 'unix systems', 'software engineering practices', 'database development', 'software development life cycle', 'database administration', 'application support', 'perl', 'systems analysis', 'informatica', 'sdlc']"
Database Administrator,"['system integration', 'database security', 'database performance tuning', 'performance monitoring', 'database administration', 'database documentation', 'software upgrades', 'requirements gathering', 'sql/oracle']"
Database Administrator,"['computer database management', 'ms word', 'outlook', 'excel', 'yardi']"
Database Administrator,"['powershell', 'microsoft sql server', 'sql server 2016', 'oem', 'oracle data guard', 'data modeling', 'database monitoring', 'sql server management studio', 'unix shell scripting', 'database maintenance', 'unix', 'oracle enterprise manager', 'physical database design', 'database replication', 'database optimization', 'oracle rac/rac1', 'oracle exadata', 'database backups and recovery', 'sql/pl sql', 'database administration']"
Database Administrator,"['maintenance & support', 'recovery schemes', 'incident management', 'script development', 'troubleshooting performance issues', 'database administration', 'database design', 'oracle dba support', 'database storage structures', 'monitoring database logs', 'rdbms software installation', 'managing user access', 'database stored procedures']"
Database Administrator,"['quality assurance', 'database administration', 'data analysis', 'trademark asset management', 'document management']"
Database Administrator,"['customer service', 'expense reporting', 'database management', 'ms excel', 'ms word', 'office supply management', 'administrative support', 'phone etiquette', 'record-keeping', 'event coordination']"
Database Administrator,"['production support', 'development', 'incident resolution', 'production dba', 'and implementation', 'design', 'data expertise']"
Database Administrator,"['ssis', 'power bi', 'powershell scripting', 'business intelligence reporting tools', 'ssrs', 'qlik', 'managing production sql environments', 'agile environment', 'sql server reporting services', 'ssas', 'tableau']"
Database Administrator,"['backup/restoration and recovery systems', 's3 storage', 'cloudwatch', 'troubleshooting', 'database maintenance', 'performance tuning/optimization', 'data availability and security', 'rds', 'ebs volumes', 'aws and/or azure', 'cloud infrastructures', 'ec2', 'sql database administration']"
Database Administrator,"['hr processes improvement', 'hr database management', 'hr documents management', 'employment verifications processing', 'training documentation preparation', 'government regulations compliance', 'third-party service provider liaison', 'communication skills', 'maintaining employee records', 'updating internal databases', 'payroll data auditing', 'invoice processing', 'hris knowledge', 'database auditing']"
Database Administrator,"['root issue investigation', 'technical expertise', 'security standards implementation', 'debugging', 'cognos maintenance', 'data modeling', 'problem analysis', 'oracle fusion middleware management', 'system monitoring', 'networking knowledge', 'networking technologies understanding', 'database management tools utilization', 'database management system installation', 'performance tuning', 'disaster recovery', 'system integration', 'apache monitoring', 'ssl certificate management', 'operating system proficiency', 'oracle rdbms maintenance', 'information technology technical understanding', 'database backup procedures', 'ellucian banner software management', 'apache web server installation', 'application software technology consulting', 'version control systems usage']"
Database Administrator,"['data maintenance', 'database management', 'phone communication', 'internet research', 'data entry', 'typing']"
Database Administrator,"['hardware performance analysis', 'and upgrading mysql databases', 'python', 'install', 'mysql database architecture', 'physical/logical database design', 'mysql database performance tuning', 'innodb administration', 'patching', 'galera cluster', 'linux environment', 'automating administrative tasks', 'data sharding', 'mysql replication', 'database security management', 'configure', 'perl', 'lamp environment', 'linux shell scripting']"
Database Administrator,"['oracle 8i-12c', 'database security', 'sql queries', 'views', 'oracle dba', 'stored procedures', 'packages', 'backup and recovery', 'triggers']"
Database Administrator,"['windows 2008/2012/2016', 'transform and load tools', 'linux os – suse', 'javascript', 'sql server management studio', 'j2ee', '2016 enterprise and azure', 'oracle database environment', 'shell scripting', 'java', 'data extract', 't-sql and/or pl/sql', 'and report builder', 'microsoft sql server 2012', 'windows 2008', 'ssrs', 't-sql', 'redhat', 'and xml', 'ssis']"
Database Administrator,"['artistic skills', 'video editing', 'reel creation']"
Database Administrator,"['database management systems evaluation', 'database security', 'database administration', 'capacity planning for databases', 'database solutions', 'troubleshooting database issues', 'database performance improvements']"
Database Administrator,"['database optimization and tuning', 'cross-site data replication', 'distributed systems design', 'mysql/oracle', 'shell', 'backup and recovery', 'multi-node setup and support', 'open-source technologies', 'rabbitmq', 'middleware platform design', 'redis', 'database cluster management', 'kafka', 'scripting', 'capacity planning and migration', 'sql', 'database automation tools', 'golang programming', 'elastic search', 'data solutions implementation', 'database architecture', 'monitoring and troubleshooting tools', 'perl/python']"
Database Administrator,"['crystal reports', 'sharepoint', 'power bi', 'ssrs', 'net framework', 'database migration', 'ms sql server', 'ssis', 'sql', 'extract transform load', 'tableau']"
Database Administrator,"['postgresql', 'configure monitoring tools', 'etl operations', 'windows server', 'active directory', 'ms sql server administration', 'ssis', 'devops automation', 'query optimization', 'performance tuning']"
Database Administrator,"['microsoft excel', 'microsoft access', 'database management', 'healthcare billing knowledge', 'report automation', 'database administration', 'data extraction', 'electronic health record system', 'database design', 'ehrs', 'data validation', 'sql', 'data analysis', 'reporting application development', 'data warehousing']"
Database Administrator,"['sql server', 'sql programming', 'mariadb', 'troubleshooting', 'performance monitoring', 'database design', 'mysql', 'database architecture', 'backup and recovery', 'query optimization']"
Database Administrator,"['postgresql', 'greenplum', 'python', 'high availability strategies', 'database administration', 'bash', 'shell scripting', 'perl', 'linux/unix', 'data modeling', 'data analytics', 'replication', 'tableau', 'sql', 'data warehousing']"
Database Administrator,"['virtual center', 'linux', 'dhcp', 'stigs', 'vmotion', 'scap', 'hbss', 'comptia security+ ce', 'vmware esxi', 'dns', 'iis', 'pki authentication', 'sccm', 'windows server administration', 'active directory', 'wsus', 'mcsa: windows server', 'performance tuning', 'networking services']"
Database Administrator,"['and hcpc coding', 'knowledge of billing medicare', 'and medicaid payer requirements', 'managed care', 'cpt-4', 'icd-9']"
Database Administrator,"['database management', 'database integration', 'report generation', 'maintaining external website', 'equipment management', 'auto-cad', 'data analysis', 'data comparison']"
Database Administrator,"['backup and recovery strategies', 'hbase', 'automation of operational tasks', 'database clustering', 'capacity planning', 'mariadb', 'cassandra', 'monitoring and management', 'database upgrades and migrations', 'high availability', 'nosql database administration', 'ha solutions', 'debugging and performance enhancement', 'deployment of redundant systems', 'mongodb', 'performance tuning']"
Database Administrator,[]
Database Administrator,"['inventory management', 'database management', 'cost negotiation', 'vendor management', 'inventory analysis', 'data entry', 'inventory control', 'purchasing', 'supply chain management']"
Database Administrator,"['technical skills:', 'or 12c', 'golden gate', 'oracle 10g', 'oracle tools', 'security+', 'unix', 'data guard', 'toad', '11g']"
Database Administrator,"['microsoft office suite', 'database systems', 'budget preparation', 'content creation', 'website content management', 'proofreading', 'editing', 'data management', 'program set-up', 'internet technologies']"
Database Administrator,"['data modeling', 'multi-platform environments', 'ibmi db2', 'data quality analysis', 'database utilization analysis', 'word', 'structured query language', 'sql best practices', 'scripting', 'microsoft applications', 'sql', 'agile development methodologies', 'sql server', 'data replication', 'excel', 'sql performance tuning', 'data dictionaries', 'ssrs', 'ssis', 'visio']"
Database Administrator,"['vmware vsphere', 'puppet automation', 'malware and security protection', 'dns', 'sccm', 'windows server administration', 'active directory', 'shell scripting', 'virtualization technologies', 'enterprise systems maintenance', 'infrastructure scaling', 'cisco ucs', 'netapp', 'dell power products', 'powershell scripting', 'event monitoring', 'server protocols and utilities', 'identity and access management', 'directory integrations', 'enterprise backup solutions', 'repository management solutions', 'dhcp troubleshooting', 'configuration management tools']"
Database Administrator,"['sql server', 'ddl modifications', 'constraints', 'microsoft sql server 2008-2016', 'cursors', 'log-shipping', 'sql queries', 'database development', 'database administration', 'performance monitoring', 'database design', 'indexes', 'stored procedures', 'sql always on', 'optimization techniques', 'triggers']"
Database Administrator,"['safety procedures', 'system performance', 'problem resolution', 'data extraction', 'multi-disciplined teams', 'stored procedures', 'data modeling', 'database monitoring', 'entity relationship diagrams', 'data transformation', 'sap', 'maintenance plans', 'oracle databases', 'database maintenance', 'disaster recovery plans', 'database design', 'backups', 'system security', 'system integrity', 'hana', 'database upgrades', 'database patches', 'data flow diagrams', 'internal controls', 'system access configuration', 'incident management', 'business intelligence', 'ase', 'database implementation', 'data loading', 'system availability', 'data structures', 'system security configuration', 'application architecture standards', 'database administration', 'microsoft sql', 'change management', 'problem tracking', 'database code writing']"
Database Administrator,"['technical support', 'database policies and procedures', 'training staff', 'excel', 'querying and reporting', 'data analysis', ""raiser's edge database management"", 'fundraising progress tracking']"
Database Administrator,"['database software', 'word processing', 'data entry', 'spreadsheet software']"
Database Administrator,"['configuration monitoring', 'storage knowledge', 'security monitoring', 'virtualization knowledge', 'oracle databases maintenance', 'linux systems knowledge', 'debugging', 'documentation', 'networking knowledge', 'hardware knowledge', 'relational databases understanding', 'system performance monitoring', 'database infrastructure management', 'disaster recovery procedures']"
Database Administrator,"['edi ansi x12', 'microsoft visual studio', 'database connectivity', 'oracle database', 'database administration', 'sql plus/sql developer', 'gentran edi']"
Database Administrator,"['database management systems', 'ibm db2', 'microsoft sql server', 'oracle', 'data integrity', 'structured query language', 'database administration', 'scheduling', 'database design', 'data security', 'quality control', 'mysql', 'database implementation', 'sql', 'query optimization', 'data management']"
Database Administrator,"['system specifications evaluation', 'application design', 'troubleshooting', 'it security policy implementation', 'it workflow processes', 'application configuration', 'reporting techniques', 'database structure knowledge']"
Database Administrator,"['database optimization', 'sql server', 'vldbs', 'capacity planning', 'technical training', 'troubleshooting', 'database maintenance', 'sql server alwayson', 'sql server clusters', 'root cause analysis', 'performance monitoring', 'database design', 'database monitoring', 'software upgrades', 'database implementation', 'disaster recovery']"
Database Administrator,"['sql server', 'ddl modifications', 'log-shipping', 'cursors', 'sql queries', 'database development', 'database administration', 'performance monitoring', 'locking mechanisms', 'database design', 'sql code development', 'sql always on', 'indexes', 'security implementation', 'constraints', 'stored procedures', 'optimization techniques', 'triggers']"
Database Administrator,"['dhcp', 'lan', 'mac/linux administration', 'and deploystudio', 'av/vc infrastructure', 'wirecast', 'wan', 'fcpx', 'dns', 'compressor', 'proxies', 'cts and cts-d certifications', 'mdm', 'performance testing', 'video conferencing', 'jamf casper suite', 'mobile device management', 'configurator', 'video production crew experience', 'network administration', 'acsp/actc/acmt certifications', 'automation', 'adobe after effects', 'adobe premiere', 'broadcast and streaming solutions']"
Database Administrator,"['document/file management', 'corporate database maintenance', 'insurance certificate collection', 'process optimization', 'data entry', 'contractual requirements', 'master service agreements', 'microsoft office applications', 'legal agreements']"
Database Administrator,"['db2', 'amazon aurora', 'troubleshooting', 'redis', 'devops', 'database administration', 'mysql', 'mssql server', 'mongodb', 'performance tuning']"
Database Administrator,"['dns', 'server/computer hardware and software', 'linux operating system', 'shell scripting', 'web hosting', 'mysql', 'cloud computing', 'clustering', 'network fundamentals']"
Database Administrator,"['cloud technologies', 'database administration', 'database design', 'data warehouses', 'extract transform load', 'tsql development', 'performance tuning']"
Database Administrator,[]
Database Administrator,"['general software', 'database management software', 'system installation and support', 'data retrieval queries', 'programming', 'data manipulation', 'database design', 'hardware and software upgrades', 'data analysis']"
Database Administrator,"['aag', 'sql server database administration', 'ssrs', 'troubleshooting sql clusters', 'sql server analysis services', 'always on', 'sql server reporting services', 'query optimization', 'ssas', 'performance tuning']"
Database Administrator,"['sql server', 'db2', 'teradata', 'oracle', 'database administration', 'database design', 'data warehouse']"
Database Administrator,"['windows server infrastructure', 'anti-virus protection', 'and change tracking', 'office 365 enterprise administration', 'configuration/patch management', 'data center services management', 'incident', 'itil support desk software', 'security management', 'hardware and software implementation', 'vmware environment', 'cloud environments', 'local area network', 'daily server backups', 'hybrid email system administration', 'performance tuning', 'database administration', 'email security', 'problem']"
Database Administrator,"['cost / benefit analysis', 'technical solutions evaluation', 'project management', 'troubleshooting support', 'network management', 'operating systems management', 'systems infrastructure', 'installation and configuration', 'system documentation', 'new technologies evaluation', 'hardware management', 'software management']"
Database Administrator,"['database management', 'financial management', 'human resources management', 'accounting', 'budget planning and monitoring']"
Database Administrator,"['database management', 'file management', 'internet research', 'data entry', 'report generation', 'medcredentials', 'midas', 'communication skills', 'meditech', 'clerical functions']"
Database Administrator,"['systems testing and troubleshooting', 'process mapping', 'crm user support', 'macro functions', 'advanced excel', 'importing revenue data', 'database administration', 'reporting tools development', 'revenue posting', 'training development and delivery', 'financial reconciliation', 'sql', 'data management']"
Database Administrator,"['source document tracking', 'database management', 'study accrual management', 'irb processes', 'study termination procedures', 'protocol amendments', 'regulatory compliance', 'protocol submission', 'sponsor correspondence', 'serious adverse event reporting', 'fda regulations', 'clinical research standards', 'istar system']"
Database Administrator,"['data warehousing concepts', 'amazon redshift', 'teradata database administration', 'teradata performance optimization', 'amazon web services', 'teradata sql tuning', 'unix administration', 'tasm', 'teradata active system management', 'bi tools optimization', 'teradata tools and utilities']"
Database Administrator,"['recovery models', 'cloveretl', 'sql server tools', 'windows 7', 'clustering', 'database mirroring', 'backups and restores', 'database shrink operations', 'replication', 'dbcc commands', 'microsoft office 2007/2010']"
Database Administrator,"['database management', 'database performance tuning', 'dbms platform knowledge', 'business continuity planning', 'database design', 'modeling', 'liaison with technical support', 'sql', 'vendor software integration']"
Deep Learning,"['computer vision', 'c++', 'python', 'deep learning']"
Deep Learning,"['learning to rank', 'deep learning algorithms', 'hadoop', 'classification', 'user modeling', 'topic modeling', 'spark', 'machine learning algorithms', 'linux-based systems', 'object-oriented languages', 'mapreduce-based architectures', 'c', 'java', 'unsupervised embeddings', 'c++', 'pig', 'scala', 'engagement prediction', 'regression']"
Deep Learning,"['rnn', 'gan', 'machine learning', 'lstm', 'c++', 'decision-making', 'tensorflow', 'perception', 'robotics', 'cnn', 'deep learning']"
Deep Learning,['experience with ms office']
Deep Learning,"['customer journey mapping', 'kpi development and tracking', 'data-driven decision-making', 'root cause analysis', 'customer segmentation', 'process/project management']"
Deep Learning,"['receiving and shipping merchandise', 'stocking merchandise', 'documenting movement of merchandise']"
Deep Learning,"['proficiency in microsoft office', 'and box', 'structures', 'plan grid', 'bluebeam', 'autocad', 'preparation of formal reports', 'and systems']"
Deep Learning,"['cycle counts', 'warehouse organization', 'inventory reports', 'stock receipts handling', 'inventory maintenance']"
Deep Learning,"['information technology background', 'industry knowledge', 'cloud solutions knowledge']"
Deep Learning,"['repairing technology products', 'diagnostics', 'troubleshooting', 'documentation', 'consumer electronics']"
Deep Learning,"['merchandising', 'technology display implementation', 'fixture implementation', 'display maintenance', 'planogram implementation', 'product security devices']"
Deep Learning,"[') training needs assessment', ') visio', ') learning management systems', ') curriculum development', ') microsoft office suite', ') webex']"
Deep Learning,[]
Deep Learning,"['customer service', 'sales tools utilization', 'cross-functional coordination', 'front of store maintenance', 'nps improvement', 'checkout processing', 'store pickup handling']"
Deep Learning,"['content creation', 'content marketing', 'social media management', 'industry knowledge', 'copywriting', 'media relations', 'thought leadership', 'public relations', 'communication strategy development']"
Deep Learning,"['technical engagement', 'subject matter expertise', 'presentations', 'research', 'prototype solutions', 'publications', 'intellectual property portfolio', 'development engineering', 'benchmarks', 'technology roadmap', 'product capabilities', 'case studies']"
Deep Learning,"['project management', 'program management', 'digital skills training', 'technology use in nonprofits', 'microsoft technologies', 'data analysis', 'technology adoption']"
Deep Learning,"['customer service', 'merchandising', 'selling skills']"
Deep Learning,"['rf scanner operation', 'product bundling', 'picking and packing', 'barcode scanning', 'e-commerce order fulfillment']"
Deep Learning,"['c/c++', 'python', 'model development', 'software engineering', 'computer vision', 'deep learning frameworks', 'deep learning']"
Deep Learning,"['deep learning', 'genomic technologies', 'computational technologies', 'rna-seq', 'linear mixed models', 'single cell rna-seq', 'atac-seq']"
Deep Learning,"['mathematics content knowledge', 'evidence-based practice', 'grant proposal development', 'virtual delivery techniques', 'facilitation and collaboration strategies', 'web conferencing services', 'microsoft office proficiency', 'education research awareness']"
Deep Learning,"['iadc/iwcf well control training', 'deepwater drilling', 'offshore drilling', 'high-pressure and high-temperature drilling', 'simulator training', 'drilling engineering']"
Deep Learning,"['system integration', 'nps surveys', 'salesforce service cloud', 'knowledge base management', 'root cause analysis', 'support utilization best practices', 'staffing improvement', 'lithium', 'feedback mechanisms implementation', 'customer support tools deployment', 'kpi development', 'diligence support', 'pricing strategy', 'zendesk', 'support dashboards creation', 'customer support strategy development', 'training program development']"
Deep Learning,"['mentor recruitment and assignment', 'oversight of program assignments', 'medical student advising', 'event planning and coordination', 'program evaluation']"
Deep Learning,"['learning and development', 'project management', 'training sessions coordination', 'relationship management with vendors', 'content creation', 'learning materials organization', 'program evaluation', 'content development', 'e-learning platforms']"
Deep Learning,"['icd 704 standards', 'federal background investigations', 'one-on-one subject interviews']"
Deep Learning,"['torch', 'caffe', 'machine learning', 'hpc', 'c++', 'python', 'mpi', 'openmp', 'openacc', 'tensorflow', 'deep neural networks', 'numerical analysis', 'cuda', 'opencl', 'performance analysis and optimization', 'gpu computing', 'dnn training frameworks', 'computer architecture']"
Deep Learning,"['product knowledge', 'technology expertise', 'technical skills: sales skills', 'customer service skills']"
Deep Learning,"['cyber security program management', 'cs awareness training compliance', 'it security exception requests', 'siprnet resource management', 'information technology support', 'strategic planning', 'it audit readiness', 'security clearance eligibility']"
Deep Learning,"['operating equipment safely', 'stocking merchandise', 'documenting movement of merchandise', 'receiving and shipping merchandise', 'inventory management']"
Deep Learning,"['customer service', 'sales skills', 'financial analysis', 'fleet management']"
Deep Learning,"['clinical operations management', 'integration of acquired businesses', 'operations strategy', 'financial operating model development', 'learning and performance improvement', 'call center management', 'executive sponsorship', 'productivity improvement', 'help desk operations', 'business requirements analysis', 'member engagement/experience strategy', 'surveillance and oversight']"
Deep Learning,"['microsoft products knowledge', 'customer relationship management', 'commercial sales', 'technology solutions', 'crm', 'business engagement']"
Deep Learning,"['bayesian', 'machine learning techniques', 'hive', 'r', 'algorithms', 'python', 'hadoop', 'modeling', 'tensorflow', 'pig', 'nlp methodologies', 'sql', 'neural networks', 'deep learning']"
Deep Learning,"['product knowledge', 'territory management', 'business analytics', 'competitive analysis', 'communication skills', 'sales forecasting', 'customer focus', 'value-based selling', 'healthcare provider relationship building']"
Deep Learning,"['survey design and analytics', 'learning management systems', 'instructional design']"
Deep Learning,"['curriculum development', 'instructional coaching', 'experience with student-centered pedagogies', ""bachelor's degree"", 'k-12 education experience']"
Deep Learning,"['code generation', 'cpu and/or gpu architecture', 'c/c++', 'programming models', 'cuda or opencl programming', 'compiler optimizations', 'optimization', 'synthesis', 'deep learning framework design', 'computer architecture']"
Deep Learning,"['educational testing and assessment', 'office 365', 'rubicon atlas curriculum mapping', 'nwea map growth assessment', 'renweb', 'educational therapy', 'one note']"
Deep Learning,"['talent management', 'organizational design', 'succession planning', 'career development', 'compensation management', 'data analysis', 'hr operations', 'performance management']"
Deep Learning,"['tablets', 'knowledge of mobile devices', ""maintaining department's merchandising"", 'using innovative training tools', 'laptops', 'selling products and services']"
Deep Learning,"['knowledge engineering', 'python', 'pytorch', 'deep learning frameworks', 'reasoning', 'go', 'tensorflow', 'docker', 'c', 'deep learning', 'java', 'machine learning', 'kubernetes', 'c++', 'planning', 'large-scale system engineering', 'julia', 'decision-making', 'hyper-parameter tuning', 'distributed systems', 'reinforcement learning']"
Deep Learning,"['customer service', 'sales', 'merchandising', 'inventory management']"
Deep Learning,"['consumer electronics products/services', 'customer service', 'sales', 'selling skills']"
Deep Learning,"['customer service', 'solution selling', 'operating results analysis', 'merchandising', 'inventory management', 'sales strategies']"
Deep Learning,"['utilizing sales tools', 'handling customer issues', 'processing customer transactions']"
Deep Learning,"['neural networks', 'machine learning', 'python', 'c++', 'go', 'lua', 'pytorch', 'iot', 'tensorflow', 'c', 'opencv', 'computer vision']"
Deep Learning,"['webex', 'data manipulation in excel', 'powerpoint presentations', 'ms office', 'outlook', 'word documents', 'workday', 'email management']"
Deep Learning,"['project management', 'especially excel', 'learning management systems', 'microsoft office', 'time management', 'compliance', 'microsoft project', 'online authoring tools', 'web portals']"
Deep Learning,"['technology-based tools', 'quality assurance', 'direct outreach', 'email campaign management', 'web research', 'data collection', 'data management']"
Deep Learning,"['replenishment', 'upstocking', 'price change', 'merchandising', 'clean & bright', 'functionality checks', 'planogram specifications', 'ad set']"
Deep Learning,"['upstocking', 'price change', 'merchandising', 'clean & bright', 'retail experience', 'planogram specifications', 'ad set', 'stocking and replenishment']"
Deep Learning,"['reliability engineering', 'c/c++', 'project management', 'fpga platforms', 'system design', 'opencl', 'computer vision', 'low-latency computing', 'soc', 'high-performance software development', 'gpu programming', 'deep learning inference', 'gpu', 'in-memory data structures', 'unix/linux', 'software correctness', 'performance optimization', 'rdma offloading', 'cuda', 'product roadmapping', 'fpga programming']"
Deep Learning,"['donut frying', 'dishwashing', 'food requisition', 'operating kitchen equipment']"
Deep Learning,"['receiving and shipping merchandise', 'transfers', 'etc.', 'packaging merchandise for shipment']"
Deep Learning,"['customer experience planning', 'storytelling', 'trend analysis', 'presentation skills', 'strategic planning', 'digital product development', 'data synthesis']"
Deep Learning,"['project management', 'software proficiency', 'creative development', 'web development', 'client services']"
Deep Learning,"['proficiency in microsoft office', 'knowledge of learning platforms', 'problem-solving', 'program management', 'strategic thinking']"
Deep Learning,"['workforce planning', 'talent management', 'organizational design', 'leadership development', 'compensation', 'retention strategies', 'legal knowledge in hr', 'employee relations', 'career development', 'performance management']"
Deep Learning,['computer troubleshooting']
Deep Learning,"['torch', 'sound source separation', 'caffe', 'machine learning', 'natural language processing', 'data annotation', 'frameworks: tensorflow', 'summarization', 'unstructured data analysis', 'ml techniques experimentation', 'darknet', 'signal processing', 'captioning', 'computer vision', 'video diarization', 'keras', 'deep learning']"
Deep Learning,"['theano', 'opengl', 'rendering techniques', 'machine learning algorithms', 'caffe', 'directx', 'debugging', 'c++', 'vulkan', 'real-time 3d apis', 'shaders', 'shading languages', 'tensorflow', 'software development', 'gpu technologies', 'optimization', 'machine learning/deep learning frameworks', 'gpu architectures']"
Deep Learning,"['project management', 'verbal & written communication', 'investigative skills', 'decision making', 'consulting', 'relationship management', 'data analysis']"
Deep Learning,"['technical skills:', 'financial analysis', 'fleet management', 'vehicle service', 'problem-solving', 'sales skills', 'logistics']"
Deep Learning,"['talent management', 'organizational design', 'management coaching', 'succession planning', 'compensation management', 'career development', 'talent development', 'data analysis', 'performance management']"
Deep Learning,"['marketing and sales fundamentals', 'microsoft powerpoint & excel', 'account based marketing strategies']"
Deep Learning,"['microsoft office suite', 'lean/kaizen', 'mrp systems', 'sap', 'six sigma green belt', 'continuous improvement']"
Deep Learning,"['quantitative modeling', 'theano', 'machine learning algorithms', 'spark', 'caffe', 'r', 'nlp datasets', 'statistical tools', 'mllib', 'keras', 'hadoop', 'tensorflow', 'data mining', 'sql', 'python scikit', 'deep learning frameworks', 'data analysis']"
Deep Learning,"['technical skills:', 'it network cabling', 'merchandising tasks', 'a/v infrastructure installation']"
Deep Learning,"['webex', 'zoom', 'troubleshooting client-side network connectivity', 'knowledge of windows os', 'active directory administration', 'experience with microsoft exchange™', 'video collaboration tools', 'bluejeans network']"
Deep Learning,"['proficiency with microsoft office', 'strong written communication skills', 'research skills', 'presentation skills']"
Deep Learning,"['engineering', 'project management', 'online education', 'curriculum design', 'teaching', 'instructional design', 'assessment design', 'analytics/data expertise', 'learning science', 'data analysis', 'computer science', 'workshop facilitation', 'content development', 'research skills']"
Deep Learning,"['neural networks', 'machine learning', 'python', 'c++', 'go', 'lua', 'pytorch', 'iot', 'tensorflow', 'c', 'opencv']"
Deep Learning,"['technical skills:', 'recycling processes', 'maintaining recycling areas']"
Deep Learning,"['sales strategy development', 'product knowledge', 'crm usage', 'market development']"
Deep Learning,"['planning skills', 'strong management skills', 'fleet management skills', 'sales skills', 'problem-solving skills', 'customer service skills', 'interpersonal relationship skills', 'communications skills', 'logistical skills']"
Deep Learning,"['machine learning algorithms', 'convolutional neural networks', 'python', 'unsupervised learning', 'lstm recurrent neural networks', 'cloud computing', 'supervised learning', 'data analysis', 'deep learning']"
Deep Learning,"['receiving merchandise', 'stocking merchandise', 'shipping merchandise', 'operating equipment', 'completing paperwork']"
Deep Learning,"['professional development', 'instructional leadership', 'coaching', 'data analysis', 'educational equity']"
Deep Learning,"['business communication', 'sales negotiations', 'microsoft tools and resources', 'pipeline management', 'technology-related sales', 'cloud-based solutions', 'solution selling techniques']"
Deep Learning,"['sales tools utilization', 'processing customer transactions']"
Deep Learning,"['product knowledge', 'customer service', 'sales skills', 'technology knowledge', 'payment transactions']"
Deep Learning,"['project management', 'video script-writing', 'ms office suite', 'html', 'editorial calendar software', 'wordpress', 'science writing/editing', 'seo']"
Deep Learning,"['search engine optimization', 'project management', 'digital content optimization', 'content creation', 'multi-platform content strategies', 'content marketing', 'content strategy', 'marketing communication', 'brand building', 'social media marketing', 'seo']"
Deep Learning,"['production support', 'project management', 'infrastructure support', 'application development', 'architecture design', 'systems analysis', 'business analysis', 'quality assurance testing', 'information security']"
Deep Learning,"['customer service', 'selling skills', 'merchandising', 'inventory management', 'sales strategies', 'financial performance analysis']"
Deep Learning,"['microsoft products knowledge', 'technology/it experience/education', 'microsoft dynamics crm', 'technology education', 'computer repair']"
Deep Learning,"['practice workflow understanding', 'territory management', 'market trend understanding', 'value-based conversations', 'territory business plans implementation', 'customer focus', 'product portfolio promotion', 'disease-state and competitor knowledge', 'patient needs assessment', 'collaboration with peers']"
Deep Learning,"['merchandising standard execution', 'utilizing sales tools', 'processing customer transactions']"
Deep Learning,"['technical skills:', 'microsoft office', 'box', 'plan grid', 'bluebeam', 'autocad', 'photoshop', 'illustrator', 'building materials and methods', 'state and federal codes', 'sketchup']"
Deep Learning,"['web-based applications', 'database management', 'instructional technology', 'education', 'knowledge of community needs']"
Deep Learning,"['workforce planning', 'talent management', 'leadership development', 'total rewards', 'hr programs oversight', 'organizational development', 'employee engagement', 'human capital strategy development', 'change management', 'mergers and acquisitions']"
Deep Learning,"['caffe', 'supervised and unsupervised learning', 'programming', 'data analytics', 'theano', 'machine learning algorithms', 'network compression', 'bayesian analysis', 'unsupervised learning', 'tensorflow', 'computer vision', 'deep learning', 'optimization theory', 'stochastic algorithms', 'torch', 'network design', 'network sparsity', 'rnns', 'attention/selective execution', 'cnns', 'supervised learning', 'robotics', 'reinforcement learning']"
Deep Learning,"['budget management', 'education program development', 'project/process management', 'strategic planning', 'museum pedagogy', 'art education integration strategies', 'educational content development']"
Deep Learning,"['product knowledge', 'point of sale systems', 'cash handling', 'sales techniques', 'inventory management', 'customer engagement']"
Deep Learning,"['quality initiatives', 'learning and development', 'quality training programs', 'certification strategy', 'training partnership', 'data analysis']"
Deep Learning,"['stocking merchandise', 'packing products for shipment', 'processing orders', 'operating warehouse equipment', 'loading merchandise onto trucks']"
Deep Learning,"['coding', 'machine learning', 'r', 'python', 'keras', 'matlab', 'artificial intelligence algorithms/models', 'tensorflow', 'software development', 'natural language processing/understanding', 'data analysis', 'deep learning']"
Deep Learning,"['educational game design', 'game design', 'cross-platform game development', 'documentation', 'mobile game development', 'ui/ux design', 'user interface design']"
Deep Learning,"['machine learning models', 'microsoft products like excel', 'word', 'computer security topics', 'validation tools', 'excel', 'malware infections', 'advanced persistent threats', ""apt's"", 'powerpoint', 'wdatp']"
Deep Learning,"['research development', 'deep learning']"
Deep Learning,"['hris/lms management', 'project management', 'communication plans', 'leadership development', 'event planning', 'web-based platform management', 'employee engagement', 'client focus', 'training']"
Deep Learning,"['strategy development', 'project management', 'market analysis', 'word', 'microsoft office', 'excel', 'powerpoint', 'management consulting', 'business analysis', 'research']"
Deep Learning,"['data science techniques', 'machine learning algorithms', 'hadoop', 'predictive modeling algorithms', 'visualization', 'big data processing', 'distributed computing']"
Deep Learning,"['replenishment', 'loading merchandise onto trucks', 'stocking merchandise', 'packing products for shipment', 'order processing', 'operating equipment']"
Deep Learning,"['aws management', 'gpu architecture', 'kubernetes', 'python programming', 'docker', 'cuda programming', 'git', 'linux administration']"
Deep Learning,"['planogram implementation', 'merchandising', 'inventory management']"
Deep Learning,['utilization of sales tools']
Deep Learning,"['technology-related experience', 'sales and business background', 'knowledge within industry', 'business acumen', 'information technology exposure']"
Deep Learning,"['asset protection', 'security monitoring', 'emergency response procedures', 'incident reporting', 'retail operations', 'fraud prevention']"
Deep Learning,"['repairing technology products', 'diagnostics', 'troubleshooting', 'specialty software', 'documenting client requests']"
Deep Learning,"['machine learning techniques', 'asr', 'c/c++', 'automatic speech recognition', 'natural language understanding', 'java', 'nlu', 'bayesian models', 'python', 'deep neural networks', 'programming languages', 'perl', 'audio signal processing', 'statistical modeling techniques']"
Deep Learning,"['technical skills:', 'customer service', 'sales targets achievement', 'retail standards maintenance', 'merchandising', 'product expertise']"
Deep Learning,"['packing and shipping products', 'certification for operating equipment', 'loading and unloading trucks', 'receiving and stocking merchandise', 'order processing', 'operating warehouse equipment']"
Deep Learning,"['microsoft excel', 'technical writing', 'fieldwork', 'word processing', 'aquifer testing', 'data analysis', 'interpretation of regulations', 'data collection and evaluation', 'remediation projects', 'environmental assessment', 'safety requirements']"
Deep Learning,"['merchandising standards maintenance', 'sales targets achievement', 'retail standards understanding', 'customer service skills', 'product expertise']"
Deep Learning,"['customer service', 'event execution', 'account based marketing', 'microsoft powerpoint & excel', 'marketing & sales fundamentals']"
Deep Learning,"['written communication skills', 'virtual team collaboration', 'measurement of success metrics', 'verbal communication skills', 'partnership building', 'problem-solving', 'educational technology implementation', 'presentation skills', 'time management', 'social media engagement', 'strategic thinking', 'multi-tasking']"
Full Stack Developer,"['building web applications', 'experience with python', 'or django', 'react', 'using design patterns', 'google app engine', 'angularjs']"
Full Stack Developer,"['thrift', 'front-end development', 'full-stack development', 'node.js', 'react', 'scala', 'redux', 'api design', 'graphql']"
Full Stack Developer,"['java', 'iam products', 'ldap', 'springboot', 'saml', 'test automation', 'fim', 'rest', 'oauth2.0', 'relational database development', 'ci/cd pipelines', 'federated identity management', 'web development', 'agile development', 'distributed version control', 'openid connect', 'spring', 'json']"
Full Stack Developer,"['object-oriented programming', 'bamboo', 'php', 'technical skills:', 'html5/css', 'http', 'node.js', 'es6', 'etc.', 'phing', 'git', 'jenkins', 'composer', 'etc', 'continuous integration/deployment tools', 'ant', 'micro-services architecture', 'react js', 'mysql or sqlserver', 'bitbucket', 'build tools', 'vcs', 'linux/nix platform']"
Full Stack Developer,"['server-side java development', 'spring and hibernate', 'html/css/javascript', 'oracle']"
Full Stack Developer,"['jira', 'css', 'javascript', 'networking', 'mvc frameworks', 'rest apis', 'project methodology', 'multi-tiered applications', 'html', 'aws', 'node.js frameworks', 'application containerization', 'agile development methodology', 'security', 'git', 'website design industry standards', 'ui frameworks', 'databases', 'cross-browser platforms']"
Full Stack Developer,"['postgresql', 'css', 'python', 'ruby experience', 'react', 'html', 'single page apps', 'linux environment', 'javascript', 'aws', 'mvc architectures', 'rdbms modeling', 'react/redux', 'sql', 'flask']"
Full Stack Developer,"['truffle', 'dapp development', 'blockchain', 'metamask', 'solidity', 'verbal and written communication']"
Full Stack Developer,"['jira', 'bamboo', 'bitbucket', 'mutation testing', 'dynamo db', 'cloud-based development', 'rest services', 'api resiliency', 'maven', 'devops', 'cloud-based data stores', 'spring', 'java', 'test automation', 'contract testing', 'jenkins', 'amazon rds', 'business-specific metrics', 'test-driven development', 'junit', 'continuous delivery pipelines', 'mockito', 'jersey', 'cucumber', 'api design']"
Full Stack Developer,"['java', 'streams or lambda', 'core java/ j2ee', 'rest', 'angular', 'web services', 'v7 - 8', 'angularjs', 'java 8 features', 'versions 2+', 'cicd methodology', 'sql', 'spring', 'json']"
Full Stack Developer,"['full-stack development', 'high-level functional programming languages', 'f', 'ocaml', 'haskell', 'erlang', 'software engineering', 'functional programming', 'aws', 'heroku', 'docker', 'clojure', 'e.g.', 'ci/cd', 'git']"
Full Stack Developer,"['java', 'html5/angularjs', 'relational database interaction', 'c++', 'object-oriented patterns/techniques', 'multithreaded/concurrent programming']"
Full Stack Developer,"['postgresql', 'css', 'python', 'react', 'html', 'rdbms modeling/performance', 'ruby', 'javascript', 'linux environment', 'single page apps', 'aws', 'mvc architectures', 'redux', 'sql', 'flask']"
Full Stack Developer,"['css', 'html', 'mvc', 'jquery', 'mysql', 'php']"
Full Stack Developer,"['postgresql', 'mvc architecture', 'version control', 'api development', 'python', 'network management', 'javascript', 'server management', 'mysql', 'php', 'data modeling', 'user interface development', 'git']"
Full Stack Developer,"['coding', 'continuous integration', 'scrum methodology', 'team foundation server', 'test automation', 'design skills', 'agile software development', 'code reviews', 'net framework', 'mvvm', 'analytical skills', 'software development', 'wpf', 'visual studio', 'unit testing', 'engineering best practices', 'c#']"
Full Stack Developer,"['solidity smart contracts', 'tdd', 'mobx', 'dapp development', 'restful architecture', 'node.js', 'jss', 'python', 'html', 'go', 'testing', 'material-ui', 'reactjs', 'nosql databases', 'blockchain technology', 'graphql', 'bdd']"
Full Stack Developer,"['babel', 'node.js', 'elasticsearch', 'marionette', 'bootstrap', 'heroku', 'postgres', 'aws', 'weka']"
Full Stack Developer,"['full stack development', 'java', 'scalability', 'firebase', 'python', 'go', 'backend development', 'ruby', 'distributed systems', 'prototyping', 'aws', 'ruby/rails', 'modern programming languages']"
Full Stack Developer,"['linux', 'oracle', 'css', 'python', 'restful api development', 'javascript', 'message queues', 'mssql', 'rabbitmq', 'html', 'kafka', 'aws', 'java', 'amazon web services', 'apache tomcat', 'mysql', 'spring mvc', 'mongodb', 'azure', 'spring boot']"
Full Stack Developer,"['tdd', 'vanilla js', 'test-driven development', 'drupal', 'html5', 'responsive design', 'jquery', 'javascript', 'css3', 'angular', 'css pre-processors', 'php', 'react.js', 'sass', 'less', 'git', 'compass']"
Full Stack Developer,"['web technologies', 'browser tech', 'python/golang', 'linux', 'amazon web services', 'http', 'compositing', 'javascript', 'web frameworks', 'websocket', 'v8', 'web development', 'full stack experience', 'aws', 'sqlalchemy', 'flask', 'webkit']"
Full Stack Developer,"['html/css', 'http', 'web technology stack', 'python', 'websockets', 'react', 'restful api', 'cookies', 'asset loading/caching', 'angular', 'analytics', 'php', 'a/b testing', 'webpack', 'design patterns', 'redux', 'data-informed product development']"
Full Stack Developer,"['apache', 'front-end development', 'linux', 'css', 'back-end development', 'html', 'and/or shell scripting', 'php programming', 'javascript', 'ajax', 'perl', 'mysql', 'c', 'content management systems']"
Full Stack Developer,"['full stack development', 'scalable architectures', 'machine learning', 'cloud-based solutions', 'css', 'python', 'containerization technologies', 'react', 'azure', 'javascript', 'web development', 'software development', 'functional programming', 'python development', 'aws', 'object-oriented programming', 'google app engine', 'deep learning']"
Full Stack Developer,"['bootstrap 3/4', 'devops mindset', 'java w/spring', 'html/css', 'ember/react', 'restful api', 'javascript', 'single page application frameworks']"
Full Stack Developer,"['typescript', 'js frameworks', 'angular.js', 'node.js', 'angular2+', 'css', 'html', 'ruby', 'ngrx', 'mysql', 'php', 'git', 'unit testing in javascript']"
Full Stack Developer,"['magento 2 configuration management', 'magento 2 module development', 'php development']"
Full Stack Developer,"['microsoft sql stack', 'source control tools', 'microsoft word', 'ssrs', 'excel', 't-sql', 'database programming', 'database modeling', 'ssis', 'and visio', 'sql', 'ssas', 'sql server 2014-16']"
Full Stack Developer,"['backend development best practices', 'css', 'html', 'mvc', 'jquery', 'mysql', 'php']"
Full Stack Developer,"['agile methodology', 'typescript', 'maintaining and repairing applications', 'test-driven development', 'angular2+', 'component-based applications', 'react', 'jquery', 'application development', 'net framework', 'full-stack web development', 'application testing', 'cloud computing', 'knockout', 'identifying and escalating problems', 'angularjs']"
Full Stack Developer,"['technical skills:', 'full stack development', 'scalability', 'server-side coding', 'api development', 'javascript/node.js', 'debugging', 'documentation', 'python programming', 'sql and nosql databases', 'data structure design', 'feature development', 'ruby programming', 'back-end architecture', 'testing']"
Full Stack Developer,"['full stack development', 'accessibility', 'react native', 'js libraries and frameworks', 'css', 'html', 'mvc', 'open source components', 'javascript', 'user experience design', 'sass/less/postcss', 'web development', 'restful apis', 'redux', 'object-oriented programming', 'native mobile development', 'flexbox']"
Full Stack Developer,"['full stack development', 'data structures', 'amazon web services', 'restful api development', 'algorithms', 'cloud computing platforms', 'and design patterns', 'e.g.']"
Full Stack Developer,"['ember.js', 'ruby on rails', 'mysql']"
Full Stack Developer,"['gwt', 'relational dbms', 'database systems', 'multi-platform web development', 'oracle', 'python', 'javascript', 'node', 'mvc frameworks', 'financial services/mathematically oriented applications', 'object-oriented languages', 'e.g. swing', 'e.g. java', 'e.g. postgresql', 'ruby', 'data/object modeling', 'meteor', 'angular frameworks', 'testing strategy definition', 'event-driven java programming']"
Full Stack Developer,"['laravel', 'agile sdlc methodology', 'scrum', 'continuous integration', 'new relic', 'integration tests', 'code analysis', 'javascript', 'vue.js', 'php', 'automated deployment', 'api-driven microservices', 'automated unit testing', 'sql']"
Full Stack Developer,"['soap web services', 'db2', 'typescript', 'analytical thinking', 'css', 'ui technologies/angular', 'problem-solving', 'html', 'angular', 'financial industry knowledge', 'javascript', 'shell scripting', 'software design patterns', 'sql', 'spring', 'j2ee', 'restful web services']"
Full Stack Developer,"['microservices', 'gradle', 'puppet it automation', 'cloud infrastructure', 'spring framework', 'junit', 'maven', 'docker container', 'cassandra', 'react', 'couchbase', 'cloud computing', 'h2', 'spring boot', 'vagrant']"
Full Stack Developer,"['lambda', 'jira', 'kubernetes', 'cassandra', 'devops', 'python', 's3', 'apache spark', 'docker', 'amazon cloud infrastructure', 'github']"
Full Stack Developer,"['version control flows', 'data structures', 'common data types', 'command line', 'programming fundamentals', 'azure', 'containers', 'rest', 'cloud applications', 'functional programming', 'design patterns', 'aws', 'object-oriented design principals', 'unit testing']"
Full Stack Developer,"['software quality assurance', 'integrating technology', 'testing processes and methodologies', 'erp systems', 'data analytics', 'data modeling', 'sql/rdbms', 'business analysis', 'data management', 'writing code']"
Full Stack Developer,"['java', 'net', 'javascript/typescript', 'jira', 'react', 'html5', 'angular', 'css3', 'confluence', 'tfs', 'vue.js', 'restful apis', 'agile development', 'c', 'sql', 'knockout', 'git']"
Full Stack Developer,"['full stack development', 'net', 'durandaljs', 'css', 'python', 'javascript', 'knockoutjs', 'php', 'amazon aws', 'bluemix', 'backbonejs', 'web services', 'app development', 'docker', 'reactjs', 'back-end programming', 'java', 'node.js', 'ruby', 'git', 'html5', 'database administration', 'jquery', 'angularjs']"
Full Stack Developer,"['sequelize', 'jira', 'angular 2/4', 'agile methodologies', 'puppet', 'ci/cd', 'github', 'cloud and/or hybrid-cloud solutions', 'sails.js', 'database technologies', 'devops technologies', 'coffeescript', 'microservices architecture', 'node.js', 'jenkins', 'liquibase', 'typescript', 'test-driven development', 'html5', 'terraform', 'preferably aws', 'angularjs']"
Full Stack Developer,"['web application development', 'usability improvement', 'front-end and back-end requirements', 'full-stack development', 'code review', 'troubleshooting', 'software development life cycle', 'ui performance optimization', 'bug fixing', 'speed optimization', 'mobile application development', 'reusable code development', 'sdlc']"
Full Stack Developer,"['architectural design', 'cross-platform development', 'front-end development', 'ios development', 'objective-c', 'automated unit testing', 'mobile development lifecycle', 'swift']"
Full Stack Developer,"['networks', 'troubleshooting', 'debugging', 'documentation', 'software/firmware development', 'tools development', 'operating systems', 'compilers', 'hardware compatibility', 'process/equipment qualifications', 'technical guidance']"
Full Stack Developer,"['business analytics', 'iot devices', 'enterprise capabilities as services', 'partner to partner communication', 'greenfield development', 'digital solutions development']"
Full Stack Developer,"['section 508', 'jira', 'css', 'react', 'full-stack web development', 'javascript', 'ember', 'website performance optimization tools', 'sketch', 'seo', 'apache sling', 'accessibility standards', 'and jcr', 'html', 'responsive website development', 'project management methodologies', 'java', 'zeplin', 'rest-based application development', 'angular', 'osgi', 'sass or less', 'lamp environment', 'e.g.', 'javascript frameworks', 'search engine optimization', 'html5', 'css3', 'adobe experience manager', 'css pre-processors', 'design collaboration tools', 'work tracking systems', 'google analytics']"
Full Stack Developer,"['software development lifecycle', 'machine learning', 'microsoft sql server', 'google cloud platform', 'gcp', 'node.js', 'devops', 'javascript', 'cloud-based development', 'tensorflow', 'amazon cloud service', 'reactjs', 'user interface development', 'jupyter', 'graph data analysis', 'sdlc', 'mongodb', 'distributed computing']"
Full Stack Developer,"['full stack web development', 'web programming', 'jira', 'data visualization', 'react', 'javascript', 'php', 'augmented reality', 'web development tools', 'c', 'sql', 'node.js', 'c++', 'bootstrap', 'ar', 'restful apis', 'vr', 'cloud services', 'mongodb', 'ui design', 'jquery', 'virtual reality', 'bitbucket']"
Full Stack Developer,"['ember.js', 'scrum', 'backbone.js', 'javascript mv frameworks', 'angular.js', 'html5/css3/javascript', 'net web development', 'agile methodologies', 'cms driven website', 'sitecore', 'rest/soap apis', 'unit testing']"
Full Stack Developer,"['java', 'node.js', 'css', 'karma', 'html5', 'electron framework', 'jasmine', 'jest', 'ruby', 'php', 'mocha', 'react.js', 'redux', 'unit testing', 'git', 'javascript frameworks']"
Full Stack Developer,"['asp.net', 'sql server', 'orm', 'full stack .net development', 'css', 'html', 'mvc with razor', 'javascript', 'writing unit tests', 'relational databases', 'c#', 'testable code']"
Full Stack Developer,"['asp.net', 'microsoft sql server', 'css', 'html5', 'jquery', 'javascript', 't-sql', 'visual studio', 'net standard', 'c', 'sql']"
Full Stack Developer,"['postgresql', 'relational data modeling', 'crf part 11', 'javascript', 'microservice architecture', 'selenium', 'functional programming', 'agile development', 'unix', 'sarbanes-oxley', 'oop programming', 'docker', 'aws', 'java', 'kubernetes', 'software development', 'hippa', 'automated testing', 'play framework']"
Full Stack Developer,"['code review', 'automation', 'collaboration', 'system design', 'asp.net mvc', 'software development', 'bug fixing']"
Full Stack Developer,"['java', 'net', 'xml', 'react', 'healthcare/clinical environment experience', 'understanding', 'docker', 'dynamodb', 'mysql', 'aws', 'c#', 'agile development', 'full stack software engineering', 'hl7 protocol', 'json']"
Full Stack Developer,"['full stack web development', 'database management', 'css', 'javascript', 'mvc frameworks/patterns', 'open source contributions', 'expression engine', 'command line tools', 'craft cms', 'html', 'user experience development', 'responsive web design', 'server-side technologies', 'c', 'mobile application development', 'windows phone', 'accessibility compliance', 'sql', 'java', 'node.js', 'c++', 'angular', 'wordpress', 'bootstrap', 'mysql', 'ios', 'e.g.', 'mongodb', 'browser testing', 'asp.net', 'android', 'front-end development', 'jsp', 'content publishing platforms']"
Full Stack Developer,"['gm global b', 'c/c++', 'net', 'entity framework', 'microsoft sql server', 'css', 'canalyzer', 'python', 'javascript', 'doip', 'rest services', 'powernet', 'html', 'mvc', 'database design', 'c language', 'vector tools', 'embedded programming', 'can', 'git or mercurial', 'canoe', 'asp.net', 'gmlan', 'automotive diagnostics', 'ford ggds', 'code first migration', 'uds', 'object-oriented programming', 'version control systems', 'canopy']"
Full Stack Developer,"['postgresql', 'api gateway', 'oracle', 'ci/cd process optimization', 'rest apis', 'enterprise service bus', 'object-oriented design', 'asp.net web api', 'log4net', 'relational database', 'axway', 'apigee', 'redis', 'memcache', 'api integration/management platforms', 'aws services', 'tdd tools', 'node.js', 'testing frameworks and practices', 'ms sql', 'nunit/ms tests/soapui/run scope', 'logging frameworks', 'caching technologies', 'git', 'nosql database', 'asp.net', 'asp.net mvc', 'loggly']"
Full Stack Developer,"['modern software design', 'css', 'preferably java', 'configuration/modification', 'scripting language', 'javascript', 'service level objectives monitoring', 'capacity monitoring', 'software design', 'html', 'scripting', 'reactjs', 'software development/configuration', 'integration design and development', 'infrastructure monitoring', 'node.js', 'preferably git', 'spring mvc', 'e.g.', 'product monitoring', 'testing', 'performance tuning', 'pair programming', 'automation', 'front-end technologies and frameworks', 'dashboards and alerting', 'sql queries', 'jquery', 'web application frameworks', 'ruby on rails', 'version control systems', 'angularjs']"
Full Stack Developer,"['microservices', 'watson search', 'cloud platforms', 'angular 4/5', 'lucene', 'hibernate', 'fast esp', 'ws portal page templates', 'html', 'html 5', 'spring', 'solr', 'elastic search', 'java/j2ee', 'restful apis', 'spring mvc', 'ibm web content manager', 'webservices - soap', 'rest/json', 'typescript', 'spring boot']"
Full Stack Developer,"['java', 'phpunit', 'zend framework', 'object-oriented principles', 'jquery', 'qa automation', 'selenium', 'php', 'mysql', 'agile/scrum methodologies', 'prototype', 'version control systems', 'unix systems', 'svn', 'git']"
Full Stack Developer,"['microservices', 'css', 'python', 'react', 'rest api development', 'selenium', 'html', 'responsive web design', 'xlr', 'angular 2', 'knowledge of automation tools', 'java', 'sonar', 'bootstrap', 'open source sub-components', 'spring mvc', 'jenkins', 'junit', 'chef', 'databases']"
Full Stack Developer,"['code versioning tools', 'aws technologies', 'lemp/lamp stacks', 'docker and containerization concepts', 'mvc design patterns', 'net framework', 'ui/ux integration', 'sql database development', 'security compliance', 'restful apis', 'unit testing', 'e.g.', 'cloud-based application development', 'git']"
Full Stack Developer,"['backend services', 'online/offline integration', 'systems deployment', 'react native', 'mobile app development', 'python', 'react', 'html5', 'css3', 'javascript', 'nix environments', 'mysql', 'software engineering', 'django', 'aws', 'tool development', 'systems design', 'restful web services']"
Full Stack Developer,"['javascript', 'css', 'object-oriented programming', 'html5']"
Full Stack Developer,"['d math', 'full stack development', 'gpu-backed graphics libraries', 'performance profiling', 'game engines', 'optimization', 'graphics', 'physics', 'source control', 'bug tracking', 'sensor fusion', 'system level debugging', 'optics', 'vectorization techniques', 'computer vision', 'machine learning', 'c++', 'linear algebra', 'prototyping', 'software integration', 'design documentation', 'games software', 'device drivers', 'gpgpu techniques', 'robotics']"
Full Stack Developer,"['java', 'aws lambda', 'spring framework', 'html', 'web services', 'javascript', 'aws sns', 'aws java sdk', 'aws sqs', 'data engineering', 'angularjs']"
Full Stack Developer,['experience:']
Full Stack Developer,"['python', 'react', 'javascript', 'docker', 'aws']"
Full Stack Developer,"['jira', 'xml', 'php', 'agile development', 'patternlab', 'back-end development', 'web services', 'ui tools', 'drupal', 'rest', 'versions 7 or 8', 'sass or less', 'mysql', 'gulp', 'e.g.', 'git', 'javascript frameworks', 'grunt', 'html5', 'css3', 'jquery', 'soap', 'object-oriented programming', 'automation tools']"
Full Stack Developer,"['java', 'server side language', 'ui/ux design', 'data visualization', 'python', 'ruby', 'javascript', 'security', 'relational databases', 'qa testing', 'c', 'deployment/architecture']"
Full Stack Developer,"['java', 'spring framework', 'css', 'react framework', 'html', 'back-end development', 'software testing', 'jquery', 'javascript', 'agile methodologies', 'aws', 'build/deploy pipelines', 'unit testing', 'automated integration testing', 'npm']"
Full Stack Developer,"['net technologies', 'wpf', 'winforms', 'devexpress framework', 'c#', 'agile methodology']"
Full Stack Developer,"['full stack development', 'backbone', 'emerging technologies', 'javascript', 'rest/soap', 'loopback', 'agile development', 'soa', 'service oriented architecture', 'access control', 'software design', 'software analysis', 'application development', 'web services', 'industry trends', 'high traffic website design', 'java', 'api management', 'web content management', 'software testing', 'angular', 'identity management', 'mobile application design', 'application security', 'expressjs', 'infrastructure planning', 'production operations', 'systems integration', 'resilient applications', 'jsp', 'frameworks', 'single sign-on']"
Full Stack Developer,"['api development', 'react', 'networking', 'database design', 'postgres', 'redux', 'ruby on rails', 'ui design']"
Full Stack Developer,"['java', 'agile software development methodologies', 'angular js', 'sql dbms management', 'javascript', 'react js', 'mecurial or git', 'rest and/or soap apis', 'c', 'version control systems', 'such as scrum']"
Full Stack Developer,"['java', 'object oriented programming', 'front-end development', 'circuit breaker', 'css', 'resiliency', 'event driven architecture', 'html', 'microservices architecture', 'relational databases', 'javascript frameworks/libraries', 'non-relational databases', 'http/rest', 'object-oriented programming']"
Full Stack Developer,"['git', 'java', 'data structures', 'eclipse', 'node.js', 'algorithms', 'webstorm', 'dependency injection', 'javascript', 'testable code', 'spring', 'object-oriented design', 'angularjs']"
Full Stack Developer,"['event-driven and event-sourced systems', 'react', 'full-stack web development', 'analytical and problem-solving skills', 'web frameworks', 'domain modeling', 'javascript / js framework', 'ruby on rails', 'sql databases']"
Full Stack Developer,"['object oriented programming', 'ui/ux', 'html5/css3/javascript', 'responsive design', 'angular', 'jquery', 'reactjs', 'relational databases', 'nosql databases', 'object-oriented programming', 'user interface design']"
Full Stack Developer,"['version control', 'css', 'html', 'javascript', 'mysql', 'object oriented php']"
Full Stack Developer,"['microservices', 'spring framework', 'test automation', 'test driven development', 'containers', 'react', 'angular', 'java 8', 'javascript', 'bootstrap', 'ci/cd practices', 'cloud platforms', 'spring mvc', 'spring boot']"
Full Stack Developer,"['microservices', 'rest api web services', 'spring mvc framework', 'core java', 'spring boot', 'j2ee']"
Full Stack Developer,"['web/mobile interfaces using xhtml', 'web technologies', 'relational databases and sql', 'css', 'html', 'javascript', 'mysql', 'xhtml', 'internal programming language hack']"
Full Stack Developer,"['circleci', 'es6', 'css', 'devops', 'react', 'ruby', 'docker', 'postgres', 'ci/cd', 'sql', 'jenkins', 'rails']"
Full Stack Developer,"['scholarly publishing projects', 'full-stack development', 'browser debugging tools', 'ecmascript 6+', 'web programming', 'node.js', 'open-source projects', 'ux/ui patterns', 'devops', 'react', 'software versioning tools', 'information technology', 'javascript', 'git repositories', 'university and research environments', 'agile methodology', 'svn', 'git']"
Full Stack Developer,"['responsive web applications', 'ember.js', 'automation', 'net', 'css', 'javascript', 'web development', 'sql', 'rest apis', 'sass', 'unit testing', 'less', 'compass']"
Full Stack Developer,"['microservices', 'javascript', 'python 3', 'css preprocessors', 'redux', 'soa', 'testing frameworks', 'django rest framework', 'docker', 'django', 'restful services', 'sql', 'babel', 'event-driven architecture', 'ecmascript', 'service-oriented architecture', 'webpack', 'functional paradigms', 'sass or less', 'postgres', 'npm', 'flux design pattern', 'react.js']"
Full Stack Developer,"['lamp stack', 'postgresql', 'durandaljs', 'oracle', 'knockoutjs', 'drush', 'iis', 'backbonejs', 'redis', 'reactjs', 'aws', 'drupal', 'sass/less', 'wordpress', 'git', 'mongodb', 'composer', 'gulpjs', 'html5', 'css3', 'rackspace', 'javascript/jquery', 'nginx', 'angularjs']"
Full Stack Developer,"['pair programming', 'scalability', 'node.js', 'coding standards', 'devops', 'react', 'code reviews', 'javascript', 'api-driven web applications', 'refactoring', 'tool and library development']"
Full Stack Developer,"['javascript', 'scalable backend services development', 'css/scss', 'redux', 'html', 'docker', 'aws lambda', 'ecmascript/es6', 'json web token', 'babel', 'webpack', 'node.js', 'crud', 'front-end development tools', 'rest', 'algorithms', 'software patterns', 'graphql', 'npm', 'web application development', 'serverless', 'api frameworks', 'react.js']"
Full Stack Developer,"['cloud platforms', 'source control management', 'system design', 'coding standards', 'software engineering practices', 'data processing', 'data storage', 'code reviews', 'visualization', 'testing', 'ui design', 'api clients', 'artificial intelligence', 'cloud based platforms', 'build processes', 'apis', 'data ingestion', 'extract transform load', 'data architecture']"
Full Stack Developer,"['c/c++', 'xml', 'css', 'python', 'express.js', 'ajax', 'relational databases', 'server-side languages', 'technical skills:', 'google guice', 'build', 'test', 'reactjs', 'no-sql databases', 'jpa', 'spring', 'java', 'node.js', 'cassandra', 'mysql', 'software development', 'javascript frameworks', 'json', 'api design and development', 'jwt', '& deploy tools', 'mariadb', 'html5', 'cloud architecture and micro-services', 'mongo', 'restful services crud', 'cloud-based solutions', 'oauth', 'angularjs']"
Full Stack Developer,"['weblogic', 'xml', 'software design', 'java/j2ee', 'html5', 'tomcat', 'css3', 'javascript', 'web services', 'angular 2 or 4', 'struts', 'sql', 'application servers', 'hibernate']"
Full Stack Developer,"['c/c++', 'flask framework for python', 'python', 'jquery', 'javascript', 'mysql', 'web development', 'back end development', 'front end development', 'user interface design']"
Full Stack Developer,"['python', 'tcp/ip', 'cloud environments', 'go', 'javascript', 'gnu/linux', 'technical skills - react', 'grpc']"
Full Stack Developer,"['full-stack development', 'python', 'rest apis', 'ruby', 'react.js', 'object-oriented concepts', 'html5/css']"
Full Stack Developer,"['front-end development', 'ai & machine learning', 'troubleshooting', 'css', 'python', 'icd-10/icd-9', 'html', 'software testing', 'snomed', 'django', 'cpt codes', 'data analysis', 'angularjs']"
Full Stack Developer,"['integration with iot devices', 'business analytics', 'enterprise capabilities development', 'partner to partner communication', 'greenfield development', 'digital solutions development']"
Full Stack Developer,"['data structures', 'clean code', 'algorithms', 'css', 'html', 'mvc', 'agile processes', 'jquery', 'mysql', 'php', 'design patterns']"
Full Stack Developer,"['net', 'full-stack development', 'server-side c', 'visual studio team services', 'vsts', 'css', 'kendo ui', 'html', 'angular js', 'jquery', 'javascript', 'sql database development', 'visual studio', 'aspx']"
Full Stack Developer,"['java', 'data structures', 'typed language', 'modern javascript technologies', 'backend infrastructure', 'algorithms', 'e.g. c++', 'python coding']"
Full Stack Developer,"['eclipse', 'hadoop', 'javascript', 'spring framework', 'maven', 'docker', 'sql', 'apache servicemix', 'java', 'cassandra', 'angular', 'mule or other esbs', 'mysql', 'nosql databases', 'graph databases', 'git', 'mongodb', 'agile/scrum', 'apache cassandra', 'r', 'nosql', 'jquery', 'spring batch', 'd3.js', 'spring boot', 'angularjs']"
Full Stack Developer,"['microservices', 'angular.js', 'html5', 'mvc', 'asp.net mvc', 'css3', 'javascript', 'c#', 'object-oriented design']"
Full Stack Developer,"['eclipse', 'react', 'vue', 'android development', 'back-end development', 'ios development', 'objective-c', 'swift', 'android sdk', 'angular', 'bootstrap', ""integrations and api's development"", 'web and mobile design', 'xcode', 'client-side programming', 'test-driven development', 'html5', 'css3', 'ios sdk', 'sqlite/mysql']"
Full Stack Developer,"['data structures', 'clean code', 'algorithms', 'css', 'html', 'mvc', 'agile processes', 'jquery', 'mysql', 'php', 'design patterns']"
Full Stack Developer,"['web application development', 'java', 'asp.net', 'powershell scripting', 'microsoft sql server', 'node.js', 'c++', 'html5', 'javascript', 't-sql', 'visual studio', 'c#', 'unit testing', 'angularjs', 'net development']"
Full Stack Developer,"['full stack development', 'insurance systems', 'software engineering']"
Full Stack Developer,"['apache axis', 'oracle weblogic', 'junit', 'apache cxf', 'jax-ws', 'xml', 'soapui', 'ansi sql', 'wsdl', 'jdbc', 'core java']"
Full Stack Developer,"['microsoft iis', 'sql server', 'windows/web services', 'css3', 'vb', 'views', 'html5', 'strong relational database knowledge', 'javascript', 'jquery', 'tfs', '.net core', 'scripting', 'indices', 'stored procedures', 'c#', 'microsoft team foundation server']"
Full Stack Developer,"['postgresql', 'kubernetes', 'react', 'go', 'web frameworks', 'apis', 'containerization', 'terraform', 'databases', 'backend languages', 'graphql']"
Full Stack Developer,"['css', 'react', 'javascript', 'ember', 'agile methodologies', 'rest apis', 'vue', 'java', 'babel', 'webpack', 'node.js', 'es6', 'angular', 'gitflow', 'git', 'web application development', 'grunt', 'html5', 'scrum/kanban', 'java 8 features', 'or polymer', 'api design']"
Full Stack Developer,"['firebase', 'css', 'nativescript', 'javascript', 'subversion', 'html', 'salesforce.com', 'mocha', 'aws', 'mercurial', 'node.js', 'server-side development', 'heroku', 'mysql', 'gulp', 'git', 'npm', 'grunt', 'typescript', 'jasmine', 'angular2', 'react.js']"
Full Stack Developer,"['full stack development', 'microservices', 'xml', 'javascript', 'express.js', 'sql and mysql', 'open source technologies', 'web-based systems programming', 'devops', 'linux environment', 'front-end and back-end development', 'object-oriented analysis and design', 'node.js', 'angular', 'nosql databases', 'azure/aws/gcp cloud services', 'mongodb', 'json', 'web application development', 'service-oriented architectures', 'html5+css', 'elasticsearch', 'jquery', 'apis', 'couchbase']"
Full Stack Developer,"['java', 'continuous integration', 'aws services', 'database management', 'oracle databases', 'troubleshooting', 'html5', 'css3', 'javascript', 'application performance analysis', 'operating systems', 'application deployment', 'software development', 'sql', 'agile methodology', 'internet technologies']"
Full Stack Developer,"['react', 'js frameworks and libraries', 'ember', 'sass', 'tdd', 'quality code writing', 'core javascript concepts', 'single page applications', 'babel', 'product development', 'webpack', 'node.js', 'test automation', 'angular', 'bootstrap', 'etc.', 'architectural initiatives', 'underscore', 'test-driven development', 'html5', 'css3', 'unit/integration/functional testing', 'react.js', 'agile software development']"
IT Consultant,"['customer service', 'database management', 'data gathering and entry', 'sales', 'recruiting']"
IT Consultant,"['virtual training platforms', 'lms administration', 'instructional design', 'articulate storyline 360', 'elearning content development']"
IT Consultant,"['project management', 'digital communication methods', 'pmp certification', 'microsoft office', 'corporate communication', 'public speaking', 'writing and editing', 'organizational change management', 'digital design', 'adobe photoshop/adobe indesign']"
IT Consultant,"['customer relationship management', 'data-driven approach', 'negotiation skills', 'full-cycle recruiting']"
IT Consultant,"['sharepoint', 'encryption verification', 'malware analysis', 'insider threat analysis', 'networking', 'excel', 'metrics reporting', 'log analysis', 'phishing analysis', 'firewall log analysis', 'data analysis', 'ad accounts']"
IT Consultant,"['budget management', 'retail ecommerce platforms knowledge', 'technology roadmap development', 'roi analysis', 'business requirements gathering', 'ecommerce technology']"
IT Consultant,"['crm system', 'customer service', 'ms office', 'sales', 'google apps', 'pricing tools', 'data management', 'marketing', 'public relations', 'leasing']"
IT Consultant,"['greeting clients and visitors', 'setting up meetings', 'ordering supplies', 'processing invoices', 'answering phone calls', 'liaising with building management']"
IT Consultant,"['problem-solving', 'accountability', 'performance analysis', 'leadership', 'adaptability', 'prioritization', 'business analysis', 'medical knowledge development', 'strategic account management', 'sales', 'market knowledge', 'disease state knowledge', 'influence', 'analysis', 'compliance', 'negotiation', 'agile learner', 'customer engagement', 'data analysis', 'collaboration', 'relationship management', '###', 'resilient']"
IT Consultant,"['oral and written communication', 'knowledge of federal', 'training and mentoring', 'state', 'planning and organizing', 'employee relations', 'computer skills']"
IT Consultant,"['information technology', 'expertise']"
IT Consultant,"['customer service', 'microsoft office suite', 'advertising', 'sales', 'reporting', 'marketing', 'property management']"
IT Consultant,"['customer service', 'technology adaptation', 'sales', 'administrative skills', 'marketing']"
IT Consultant,['forklift operator certification']
IT Consultant,"['integration projects', 'product enhancement', 'clinical knowledge', 'ncqa and urac requirements', 'care management processes', 'product implementation', 'system configuration', 'product expertise', 'workflow design']"
IT Consultant,"['budget management', 'risk identification and mitigation', 'readiness assessments', 'technology trends awareness', 'structured change management approach', 'change management plans', 'communication portal maintenance', 'communications planning']"
IT Consultant,"['project management', 'it sox', 'cisa', 'internal control frameworks', 'cpa', 'coso', 'audit methodologies', 'cia', 'verbal and written communication', 'problem-solving skills', 'compliance', 'analytical skills', 'cobit', 'it general controls', 'internal audit', 'it audit', 'it risk consulting']"
IT Consultant,"['competitor analysis', 'product development', 'product management', 'crm', 'product marketing', 'business development', 'understanding of business goals', 'technology skills', 'business analysis']"
IT Consultant,['sales/customer service experience']
IT Consultant,"['data-driven solutions', 'ms excel', 'ms word', 'job descriptions', 'communication planning', 'ms powerpoint', 'ms visio', 'organizational development', 'change management', 'user adoption/training programs', 'behavioral tools']"
IT Consultant,"['training needs analysis', 'instructional design', 'hit', 'cbt', 'user experience', 'health information technology', 'user experience design', 'web-based and computer-based training', 'healthcare/clinical experience', 'human-centered design', 'adult learning principles']"
IT Consultant,"['developing service plans', 'conducting evaluations of exposures', 'analyzing risk experience', 'proficiency with microsoft office', 'conducting onsite calls', 'conducting training presentations']"
IT Consultant,"['test case design', 'project management', 'acceptance testing', 'agile deliveries', 'ms-sql queries', 'fund administration', 'visio', 'excel data analysis', 'business analysis', 'feasibility studies', 'investment operations', 'cost/benefit analysis', 'data analysis', 'functional specifications writing', 'agile delivery process', 'qliksense reporting tools']"
IT Consultant,"['project management', 'marketing strategy', 'communication planning', 'presentation skills', 'financial services marketing', 'content development', 'data analysis']"
IT Consultant,"['technical skills', 'experience:']"
IT Consultant,"['data governance', 'it strategy alignment', 'it governance', 'it organization management', 'it policies', 'change management', 'it infrastructure planning', 'it applications management', 'it investment decisions', 'data quality assurance']"
IT Consultant,"['proposal development', 'project management', 'writing skills', 'resource management', 'microsoft office', 'strategic planning', 'relationship management', 'research skills']"
IT Consultant,"['technical skills:', 'knowledge of wearables', 'knowledge of wireless products', 'sales skills']"
IT Consultant,"['and procedure manuals', 'sabre', 'word', 'arc', 'microsoft office', 'outlook', 'excel', 'operating instructions', 'and trams database software', 'sabre gds system', 'excel spreadsheet software', 'powerpoint', 'knowledge of travel rules']"
IT Consultant,"['patch management', 'software/hardware upgrades', 'lan support', 'project management', 'desktop environment support', 'hardware/software inventory', 'vendor management', 'anti-virus management', 'server management', 'cisco networking', 'vpn management', 'it management', 'cost/benefit analysis', 'image management', 'active directory management', 'network troubleshooting', 'help desk support', 'sharepoint management', 'exchange powershell']"
IT Consultant,"['mathematical principles', 'reading and interpreting documents', 'communication skills', 'customer service skills']"
IT Consultant,"['project planning', 'workflow analysis', 'data conversion', 'sales', 'solution presentation', 'tech savvy', 'crm management', 'accounting industry knowledge']"
IT Consultant,"['project management', 'information systems design', 'quality assurance methodologies', 'issue resolution', 'documentation standards', 'training curriculum design', 'roi calculations', 'system analysis', 'testing scenarios']"
IT Consultant,"['complex compensation packages negotiation', 'offer negotiation', 'interview process management', 'customer relationship management', 'analytics', 'full-cycle recruiting', 'data-driven approach', 'candidate evaluation']"
IT Consultant,"['inspection', 'technical report writing', 'knowledge of insurance appraisals', 'forensic consulting', 'damage assessments', 'building construction knowledge', 'estimation', 'xactimate', 'desk reviews']"
IT Consultant,"['opening new accounts', 'microsoft applications proficiency', 'consumer lending', 'sales and service', 'teller services']"
IT Consultant,"['and maintenance', 'security and infrastructure technologies', 'request for proposal', 'scoping', 'hardware', 'application development', 'networking', 'software development and analysis', 'and software']"
IT Consultant,"['proficiency in crm software', 'time management skills', 'lead qualification', 'objection handling', 'salesforce', 'organization skills', '###']"
IT Consultant,"['gds system knowledge', 'native sabre experience', 'microsoft office proficiency']"
IT Consultant,"['personal influence', 'business acumen', 'customer needs analysis', 'people leadership', 'business requirements gathering', 'review and analyze reports', 'service excellence', 'data analysis', 'innovation']"
IT Consultant,"['vendor management', 'compliance management', 'reporting and analysis', 'account management', 'client relationship management', 'salesforce', 'data management']"
IT Consultant,"['project management', 'file management', 'mdot specifications', 'word processing', 'contractor pay estimates', 'web knowledge', 'basic math proficiency', 'fieldmanager software', 'projectwise software', 'spreadsheet creation & manipulation']"
IT Consultant,"['talent review', 'leadership development', 'training and development', 'succession planning', 'organizational development', 'change management', 'research and data collection', 'human resources', 'performance management']"
IT Consultant,"['business expertise', 'solution selling', 'sales technique']"
IT Consultant,"['training', 'and water analysis interpretation', 'sales', 'fertilizer formulations', 'soil', 'tissue', 'agronomic research', 'reporting', 'customer contract management', 'marketing']"
IT Consultant,['knowledge of customer electronics']
IT Consultant,"['series 65 and/or 66', 'certified financial planner', 'cfp']"
IT Consultant,"['toyota production system implementation', 'statistical analysis', 'data mining', 'process improvement experience', 'operations focus']"
IT Consultant,"['procurement', 'strategy planning', 'excel', 'process management', 'negotiation', 'powerpoint', 'methodologies', 'supply chain management', 'relationship management', 'data analysis', 'innovation']"
IT Consultant,"['photography editing', 'content creation', 'web production', 'proofreading', 'editing', 'writing', 'print design']"
IT Consultant,"['proposal development', 'capacity development', 'health programmes implementation', 'partnership building', 'implementation support', 'knowledge management', 'research skills', 'resource mobilization', 'data analysis']"
IT Consultant,['sales/customer service experience']
IT Consultant,"['product knowledge', 'technology', 'sales', 'directv & directv now', 'commission-based sales', 'entertainment options', 'wireless products', 'connected car technology', 'wearables']"
IT Consultant,"['marketing', 'communication', 'interviewing', 'recruitment']"
IT Consultant,"['bilingual', 'spanish and english']"
IT Consultant,"['email', 'calendar', 'program/event planning', 'sites', 'docs', 'g suite', 'marketing', 'data analysis', 'spreadsheets']"
IT Consultant,"['market analysis', 'navigating ambiguity', 'communication skills', 'consultative selling', 'business development', 'technical skills: online media', 'analytical abilities', 'industry expertise']"
IT Consultant,[]
IT Consultant,"['data migration', 'production accounting', 'project management.', 'test plans', 'financial accounting', 'system configuration', 'data validation', 'customer training']"
IT Consultant,"['auditing', 'cost reduction strategies', 'operational excellence', 'brand consistency', 'sales increase strategies']"
IT Consultant,"['e-commerce concepts', 'troubleshooting', 'word', 'web-based edi services', 'microsoft office', 'e-commerce solutions implementation', 'outlook', 'excel', 'edi requirements', 'data analysis']"
IT Consultant,"['sales experience', 'salesforce', 'customer relationship management', 'crm']"
IT Consultant,"['it application controls', 'documentation', 'reports testing', 'walkthrough meetings', 'it general controls']"
IT Consultant,"['sales', 'marketing', 'modern software applications', 'residential property management']"
IT Consultant,"['sales objectives', 'retail sales', 'customer experience', 'wireless/mobility products and services']"
IT Consultant,"['user administration', 'desktop applications support', 'windows server', 'lan', 'imaging pcs using altiris', 'it help desk support', 'server administration', 'core it applications support', 'anti-virus & backupexec troubleshooting', 'it project environment', 'wan', 'setting up it equipment', 'vpn troubleshooting']"
IT Consultant,['adjudicating disability claims']
IT Consultant,"['customer service', 'retail sales experience', 'problem-solving', 'billing solutions', 'technical issue resolution', 'wireless expertise', 'account setup']"
IT Consultant,"['inventory management', 'order management', 'manhattan and/or sterling commerce', 'business development', 'customer order lifecycle', 'supply chain consulting', 'fulfillment']"
IT Consultant,"['offer negotiation', 'interview process management', 'customer relationship management', 'strong communication skills', 'analytical skills', 'full-cycle recruiting', 'data-driven approach', 'candidate evaluation']"
IT Consultant,"['financial analysis', 'merchandising', 'fresh food concepts', 'data analysis', 'recruitment and staffing', 'ms office suite proficiency', 'operational planning', 'store operations management']"
IT Consultant,"['microsoft office suite', 'software applications']"
IT Consultant,"['customer service', 'computer programs', 'collision damage estimating', 'repair management', 'client management']"
IT Consultant,"['product knowledge', 'knowledge of skincare products', 'beauty trends', 'inventory control', 'client service', 'loss prevention']"
IT Consultant,"['microsoft office suite', 'sharepoint', 'financial management', 'it procurement', 'outlook', 'docusign', 'budgeting', 'it compliance', 'asset management', 'inventory management', 'contract management']"
IT Consultant,"['commercial lending experience', 'requirements elicitation', 'lending industry knowledge', 'software implementation', 'sql and databases', 'programming concepts']"
IT Consultant,"['microsoft office suite', 'social media', 'word', 'twitter', 'outlook', 'excel', 'linkedin', 'powerpoint', 'yardi software', 'facebook']"
IT Consultant,"['client services', 'customer support', 'crisis management', 'escalation handling']"
IT Consultant,['analytical skills']
IT Consultant,"['team selling', 'customer communication', 'retail sales techniques', 'tailoring recommendations']"
IT Consultant,"['monitoring data center operations', 'operating printing machines', 'networking infrastructure monitoring']"
IT Consultant,"['project management', 'quality assurance', 'business process analysis', 'documentation', 'cloud technologies', 'product customizations', 'requirements analysis']"
IT Consultant,"['curriculum development', ""api's"", 'instructional design', 'learning management systems', 'common development frameworks', 'sso', 'authentication and authorization protocols', 'software development', 'articulate 360']"
IT Consultant,"['technical skills', 'gds system', 'sabre', 'worldspan', 'arc', 'microsoft office', 'trams database software', 'excel spreadsheet software']"
IT Consultant,"['machine learning', 'data analysis', 'software development', 'statistical modeling', 'cloud computing']"
IT Consultant,"['project management', 'financial analysis', 'business reporting', 'root cause analysis', 'statistical data analysis', 'stakeholder communication', 'strategic planning', 'it project management', 'monitoring and evaluation', 'risk management', 'process improvement', 'business consulting', 'data analysis', 'performance transformation program management']"
IT Consultant,"['familiarity with wearables', 'knowledge of wireless technologies']"
IT Consultant,"['word', 'outstanding customer service', 'outlook', 'solid computer skills', 'excel', 'telephone skills', 'microsoft suite']"
IT Consultant,"['microsoft excel', 'microsoft word', 'immigration workflow', 'consultative approach', 'customer relationship management', 'case management', 'documentation management', 'technical skills: global immigration', 'data analysis']"
IT Consultant,"['gmail', 'interpretation of municipal regulations', 'legal background', 'problem-solving', 'critical thinking', 'maps', 'google docs', 'zoning administration', 'research skills', 'organization', 'technical writing', 'negotiation skills', 'code compliance', 'shop drawing review', 'computer literacy', 'permit coordination', 'microsoft office', 'deadline management', 'site plan review']"
IT Consultant,"['it fieldwork', 'project management', 'it sox', 'it processes', 'audit methodologies', 'information technology', 'it general controls/it audit', 'interpersonal skills', 'analytical skills', 'coso and cobit', 'verbal and written communication', 'it risk consulting']"
IT Consultant,"['sales/customer service', 'microsoft office suite', 'software applications']"
IT Consultant,"['property management software knowledge', 'customer service', 'sales experience', 'marketing']"
IT Consultant,"['proficiency in microsoft office', 'worldspan', 'word', 'arc', 'outlook', 'gds system knowledge', 'excel', 'trams database software', 'powerpoint', 'native sabre experience', 'proficiency in sabre']"
IT Consultant,"['excel modeling', 'project management', 'financial analysis', 'qualitative and quantitative analysis', 'writing', 'powerpoint', 'presales support']"
IT Consultant,"['flsa classification', 'report writing', 'research', 'survey analysis', 'programming', 'excel', 'proposal writing', 'market pricing', 'analytical skills', 'powerpoint', 'data interpretation', 'data analysis', 'financial modeling']"
IT Consultant,"['customer service', 'selling skills', 'sales', 'merchandising', 'nps', 'performance analysis', 'mystery shops', 'inventory management']"
IT Consultant,"['product knowledge', 'sampling policies and procedures', 'skin consultations', 'beauty trends knowledge', 'skincare expertise', 'inventory control', 'loss prevention', 'retail experience', 'makeovers']"
IT Consultant,"['digital product proficiency', 'troubleshooting', 'learning management systems', 'google applications', 'access code management', 'microsoft office applications']"
IT Consultant,"['report writing', 'presentation skills', 'big data', 'strategic analysis', 'data analytics', 'sql', 'predictive modeling', 'market research']"
IT Consultant,"['postgresql', 'python', 'xml or similar', 'pentaho tool suite', 'scripting', 'relational databases', 'system configuration', 'e.g. oracle', 'sql query language', 'json']"
IT Consultant,"['microsoft office suite', 'audit program development', 'data privacy', 'sarbanes-oxley compliance', 'identity governance', 'analytics', 'internal audit', 'risk assessments', 'it trends', 'sox/csox/jsox compliance', 'access management', 'cyber security', 'it systems processes']"
IT Consultant,"['basic networking concepts', 'epp solutions', 'azure', 'antivirus', 'cloud platforms', 'network administration', 'aws', 'av and endpoint protection', 'troubleshooting performance and connectivity']"
IT Consultant,"['understanding of zoning regulations', 'strong negotiation skills']"
IT Consultant,"['system integration', 'project management', 'process mapping', 'solution design', 'vendor evaluation', 'business case development', 'requirements gathering', 'data analysis', 'business analysis', 'business process improvement']"
IT Consultant,"['problem solving', 'organizational skills', 'coaching and mentoring', 'program management', 'employee relations', 'hr support', 'cross-functional collaboration', 'data analysis', 'performance management']"
IT Consultant,"['systems configuration', 'system integration', 'data encryption technologies', 'unix/linux', 'proxies', 'systems installation', 'vpns', 'active directory', 'vms', 'sso', 'cloud apis', 'dlp solutions', 'systems administration', 'windows-based systems', 'network security technologies', 'firewalls', 'ssl/ipsec']"
IT Consultant,"['cash handling', 'clerical experience']"
IT Consultant,"['writing skills', 'organizational skills', 'time management', 'needs-based selling', 'sales calling']"
IT Consultant,"['project management', 'sharepoint', 'workforce management', 'metrics and measures', 'business analytics', 'minitab', 'lean six sigma', 'data mining', 'theory of constraints', 'high velocity learning', 'it functional requirements', 'decision support analytics', 'business process improvement']"
IT Consultant,"['change control', 'project planning', 'ccl', 'cerner emr', 'programming', 'testing']"
IT Consultant,"['project management', 'business process analysis', 'sql querying', 'data analysis in excel', 'use of analytical tools', 'screen design', 'agile delivery', 'data mapping', 'feasibility studies', 'writing functional specifications', 'cost/benefit analysis', 'data analysis']"
IT Consultant,"['solution design support', 'process improvement', 'application/system/process evolution', 'complex configuration', 'system testing', 'business case development', 'business requirements gathering', 'customization of software utilities', 'software implementation', 'data analysis']"
IT Consultant,"['investigations skills', 'data analysis', 'employment law knowledge', 'proficiency with ms office']"
IT Consultant,"['value communications', 'research methodology', 'project management', 'study design', 'business development', 'thought leadership', 'health ecosystems expertise', 'market research']"
IT Consultant,"['project management', 'vendor management', 'it business relationship management', 'gxp validation', 'networking', 'program management', 'business process knowledge', 'risk management', 'it strategy development', 'project leadership']"
IT Consultant,"['software applications proficiency', 'microsoft office suite proficiency', 'sales/customer service experience']"
IT Consultant,"['relationship building', 'sales', 'fine art', 'photography']"
IT Consultant,"['presentation preparation', 'project management', 'diversity program development', 'compliance monitoring', 'budget planning', 'interpretation of regulatory requirements', 'program evaluation', 'metric development', 'cross-functional collaboration', 'data analysis', 'policy development']"
IT Consultant,"['engineering solutions', 'patch management', 'stakeholder communication', 'microsoft technologies', 'quality management', 'governance', 'sla management', 'project management', 'system center components', 'windows server administration', 'active directory', 'wintel admin', 'compliance', 'vulnerability management', 'vmware esx', 'best practices deployment', 'application software delivery', 'performance optimization', 'systems documentation']"
IT Systems Administrator,"['dns', 'dhcp', 'networking technologies', 'wins', 'cisco telephony/router solutions', 'systems administration', 'active directory', 'windows server 2012', 'vmware']"
IT Systems Administrator,"['powershell', 'windows server system administration', 'lan', 'itil foundations', 'systems administration', 'windows & linux', 'scripting', 'internet', 'wan', 'sql', 'octopus deploy', 'and data networks configuration']"
IT Systems Administrator,"['powershell', 'business continuity', 'ospf', 'osi 7 layer model', 'networking', 'and switches', 'backup and recovery', 'vmware esxi', 'san', 'microsoft azure', 'enterprise antivirus solutions', 'active directory', 'meraki/cisco routers and switches', 'group policy', 'advanced firewall practices', 'network firewall', 'windows scripting', 'bgp', 'tcp/ip protocol & configuration', 'disaster recovery', 'virtual networking', 'static routing', 'routers', 'microsoft sql', 'infrastructure hardware and software', 'lan/wan networking', 'exchange server']"
IT Systems Administrator,"['server hardware', 'ntfs file permissions', 'basic network topology', 'customer service practices', 'server software/operating systems', 'server troubleshooting', 'call tracking applications', 'server operations']"
IT Systems Administrator,"['policies and standards management', 'database management', 'backup/recovery', 'aws operations', 'technical support', 'patch management', 'python', 'operating systems', 'system performance tuning', 'scripting', 'perl', 'system documentation', 'system administration', 'application coding', 'hardware and software management', 'vendor product evaluation']"
IT Systems Administrator,"['process testing', 'user roles management', 'warehouse management system', 'word', 'system issue troubleshooting', 'microsoft office', 'outlook', 'wms rules implementation', 'excel', 'training delivery', 'visio', 'wms setup', 'data analysis']"
IT Systems Administrator,"['powershell', 'problem resolution', 'linux', 'cisco routers', 'configuration', 'design', 'voip', 'cisco uccx', 'netbackup', 'iis', 'network environments', 'hyper-v', 'dynamics ax', 'vb script', 'cloud architecture', 'scripting', 'automation/configuration management tools', 'windows', 'firewalls', '-hour on-call support', 'linux/unix management', 'office 365 configuration', 'iscsi sans', 'cisco switches', 'vmware', 'troubleshooting', 'jboss', 'lan/wan protocols', 'monitoring', 'dynamics crm', 'mpls', 'storage']"
IT Systems Administrator,"['data integrity monitoring', 'operating systems support', 'system backup and recovery', 'system software management', 'ip address management', 'software troubleshooting']"
IT Systems Administrator,"['project management', 'vendor management', 'retail systems management', 'configuration management', 'application support', 'data reconciliation', 'change management', 'process documentation', 'system administration']"
IT Systems Administrator,"['mac hardware', 'software installation', 'patch management', 'google apps', 'a/v solutions', 'network troubleshooting', 'mac software', 'ticket tracking', 'system administration', 'account provisioning', 'software troubleshooting', 'hardware troubleshooting']"
IT Systems Administrator,"['dns', 'microsoft cluster server', 'tcp/ip', 'windows servers', 'sccm', 'system center configuration manager', 'active directory', 'networking protocols', 'exchange 2013']"
IT Systems Administrator,"['powershell', 'installing/supporting/maintaining servers', 'managing vmware virtual machines', 'office 365', 'backup management', 'basic scripting', 'installing system wide software', 'system performance tuning', 'backup/recovery software', 'allocating mass storage space', 'upgrading systems', 'system documentation maintenance', 'familiarity with microsoft dfs', 'managing active directory']"
IT Systems Administrator,"['desktop support', 'network troubleshooting', 'workstation setup and installation', 'software troubleshooting', 'calibration of monitors', 'hardware troubleshooting']"
IT Systems Administrator,"['dns', 'office 365 exchange', 'vpn and network diagnostics', 'troubleshooting', 'dhcp', 'gpo’s', 'system backups and restores']"
IT Systems Administrator,"['industry standard security policies', 'vulnerability scanning', 'powershell scripting', 'active directory maintenance', 'vmware/vsan technologies', 'tcp/ip protocol suite', 'windows server administration', 'sophos hardware and software', 'hardware and software knowledge', 'network administration', 'backup and recovery processes', 'hyper-v management & replication', 'group policy management', 'change configuration management', 'storage technology']"
IT Systems Administrator,"['dns', 'project management', 'hardware and network analysis', 'windows server administration', 'office 365/exchange environment', 'sql platforms', 'active directory', 'san/nas management', 'backup and disaster recovery', 'vmware', 'netapp']"
IT Systems Administrator,"['xml', 'python', 'tcp/ip', 'php', 'nfs', 'nis', 'blast', 'unix system administration', 'html', 'c', 'sql', 'java', 'apache', 'scientific programming', 'c++', 'windows and macintosh systems', 'perl', 'e.g.', 'cif', 'asn.1', 'samba', 'scripting languages']"
IT Systems Administrator,"['powershell', 'infrastructure management', 'systems hardening', 'problem-solving', 'javascript', 'mvc and angularjs', 'windows-based systems', 'microsoft server', 'lan/wan/firewall/vpn network technologies', 'pos systems', 'hyper-v', 'sox compliance', 'pos', 'infrastructure theories and principles', 'server 2012 and 2016', 'remote support', 'active directory', 'pci compliance', 'gpos', 'c', 'virtualization technologies', 'group policy objects', 'retail hardware imaging', 'systems design', 'ms sccm', 'windows 7 and 10', 'point of sale', 'system documentation', 'ad', 'windows client system imaging']"
IT Systems Administrator,"['powershell', 'virtual machines', 'windows sccm', 'software deployment', 'server administration', 'networking', 'scripting', 'linux servers', 'hyper-v servers', 'hardware troubleshooting', 'disaster recovery']"
IT Systems Administrator,[]
IT Systems Administrator,"['powershell', 'linux server', 'windows server', 'visual basic', 'operating systems', 'active directory', 'scripting', 'system administration']"
IT Systems Administrator,"['project management', 'sharepoint', 'microsoft office 365 apps', 'azure', 'training delivery', 'powerpoint', 'visio', 'business analysis', 'office 365 adoption']"
IT Systems Administrator,"['sharepoint', 'microsoft exchange', 'operating system imaging software', 'voip phone support', 'microsoft sccm', 'it ticket system', 'troubleshooting skills', 'windows 7 experience', 'asset and software tracking', 'computer hardware knowledge', 'mac osx support', 'microsoft active directory', 'a+ certification', 'microsoft certification']"
IT Systems Administrator,"['two', 'five', 'experience-related skills:']"
IT Systems Administrator,"['dell', 'a+', 'microsoft windows operating systems', 'troubleshooting', 'remote desktop support', 'ms office suite', 'hewlett packard', 'network configuration', 'system maintenance', 'apple macintosh systems', 'helpdesk support', 'microsoft mcta/mcsa', 'password reset', 'inventory management', 'hardware and software installation', 'it certifications']"
IT Systems Administrator,"['knowledge of computer software', 'network technologies', 'hardware maintenance', 'data backup and restoration', 'cybersecurity best practices', 'knowledge of computer hardware', 'software updates', 'cybersecurity enforcement', 'network services maintenance', 'disaster recovery planning', 'network architecture design', 'software troubleshooting']"
IT Systems Administrator,"['dns record management', 'backup solutions', 'web-servers', 'tcp/ip', 'cisco routers', 'remote tools', 'network drives', 'operating systems', 'cli', 'powershell or cmd', 'computer software', 'vmware esxi', 'email', 'waps', 'ntfs file permissions', 'hardware', 'vnc', 'active directory', 'rdp', 'firewalls', 'lan / wan routing', 'local area networks', 'networks', 'virtualization concepts', 'protocols', 'windows server environment', 'vpn connection types.', 'exchange online', 'high availability replication', 'network segments', 'security tools', 'print servers', 'dhcp servers', 'business applications', 'ftp server', 'wide area networks']"
IT Systems Administrator,"['ci/cd processes', 'agile methods and practices', 'ansible', 'code pipeline', 'code deploy', 'automation tools: chef', 'puppet', 'microsoft office suite proficiency']"
IT Systems Administrator,"['windows system administration', 'vendor management', 'capacity planning', 'web servers', 'it issue management', 'vpn', 'networking', 'monitoring', 'customer support/help desk', 'server/desktop computing', 'firewalls', 'performance tuning']"
IT Systems Administrator,"['windows-based cloud computing solutions', 'and troubleshooting', 'ms azure', 'arp', 'wireless technologies and encryption', 'ssl', 'sd-wan technologies', 'dns', 'maintenance', 'tcp/ip protocols', 'cloud providers', 'aws', 'firewall design', 'active directory environment maintenance', 'tcpdump', 'network level security technologies', 'http', 'packet analysis tools', 'routing protocols', 'wireshark', 'cisco networking equipment', 'tunneling and compression technologies', 'ipsec', 'gvrp/ospf/bgp', 'network monitoring performance']"
IT Systems Administrator,"['financial analysis', 'compliance monitoring', 'legal document preparation', 'contract negotiation', 'contract administration', 'policy development']"
IT Systems Administrator,"['vendor management', 'network performance management', 'software evaluation', 'systems installation', 'policy implementation', 'lan/wan security', 'hardware evaluation', 'server management', 'training coordination', 'server installation', 'server monitoring']"
IT Systems Administrator,"['linux', 'infrastructure management', 'sql server and oracle', 'aix', 'operating systems', 'software migrations and upgrades', 'application deployment', 'unix', 'perl scripting', 'windows', 'software licenses management', 'solarwinds', 'systems administration', 'monitoring software', 'lan administration', 'backup/restore/failover protocols', 'e.g.', 'performance tuning', 'network management', 'database administration', 'installation and configuration', 'system documentation']"
IT Systems Administrator,"['linux setup and configurations', 'linux', 'dhcp', 'problem-solving', 'aix', 'cisco nexus routers', 'firmware', 'net backup', 'dns', 'ldap', 'networking principles', 'and os upgrades', 'unix', 'patching', 'san storage solutions', 'active directory', 'windows', 'netapp cdot storage solutions', 'backup and restore applications']"
IT Systems Administrator,"['postgresql', '3par', 'hadoop', 'configuration', 'zookeeper', 'hardware troubleshooting and repair', 'maintenance', 'virtualization', 'linux installation', 'emc', 'kafka', 'scripting', 'san administration', 'apache', 'host-based security', 'vmware', 'mongodb', 'cluster and high-availability experience', 'troubleshooting']"
IT Systems Administrator,"['mobile device management', 'macos patching', 'windows 7', 'desktop support', 'linux/unix systems', 'software deployment', 'tcp/ip', 'servicenow', 'active directory', 'networking', 'ip telephony systems', 'jamf casper suite']"
IT Systems Administrator,"['project management', 'quality assurance', 'vendor management', 'technology trends', 'technical expertise', 'system validation', 'systems analysis', 'gxp compliance', 'training', 'documentation management']"
IT Systems Administrator,"['server support', 'aws cloud', 'linux', 'python', 'change requests engineering', 'legacy systems analysis', 'patch management', 'performance analysis', 'security guidelines implementation', 'srdf technology', 'aws sysops', 'bash scripting', 'automation scripting', 'capacity planning', 'sox compliance', 'availability configuration', 'ansible', 'systems and application engineering', 'unix', 'devops', 'os upgrades', 'data synchronization', 'server integrations', 'c', 'server maintenance plans', 'db2', 'infrastructure monitoring', 'c++', 'scripting for automation', 'root cause analysis', 'technical documentation', 'application rollout', 'git', 'disaster recovery', 'troubleshooting', 'server and storage migration', 'dockers', 'data center technologies', 'server patching']"
IT Systems Administrator,"['windows server support', 'backup solutions', 'hardware maintenance', 'network configuration', 'patch panel configuration', 'system administration', 'office 365 deployment', 'cisco network products', 'software installation', 'video surveillance', 'voip phone systems', 'documentation', 'software management', 'virtual infrastructure management', 'network wiring', 'troubleshooting', 'active directory management', 'equipment deployment', 'help desk support', 'operating system configuration', 'windows 10 configuration', 'group policy management', 'encryption solutions']"
IT Systems Administrator,"['linux', 'microsoft sql server', 'networking', 'nessus/retina', 'puppet', 'nfs', 'microsoft sharepoint', 'tcp/ip including smb', 'server security and hardening', 'microsoft iis', 'dns', 'windows server', 'security +', 'shell scripting', 'enterprise search technologies', 'microsoft team foundation server', 'http/https', 'apache/tomcat', 'rhcsa or rhce', 'windows powershell', 'solr', 'bash', 'ssh/scp/sftp', 'mysql', 'microsoft active directory', 'federated authentication and security', 'git', 'nagios', 'varnish', 'performance monitoring', 'tfs', 'red hat patch management']"
IT Systems Administrator,"['microsoft iis', 'ms exchange', 'veritas backup exec', 'sql query optimization', 'windows clustering', 'vcenter', 'always-on implementations', 'solarwinds', 'microsoft hyper-v', 'veeam', 'active directory', 'par & nimble', 'group policy', 'vmware esxi']"
IT Systems Administrator,"['cisco ucs', 'esxi', 'ixia', 'lan', 'spirent', 'ios xr', 'subnetting', 'centos', 'nx-os', 'ios', 'rhel', 'cisco switches']"
IT Systems Administrator,"['technical skills:', 'user and device management', 'virtual desktop infrastructure', 'vdi support', 'sccm environment', 'operating system infrastructure', 'desktop h/w support', 'anti-virus infrastructure', 'application support', 'active directory', 'file structures', 'o/s support']"
IT Systems Administrator,"['automation', 'and change management', 'sharepoint', 'virtualization', 'server installation and maintenance', 'microsoft exchange', 'problem', 'system performance optimization', 'documentation', 'storage area networks', 'active directory', 'tcp/ip and dns', 'group policy', 'incident', 'microsoft lync', 'disaster recovery']"
IT Systems Administrator,"['citrix xenapp application compatibility', 'powershell', 'microsoft structured query language', 'scripting: c', 'database management', 'saas environment applications', 'troubleshooting', 'microsoft windows server', 'batchfile', 'process automation', 'html', 'legacy environment software systems', 'application maintenance', 'vbscript', 'software and hardware requirements', 'sql']"
IT Systems Administrator,"['most technical skills', 'related to experience:', 'soft skills']"
IT Systems Administrator,"['microsoft server 2012', 'security updates and patches', 'active directory 2012', 'troubleshooting', 'network maintenance', 'network monitoring', 'software deployment', 'wan support', 'internet systems support', 'intranet systems support', 'security infrastructure maintenance', 'lan support', 'microsoft office 365']"
IT Systems Administrator,"['hvac', 'project management', 'electrical', 'network infrastructure knowledge', 'asset management', 'tier 3 support', 'cloud-based infrastructure experience', 'aws', 'alarm']"
IT Systems Administrator,"['dns', 'bind', 'and cluster', 'configuration management tools', 'cfengine', 'perl and shell scripting', 'chef', 'tcp/ip', 'change control procedures', 'vxvm', 'ssh', 'enterprise cluster applications', 'and nfs', 'veritas vxfs', 'storage array networks', 'puppet', 'nfs and netapp hardware', 'sendmail']"
IT Systems Administrator,"['server hardware management', 'network security', 'lan/wan configuration', 'troubleshooting', 'software infrastructure management', 'documentation', 'systems administration', 'help desk support', 'software development', 'computer repair', 'backup and disaster recovery', 'ip telephony systems']"
IT Systems Administrator,"['technical writing', 'network monitoring tools', 'tcp/ip', 'software installation and maintenance', 'storage management', 'operating systems knowledge']"
IT Systems Administrator,"['business process', 'application architecture', 'converged infrastructure', 'job schedulers', 'replication software', 'hyper converged', 'zerto replication', 'system support', 'vxrail', 'recovery point', 'replication solutions', 'maintenance', 'data models', 'sharepoint', 'windows server', 'enterprise architecture', 'it operations', 'administration', 'security', 'vmware', 'netscaler', 'troubleshooting', 'infrastructure', 'azure/aws', 'monitoring', 'service orientation']"
IT Systems Administrator,"['domain administration', 'collaboration', 'email administration', 'pc/windows administration', 'voice and data', 'it systems infrastructure', 'application systems', 'network management', 'end user computing', 'server management', 'mobile devices and applications', 'security administration']"
IT Systems Administrator,"['windows operating systems', 'rmf', 'virtual computing technologies', 'thin client technologies', 'data backup technologies', 'nispom', 'data storage technologies', 'active directory', 'group policy management', 'domain controller']"
IT Systems Administrator,"['printer', 'troubleshooting system', 'software', 'network hardware', 'and network problems', 'protocols', 'computer security protocols', 'and principles']"
IT Systems Administrator,"['database management', 'firewall and malware protection', 'patch management', 'ivanti heat', 'netsuite', 'vmware environments', 'system monitoring', 'salesforce', 'aws', 'lan/wan networks', 'vmware horizon view', 'crashplan', 'powershell scripting', 'office 365', 'backup and data recovery', 'it procurement and budgeting', 'hardware and software troubleshooting', 'cloud applications administration', 'cisco switching and routing', 'cisco asa firewall technology', 'active directory management', 'sentinel one', 'network infrastructure management']"
IT Systems Administrator,"['servicenow administration', 'servicenow workflows', 'troubleshooting and maintenance', 'data configuration and management']"
IT Systems Administrator,"['platform builder', 'salesforce advanced administrator', 'demandtools', 'soqlxplorer', 'sales cloud consultant', 'dataloader', 'excel', 'salesforce.com', 'cpq']"
IT Systems Administrator,"['apple os', 'san/cloud technologies', 'windows domain controller', 'red hat enterprise/centos', 'data-domain de-duplication', 'perl/shell scripting', 'networker', 'nis environment', 'vmware', 'tcp/ip networking', 'san/nas environments', 'linux administration']"
IT Systems Administrator,"['concur', 'word', 'excel spreadsheets', 'excel', 'microsoft outlook', 'coordination spreadsheets', 'powerpoint', 'data analysis']"
IT Systems Administrator,"['troubleshooting', 'technical support', 'system monitoring', 'networking experience']"
IT Systems Administrator,"['business flow conceptualization', 'project management', 'network configuration', 'technology evaluation', 'waterfall and agile methodologies', 'it management', 'distributed and cloud environments', 'mainframe']"
IT Systems Administrator,"['java upgrades', 'infrastructure management', 'server planning', 'database cleanup', 'cots product analysis', 'server specifications', 'ato process', 'enterprise technical environment management', 'os upgrades', 'database design', 'scripting', 'database upgrades', 'operational procedures', 'database replication', 'data center management', 'certificate tracking', 'environment design', 'authorization to operate', 'communications management', 'configuration management', 'software roadmaps', 'network management', 'firmware upgrades']"
IT Systems Administrator,"['security facilities support', 'operating system tuning/optimization', 'application software support', 'hardware changes and repairs', 'system monitoring', 'maintenance and debugging', 'malware and antivirus support', 'hardware and software management']"
IT Systems Administrator,"['system-processing issue resolution', 'project management', 'jaggaer/sciquest platform administration', 'system upgrades/updates', 'statewide electronic procurement system']"
IT Systems Administrator,"['aternity', 'xml skills', 'steelcentral monitoring tool']"
IT Systems Administrator,"['powershell', 'server virtualization technologies', 'linux', 'vb', 'software', 'operating systems', 'mac os/x', 'email', 'maintenance', 'sharepoint', 'ldap', 'software installation', 'and support', 'application support', 'active directory', 'and network connectivity', 'aws', 'windows', 'sql', 'database applications', 'sql server', 'scripting techniques', 'office 365', 'etc.', 'ios', 'cloud services', 'android', 'or remote access', 'troubleshooting computer hardware', 'azure', 'open directory']"
IT Systems Administrator,"['preferably bash', 'project management', 'linux operating systems', 'enterprise linux management', 'juniper infrastructure administration', 'microsoft server environment administration', 'powershell scripting', 'infrastructure automation', 'sharepoint experience', 'exchange administration', 'it administrative skills', 'microsoft infrastructure management', 'active directory administration', 'helpdesk support', 'scripting', 'server virtualization']"
IT Systems Administrator,"['iis-based web services', 'sql administration', 'networking', 'windows os administration', 'aws and/or azure']"
IT Systems Administrator,"['project management', 'fiber channel switching', 'fcoe', 'tcp/ip', 'i.e. fc', 'vmware vsan', 'software defined', 'flash', 'san troubleshooting', 'san technologies', 'and hybrid storage systems', 'iscsi', 'cloud storage service support']"
IT Systems Administrator,"['project management', 'metrics analysis and reporting', 'powershell scripting', 'third level technical support', 'network performance monitoring', 'root cause analysis', 'active directory management', 'application and network monitoring', 'user account setup', 'system documentation', 'disaster recovery planning', 'policy development']"
IT Systems Administrator,"['deploy/maintain end-point security products', 'deploy/maintain various office products', 'experience with citrix xenapp', 'demonstrated knowledge of routing/switching', 'voip telephony experience', 'deploy/maintain workstation hardware', 'networking concepts and implementation', 'lan/wan', 'deploy/maintain windows 7/8/10', 'deploy/maintain exchange 2013', 'deploy/maintain active directory', 'deploy/maintain vpn clients', 'maintain exchange 2013']"
IT Systems Administrator,"['script automation', 'standard operating procedures', 'vmware credential validation', 'backup procedures', 'system administration', 'bash scripting', 'capacity planning', 'open scap audit tool', 'ccr', 'netbackup administration', 'configuration change requests', 'redhat® enterprise linux', 'network administration', 'user account management', 'redhat® satellite server', 'troubleshooting', 'security updates', 'sop', 'security compliance']"
IT Systems Administrator,"['cloud', 'monitoring and infrastructure management', 'rmf', 'nispom', 'virtual computing technologies', 'documentation development', 'thin client technologies', 'and devops', 'knowledge sharing', 'security+ certification', 'windows and linux environments', 'security and compliance', 'aws', 'system administration', 'red hat enterprise linux']"
IT Systems Administrator,"['network operating systems', 'maintenance', 'end-user support', 'remote network management tools', 'network project implementation', 'network and system monitoring', 'windows desktop operating systems', 'data analysis', 'and upgrades', 'network/server issue troubleshooting', 'system enhancements implementation', 'citrix presentation server/xenapp support', 'hardware and software installation', 'server applications support']"
IT Systems Administrator,"['ghost', 'virtualization', 'logmein', 'basic spyware removal', 'network infrastructure configuration', 'basic network connectivity troubleshooting', 'clonezilla', 'microsoft hyper-v', 'switch', 'vmware esxi', 'wds', 'active directory account management', 'router', 'experience with imaging software', 'gotomypc', 'e.g.', 'firewalls']"
IT Systems Administrator,"['data maintenance', 'data input and output', 'formassembly', 'database management', 'soapbox engage', 'salesforce lightning experience', 'salesforce administration', 'end-user training and support']"
IT Systems Administrator,"['openstack', 'benchmarking', 'distributed file systems', 'automation technologies', 'ceph', 'amazon aws', 'virtualization', 'cloud software stacks', 'linux system administration', 'icinga', 'cleversafe', 'linux scripting and/or programming', 'salt', 'data center operations', 'monitoring and metrics technologies', 'monitoring infrastructure', 'e.g.', 'deploying new systems', 'git', 'automation', 'chef', 'elasticsearch', 'processing rmas', 'troubleshooting issues', 'elk stack']"
IT Systems Administrator,"['cmdb database management', 'solutions testing and implementation', 'system administration', 'technology support', 'virtual servers management', 'systems management processes', 'change management', 'asset management', 'security and configuration audits', 'productivity improvement techniques', 'system enhancements implementation', 'report preparation and analysis', 'windows servers management']"
IT Systems Administrator,"['windows environment', 'vendor management', 'data extraction', 'relational databases', 'google suite for education', 'microsoft office applications', 'sql', 'business process improvement']"
IT Systems Administrator,"['maintenance', 'software configuration', 'windows server', 'network operations', 'systems administration', 'system set-up', 'hardware troubleshooting']"
IT Systems Administrator,"['hp or arista switching', 'network monitoring tools', 'and troubleshooting network systems', 'vlans', 'deploy', 'ids/ips platforms', 'and spanning-tree', 'configuring', 'trunking', 'monitoring', 'remote access vpn solutions', 'design', 'troubleshooting data circuits', 'cisco routing and switching', 'f5 load balancing solutions', 'wireless network technologies', 'managing', 'cisco voice network solutions']"
IT Systems Administrator,"['bash and/or powershell', 'solaris stig controls application', 'hyper-v', 'stig', 'dns configuration and maintenance', 'windows 10', 'windows server/active directory', 'storage technologies', 'security+ certification', 'rmf knowledge', 'cots upgrade and integration', 'nas and san', 'system administration', 'basic scripting', 'solaris', 'virtualization technologies', 'risk management framework', 'vmware']"
IT Systems Administrator,"['setup', 'waps', 'installation', 'switches', 'dhcp', 'subnets', 'ip addressing', 'smtp', 'knowledge of adobe software', 'etc', 'projectors', 'activesync/exchange', 'photoshop', 'indesign', 'scanners', 'printers', 'iphone', 'apple certification']"
IT Systems Administrator,"['microsoft iis', 'sql server 2008/2012/2016', 'powershell', 'virtualization', 'windows server 2008/2012/2016', 'log aggregation tools', 'networking', 'load balancing']"
IT Systems Administrator,"['powershell', 'windows and linux/unix administration', 'network troubleshooting', 'scripting', 'web and sql technologies', 'monitoring tools knowledge', 'e.g.']"
IT Systems Administrator,"['test automation', 'application testing concepts', 'software development life cycle', 'test scripts development', 'selenium', 'automated test tools', 'testing web-based applications', 'sql', 'sdlc']"
IT Systems Administrator,"['dell hardware', 'vmware technologies', 'it security', 'multi-platform interoperability', 'linux/unix systems', 'windows systems', 'network troubleshooting', 'enterprise it solutions design', 'operating system concepts', 'technical troubleshooting', 'emc storage']"
IT Systems Administrator,"['user management', 'support', 'customer service', 'installation', 'system capacity management', 'troubleshooting', 'documentation', 'testing', 'system monitoring', 'system maintenance', 'networking', 'application maintenance', 'performance monitoring', 'system upgrades', 'system administration', 'oem software maintenance']"
IT Systems Administrator,"['scripting technology', 'server and storage hardware', 'windows and linux servers', 'performance monitoring', 'vmware esxi', 'windows server configurations', 'compellent san', 'troubleshooting storage infrastructure', 'virtual server management', 'netapp']"
IT Systems Administrator,"['os patch management', 'sharepoint', 'cyber security threat detection', 'hyper-v', 'office 365', 'windows server', 'system monitoring', 'checkpoint firewalls', 'windows os', 'networking/routing', 'system administration automation', 'microsoft active directory', 'newforma project center', 'data backup and recovery', 'vmware', 'sans']"
IT Systems Administrator,"['cloud computing experience', 'data center management', 'backup system management', 'infrastructure setup and support', 'and recovery', 'windows os support', 'database administration', 'backup', 'ms sql server', 'hardware and software troubleshooting', 'network administration', 'patching and maintenance', 'aws', 'virtualization environment support']"
IT Systems Administrator,"['aternity', 'documentation preparation', 'technical training', 'xml', 'information technology support/operations', 'understanding of network/html/http traffic', 'steelcentral monitoring']"
IT Systems Administrator,"['apache web server configuration', 'python', 'puppet', 'disaster recovery planning', 'tcp/ip networking', 'dns', 'rhel satellite', 'capacity planning', 'windows server', 'active directory', 'shell scripting', 'monitoring tools', 'apache', 'ruby', 'systems administration', 'perl', 'itil practices', 'git', 'automation', 'backup and recovery technologies', 'troubleshooting', 'network and security concepts', 'jboss', 'performance monitoring', 'security compliance', 'linux administration', 'vmware virtualization']"
IT Systems Administrator,"['grant management', 'facilities management', 'information technology', 'project/program management', 'human resources management', 'budgeting', 'compliance', 'research resources management', 'strategic planning', 'financial planning and management', 'risk management', 'academic program operations management']"
IT Systems Administrator,"['system performance monitoring tools', 'windows operating system', 'amazon workspaces', 'agile', 'basic scripting/coding skills', 'linux operating system', 'network', 'microsoft technologies', 'recovery procedures', 'and dns services', 'citrix', 'enterprise backup', 'vmware esxi', 'storage']"
IT Systems Administrator,"['technical skills:', 'incident response', 'back-end infrastructure deployment', 'imaging systems management', 'virtualized environment management', 'technology expertise', 'windows os management', 'data storage management', 'virtualized infrastructure management', 'active directory administration', 'infrastructure security', 'server project management', 'systems administration', 'ms sql database management', 'server maintenance', 'application scripting', 'cloud solutions research', 'disaster recovery planning']"
IT Systems Administrator,"['integration with microsoft products', 'microsoft dynamics crm 365', 'cybersecurity', 'microsoft windows server administration', 'data management', 'disaster recovery']"
IT Systems Administrator,"['linux', 'preventative maintenance procedures', 'hardware support', 'vbs', 'software support', 'systems administration', 'perl', 'scripting', 'windows', 'osx', 'user account administration', 'shell', 'os support', 'application debugging']"
IT Systems Administrator,"['desktop support', 'networking', 'monitor calibration', 'software troubleshooting', 'hardware troubleshooting', 'system setup and installation']"
IT Systems Administrator,"['powershell', 'hyper-v', 'office 365', 'windows server', 'citrix', 'vmware', 'cloud-based experience']"
IT Systems Administrator,"['dns', 'firewall maintenance', 'networking concepts', 'mitel pbx systems', 'centralized mac deployment systems', 'dhcp', 'macos support and troubleshooting', 'vlans', 'file server administration', 'command line usage', 'change management', 'microsoft office suite applications', 'nomad or enterprise connect', 'vmware and/or hyper-v technologies', 'git', 'linux server management', 'munki or jamf']"
IT Systems Administrator,"['elastic search', 'bugzilla', 'monitoring', 'db administration', 'github', 'git', 'trello', 'log processing']"
IT Systems Administrator,"['network security', 'end-user support', 'telecommunications maintenance', 'microsoft operating systems', 'documentation', 'networking devices', 'desktop upgrades', 'troubleshooting techniques', 'software installations', 'analysis of technical problems', 'video conferencing', 'hardware repair', 'tcp/ip networking', 'computer desktop maintenance']"
IT Systems Administrator,"['dns', 'disaster recovery management', 'netbackup', 'windows server 2003', 'exchange', 'microsoft dpm', 'enterprise technology development', 'windows server clusters', 'performance monitoring tools', 'microsoft sql', 'active directory', 'microsoft windows server infrastructure', 'infrastructure provisioning controls', 'and iis', '2008r2', 'and 2012', 'vmware']"
IT Systems Administrator,"['ge centricity business', 'ms office', 'real-time interface builds', 'healthcare it', 'hl7 standards', 'allscripts ehr', 'rhapsody or cloverleaf']"
IT Systems Administrator,"['integrations', 'asset and config management', 'incident management', 'configuration management', 'problem management', 'itsm', 'servicenow platform', 'change management', 'knowledge management', 'asset management', 'service catalog functionality']"
IT Systems Administrator,"['risk management.', 'technology infrastructure', 'budgeting', 'strategic planning', 'cybersecurity', 'change management', 'administrative systems', 'process improvement', 'academic and research computing']"
IT Systems Administrator,"['netscaler', 'citrix xendesktop', 'redhat/centos', 'linux', 'windows server', 'active directory', 'citrix xenserver/xencenter', 'windows']"
IT Systems Administrator,"['dns', 'network security', 'troubleshooting', 'dhcp', 'lan design and installation', 'active directory administration', 'software installation', 'tcp/ip', 'preventative maintenance', 'vpn', 'server applications knowledge', 'server infrastructure monitoring', 'hardware configuration and maintenance', 'network hardware management', 'troubleshooting os and software']"
IT Systems Administrator,"['peripheral it hardware support', 'network and server maintenance', 'software installation and support', 'patches', 'exchange', 'ms office suite', 'and configuration changes', 'wordpress', 'web design', 'active directory', 'help-desk ticket management', 'group policy', 'hardware troubleshooting', 'upgrades']"
IT Systems Administrator,"['data restoration and synchronization', 'user administration', 'incident management', 'platform and application support', 'troubleshooting', 'device configuration', 'network and application monitoring']"
IT Systems Administrator,"['project management', 'digital media outreach', 'data migration testing', 'crm management', 'system documentation', 'reporting', 'training', 'data analysis']"
IT Systems Administrator,"['hfm', 'system troubleshooting', 'data integrity management', 'hyperion financial management', 'financial data loading', 'oracle general ledger', 'system maintenance', 'application governance', 'system enhancement implementation', 'metadata dimension structures', 'rapid prototyping', 'financial statement generation', 'internal controls']"
IT Systems Administrator,"['windows server container services', 'python', 'network configuration', 'microsoft windows os management', 'vbscript', 'firmware/service pack management', 'scom reporting', 'windows server core deployment', 'active directory', 'system architecture evaluation', 'sccm administration', 'group policy', 'vmware vcenter/esxi', 'vendor management', 'powershell scripting', 'clustering services', 'automation', 'performance monitoring', 'servicenow', 'system documentation', 'scom', 'cloud computing']"
IT Systems Administrator,"['lan/wan configuration', 'system monitoring and testing', 'network installation and troubleshooting', 'system control software configuration', 'network configuration maintenance', 'diagnostic tools usage', 'hardware and software troubleshooting', 'data backup procedures', 'tcp/ip support', 'system administration']"
IT Systems Administrator,"['microsoft office suite', 'data integrity reviews', 'project and program management', 'database management', 'msp functionality', 'mortgage servicing package', 'bkfs suite of products', 'black knight financial services', 'system enhancements coordination', 'system administration', 'documentation maintenance', 'msp']"
IT Systems Administrator,"['capacity planning', 'windows operating system', 'softwareag webmethods broker', 'database connectivity', 'softwareag universal messaging', 'system monitoring', 'softwareag webmethods integration server', 'performance optimization', 'load balancing', 'middleware systems administration', 'disaster recovery planning', 'security policy implementation', 'aix operating system', 'clustering']"
IT Systems Administrator,"['vendor relationship management', 'hardware and software concepts', 'systems reliability', 'scripting and task automation', 'systems testing', 'operating systems', 'it infrastructure', 'capacity analysis', 'systems monitoring', 'network support']"
Information Security Analyst,"['identity and access management', 'iam', 'exchange', 'lawson', 'service now ticketing system', 'active directory', 'access management']"
Information Security Analyst,"['endpoint security', 'penetration testing', 'anti-malware software', 'security logs monitoring', 'backup management', 'vulnerability scanning software', 'cisco ise infrastructure', 'active directory', 'desktop firewalls', 'computer security documentation', 'vulnerability management']"
Information Security Analyst,"['system imaging', 'desktops', 'troubleshooting', 'deployment projects', 'laptops', 'hardware and software support', 'printers', 'hardware break-fix support']"
Information Security Analyst,"['it jobs', 'itil', 'nist', 'identity & access management', 'intrusion detection/prevention', 'disaster recovery planning', 'governance', 'information security', 'it frameworks', 'security practices and methodologies', 'risk assessments', 'cobit', 'firewalls', 'penetration testing', 'change/configuration management', 'problem/incident management', 'encryption', 'vulnerability management', 'business continuity planning', 'risk management', 'awareness & training programs']"
Information Security Analyst,"['dns', 'gpoadmin', 'ldap', 'okta idaas', 'server fundamentals', 'active directory administration', 'meta directory services', 'microsoft sql server administration', 'microsoft azure active directory', 'information security', 'forefront identity manager', 'stealthbits suite of tools', 'ms scom/sccm', 'quest ars', 'network fundamentals', 'oauth']"
Information Security Analyst,"['linux knowledge', 'vulnerability validation testing', 'phishing campaigns', 'remediation testing', 'deploying rapid7 technologies', 'python', 'ruby', 'windows knowledge', 'external penetration testing', 'etc.', 'tcp/ip protocols knowledge', 'php', 'interpreted languages']"
Information Security Analyst,"['incident response', 'system certification', 'vulnerability scanning', 'product evaluations', 'security awareness programs', 'trend analysis', 'regulatory compliance', 'network analysis', 'security policy development', 'log analysis', 'data evaluation', 'siem technologies', 'it audit', 'information security']"
Information Security Analyst,"['statistical reporting', 'compliance monitoring', 'customer communication', 'data entry', 'customs regulations knowledge', 'electronic submission of information', 'harmonized tariff number determination']"
Information Security Analyst,"['ato package', 'ssp', 'poam management', 'nist 800-30', 'nist 800-53', 'fisma', 'continuous monitoring', 'rational tools', 'risk management framework', 'a&a;', 'iscp', 'security compliance', 'audit plans', 'cm plans', 'agile development process', 'ir plan', 'fedramp', 'security configuration management tools', 'assessment and authorization', 'security documentation', 'plan-of-action and milestone']"
Information Security Analyst,"['nids', 'security platform upgrades', 'and health monitoring', 'hids', 'agent deployments', 'antivirus', 'siem', 'application whitelisting']"
Information Security Analyst,"['technical skills:', 'systems configuration', 'network security', 'next-generation firewalls', 'project management', 'problem management', 'vpn', 'ids/ips', 'vulnerability management', 'systems design']"
Information Security Analyst,"['technology objectives', 'project management', 'budget management', 'vendor management', 'reporting and analytics', 'risk management', 'business transformation', 'application development', 'strategic planning', 'technology solutions', 'communication skills', 'business processes', 'security essentials', 'network administration', 'application configuration', 'business architecture']"
Information Security Analyst,"['medicare', 'strong organization skills', 'knowledge of hipaa', 'medicaid dmepos', 'attention to detail']"
Information Security Analyst,"['digital forensic investigations', 'tcp/ip environment understanding', 'project management', 'penetration testing', 'network security devices configuration', 'security monitoring standards development', 'risk assessment', 'information security standards knowledge', 'security threat analysis', 'network protocols knowledge', 'vulnerability management', 'incident investigation procedures']"
Information Security Analyst,"['incident response', 'it risk management', 'technical support', 'audit', 'patch management', 'application whitelisting', 'security architecture improvement', 'third-party vendor security reviews', 'multi-factor authentication systems', 'vulnerability scanning', 'firewall reviews', 'ssl certificates management', 'security incidents troubleshooting', 'pci compliance', 'log management/correlation', 'tls certificates', 'risk assessment', 'architectural and network diagrams', 'compliance', 'software patching', 'ids/ips', 'vulnerability management', 'endpoint security', 'security technologies', 'network and system designs/configuration', 'security systems documentation']"
Information Security Analyst,"['cissp', 'compliance and regulatory knowledge', 'cisa', 'powershell and python scripting', 'next gen av', 'intrusion detection and prevention', 'patch management', 'forensic tools', 'ceh', 'security certifications', 'gpyc', 'network security', 'gsec', 'ips', 'gcih', 'it security compliance', 'security auditing', 'risk assessment', 'ffiec cat audit', 'cyber security', 'threat hunt using siem', 'vulnerability scanning and remediation', 'virus prevention and remediation', 'change management', 'security solutions research', 'cis critical security controls']"
Information Security Analyst,"['cissp', 'cisa', 'gcfe', 'cipp', 'gcfa', 'itil', 'nist 800-53', 'cphims', 'ceh', 'tcp/ip networking', 'iso 27k', 'gsec', 'pmp', 'virtualization', 'gcih', 'cipt', 'gpen', 'nist-based methodology', 'windows operating systems', 'hcissp', 'pci-dss', 'pcip', 'unix/linux operating systems', 'hipaa', 'security administration', 'cism', 'hitech', 'cipm', 'gdpr']"
Information Security Analyst,"['security reporting', 'security incident response management', 'information security program development', 'enterprise control structure architecture', 'security incident monitoring', 'security review process management', 'security policy development', 'security control architecture alignment', 'security training development', 'security auditing', 'cissp certification', 'iso assessment drafting', 'security governance program development', 'security operations management']"
Information Security Analyst,"['soa governance', 'load balancers', 'logging tools', 'linux', 'sox', 'aix', 'regulatory compliance', 'siems', 'sdlc', 'dns', 'sdm', 'syslog-ng', 'proxies', 'wireless network', 'devops/devsecops environment', 'rsyslog', 'unix', 'threat modeling', 'pci', 'windows', 'splunk', 'firewalls', 'web technologies', 'loglogic', 'routing protocols', 'network segmentation', 'vulnerability scans', 'hipaa', 'ids/ips', 'e.g.', 'computer forensics', 'balabit', 'security zones', 'networking technologies', 'cloud computing', 'routers']"
Information Security Analyst,['computer proficiency']
Information Security Analyst,"['application security management', 'security awareness training', 'security incident response management', 'identity and access management', 'policy and compliance management', 'risk assessment management', 'network security management']"
Information Security Analyst,"['incident response', 'system and network assessments', 'ids', 'network traffic logs', 'cyber defense tools', 'known vulnerabilities', 'seim', 'defense-in-depth architecture', 'data analysis', 'firewalls']"
Information Security Analyst,"['eclipse', 'topsecret', 'jira', 'commercial business applications', 'iam enterprise role effort', 'agile methodologies', 'sdlc', 'microsoft excel', 'microsoft office suite', 'waterfall', 'racf', 'user entitlement management', 'rtc', 'mainframe', 'provisioning', 'ms project', 'automation', 'information security ciss standards', 'retail banking business knowledge', 'planview', 'project management pmp']"
Information Security Analyst,"['project management', 'ehr/epm templates customization', 'gap analysis', 'developing project plans', 'ssrs', 'hipaa compliance', 'nextgen epm and ehr', 'application configuration', 'training development and delivery', 'data analytics', 'software upgrades', 'reporting from nextgen', 'sql', 'software performance testing', 'workflow analysis and improvement']"
Information Security Analyst,"['legal hold management', 'policy and procedure writing', 'information assurance/compliance', 'information governance', 'data mapping', 'it audit response', 'compliance tools and processes']"
Information Security Analyst,"['word', 'outlook', 'excel', 'analytical and problem-solving skills', 'powerpoint']"
Information Security Analyst,"['poa&m', 'security test and evaluation', 'compliance audits', 'gslc', 'vulnerability assessments', 'special access programs', 'certification and accreditation', 'st&e', 'cap', 'sap/sar', 'networking', 'security plans', 'security certifications', 'security+ ce', 'information security']"
Information Security Analyst,"['application development and support', 'esri arcgis server', 'gis strategy development', 'microsoft windows server 2012', 'arcgis online/portal', 'troubleshooting', 'gis governance model', 'gis data security', 'esri lgim', 'architecture designing', 'fme server/desktop', 'web-based maps']"
Information Security Analyst,"['database management systems', 'data quality and governance', 'project management', 'data services specification', 'cache dba', 'enterprise storage arrays management', 'unix/linux systems administration', 'database administration', 'technical documentation writing', 'data integration', 'test application code', 'database querying and modeling', 'epic certification', 'storage certification', 'disaster recovery functions', 'system management']"
Information Security Analyst,"['microsoft office products', 'castle', 'sharepoint', 'report and presentation development', 'timekeeping', 'e.g.', 'data collection and organization', 'program management', 'visio', 'automated data tools', 'business analysis', 'performance management']"
Information Security Analyst,"['microsoft office suite', 'security audits', 'service level agreement management', 'servicenow', 'user account management', 'email management', 'data management']"
Information Security Analyst,"['mobile ad development', 'image galleries', 'jquery', 'javascript', 'ad development tools', 'animation design', 'web development', 'internet/intranet pages development']"
Information Security Analyst,"['securities trading', 'statistical research', 'capital market operations', 'equity trading', 'financial data systems', 'market analysis', 'word', 'bloomberg', 'aladdin', 'financial databases', 'sql', 'java/c++', 'financial analysis', 'investment strategies', 'excel', 'transaction cost analysis', 'portfolio management', 'management reporting', 'data analysis', 'investment research', 'powerpoint']"
Information Security Analyst,"['financial analysis', 'portfolio transactions analysis', 'bloomberg', 'performance data validation', 'cash flow analysis', 'microsoft office', 'regulatory work', 'investment reporting', 'excel skills', 'financial reconciliation']"
Information Security Analyst,"['incident response', 'technical report writing', 'security awareness programs', 'malware analysis', 'security tools and standards', 'information security certifications', 'tcp/ip networking', 'help desk ticketing system', 'osx system administration', 'information security', 'network security', 'linux system administration', 'scripting', 'windows system administration', 'security policies development', 'penetration testing', 'risk assessment', 'application security testing', 'digital forensics', 'forensic investigations', 'intrusion detection', 'endpoint security', 'security product evaluation', 'protocol analysis', 'vulnerability assessment', 'firewall configuration']"
Information Security Analyst,"['basic programming', 'security training or certificate', 'ceh', 'it risks', 'information security', 'agile applications development', 'sharepoint', 'compliance monitoring', 'cissp or cisa certification', 'active directory', 'it environment', 'firewalls', 'ms office', 'security+', 'owasp zed attack proxy', 'e.g.', 'ms windows', 'network devices', 'wireshark', 'integrated management system', 'burp suite']"
Information Security Analyst,"['powershell', 'incident response', 'os command line operation', 'database querying', 'python', 'tcp/ip', 'idp troubleshooting', 'network traffic analysis', 'network security tools', 'siem', 'customer satisfaction management', 'packet analysis', 'scripting', 'networking fundamentals', 'threat intelligence', 'bash', 'digital forensics', 'perl', 'log analysis', 'security incident handling', 'siem tuning', 'regular expressions', 'cyber case management', 'exploits/vulnerabilities knowledge']"
Information Security Analyst,"['data encryption', 'it infrastructure knowledge', 'tokenization', 'security architecture', 'siem', 'threat indicators', 'devops', 'threat modeling', 'application code review', 'enterprise architecture', 'secure coding practices', 'network segmentation', 'infrastructure review', 'it service management', 'security processes', 'vulnerability management', 'identity and access management', 'security technologies', 'compliance standards', 'risk management']"
Information Security Analyst,"['security software', 'secure file transfer', 'full disk encryption', 'firewall rule assessments', 'secure password storage/retrieval', 'vulnerability management', 'configuration', 'risk analysis', 'compliance', 'monitoring', 'dlp', 'log management/correlation', 'application whitelisting', 'ids/ips', 'security hardware', 'implementation']"
Information Security Analyst,"['mcafee epo administration experience', 'windows dfir experience', 'siem experience', 'patch management experience']"
Information Security Analyst,"['development', 'information systems', 'data & analytics', 'computer science', 'business information systems', 'software engineering', 'mis', 'project coordination', 'business analysis', 'information security']"
Information Security Analyst,"['cissp', 'comptia security+', 'cism', 'information systems', 'information technology', 'continuity of operations', 'coop', 'workflow automation', 'cybersecurity', 'fisma', 'nist', 'database skills', 'excel skills', 'sans security essentials', 'it contingency planning']"
Information Security Analyst,"['intrusion detection/prevention systems', 'project management methods', 'cve databases', 'vulnerability scanners', 'siem systems', 'encryption technologies', 'active directory', 'web filtering', 'device control', 'forensic analysis', 'anti-virus', 'ids/ips', 'common vulnerabilities and exposures']"
Information Security Analyst,"['ms excel', 'electronic data processing', 'computer systems analysis', 'ms access', 'data analysis', 'payroll processing']"
Information Security Analyst,"['access governance', 'remote token provisioning', 'identity and access management', 'network concepts & protocols', 'privileged identity lifecycle management', 'ad group management', 'isms framework', 'active directory', 'remote authentication administration', 'identity & access management', 'information security management system', 'cyber ark administration', 'access certification']"
Information Security Analyst,"['syslog', 'incident handling and response', 'familiarity with windows', 'macos', 'threat and vulnerability research', 'linux', 'log monitoring and analysis', 'nmap', 'splunk']"
Information Security Analyst,"['product embedded software', 'penetration testing', 'vulnerability analysis', 'exploitation', 'ethical hacking', 'network components', 'security assessments', 'embedded systems', 'software testing', 'risk analysis', 'operating systems', 'industry standards', 'security certifications', 'security testing tools', 'programming/scripting languages']"
Information Security Analyst,"['user awareness', 'sox', 'privacy', 'report generation', 'cybersecurity', 'control assurance', 'nist', 'metric analysis', 'gpdr', 'cmmi', 'it governance frameworks', 'security regulations/directives', 'csa', 'risk assessments', 'pci compliance', 'cobit', 'iso 27001 compliance', 'security strategies', 'compliance', 'archer system administration', 'data analysis', 'phishing simulation', 'soc ii', 'vendor risk re-assessment', 'information technology', 'sarbanes-oxley compliance', 'user awareness training', 'iso 2700x', 'sharepoint management', 'risk management', 'security policies and standards']"
Information Security Analyst,"['incident response', 'network security', 'information security services', 'security implementations', 'security controls', 'compliance monitoring', 'process automation', 'secure software development', 'adversarial tactics', 'application security', 'data security risk reviews']"
Information Security Analyst,"['powershell', 'linux', 'python', 'software', 'osi stack', 'lua', 'kali linux', 'aws architectures', 'unix', 'c', 'windows', 'java', 'http', 'bash', 'ruby', 'network', 'vpn', 'nmap', 'nessus', 'data analysis', 'cloud', 'burp suite pro', 'infrastructure', 'snmp', 'red team experience', 'metasploit', 'mobile', 'os systems', 'it network']"
Information Security Analyst,"['information security risk analytics', 'privacy impact analysis', 'risk management principles', 'risk', 'reporting and analysis', 'threat modeling', 'it governance', 'change management process', 'pia', 'information security compliance', 'and compliance control functions']"
Information Security Analyst,"['adobe indesign', 'quality assurance', 'database management', 'database development', 'microsoft powerpoint', 'spreadsheet management']"
Information Security Analyst,"['system security plan implementation', 'media reviews', 'computer security incident investigations', 'system audits', 'information security procedures development', 'knowledge of icd 503', 'system self-inspections and testing', 'risk management framework']"
Information Security Analyst,"['office operations', 'clerical duties', 'program management', 'systems engineering', 'administrative support', 'data analysis', 'interfacing with it personnel']"
Information Security Analyst,"['microsoft excel', 'java', 'networks', 'access', 'and word', 'python', 'and hardware', 'standard computer operating systems', 'pearl', 'php', 'bash scripting']"
Information Security Analyst,"['incident response', 'network security', 'security protocols', 'cybersecurity tools', 'data protection', 'risk management', 'vulnerability assessment', 'information security']"
Information Security Analyst,"['microsoft excel', 'penetration testing', 'enterprise risk methodologies', 'operating systems', 'mac', 'coding and scripting', 'linux/unix', 'endpoint security monitoring', 'mobile', 'network theory/design', 'reverse engineering of malware', 'windows', 'information security resources knowledge', 'mortgage/financial industry knowledge']"
Information Security Analyst,"['development', 'records and database management', 'program design', 'oral presentation preparation', 'administrative and statistical analysis', 'implementation and management', 'spreadsheet and word processing', 'statistical software proficiency', 'report preparation']"
Information Security Analyst,"['incident response', 'anti-virus protection', 'powershell scripting', 'switches', 'network protocols', 'vlans', 'security monitoring and audits', 'microsoft networking components', 'network and internet protocols', 'hyperv servers', 'network documentation', 'disaster recovery plan', 'security compliance assessments', 'network backup methods', 'firewalls', 'routers']"
Information Security Analyst,"['incident response', 'using siem tools', 'incident management', 'network security monitoring', 'malware analysis', 'soc experience', 'endpoint protection', 'security operations center']"
Information Security Analyst,"['java', 'computer science fundamentals', 'data structures', 'information retrieval', 'machine learning', 'algorithms', 'db/data warehouse expertise', 'problem-solving skills', 'application development', 'data mining', 'object-oriented design methodology', 'human judgment/user interface experience']"
Information Security Analyst,"['cybersecurity design integration', 'security assessment and authorization', 'threat modeling', 'security risk communication', 'security architecture review', 'security countermeasures development', 'threat analysis', 'information security documentation', 'cybersecurity risk assessment', 'cyber defense trend analysis', 'security risk analysis']"
Information Security Analyst,"['security policies development', 'it security', 'network infrastructure', 'compliance monitoring', 'security penetration testing', 'security incident management', 'business impact analysis', 'asset management', 'disaster recovery planning', 'security auditing', 'information security']"
Information Security Analyst,"['acas', 'linux', 'rmf', 'stigs', 'av scanning', 'vxworks', 'sep', 'operating systems', 'defense information systems agency', 'etc.', 'standard engineering process', 'anti-virus', 'windows', 'risk management framework', 'assured compliance assessment solution', 'vulnerability analysis tools']"
Information Security Analyst,"['intrusion prevention system', 'malware detection', 'ips', 'log management systems', 'network security monitoring', 'vulnerability management scanners', 'analyzing large data sets', 'microsoft office', 'word', 'nsm', 'excel', 'incident response processes', 'powerpoint', 'siem', 'visio']"
Information Security Analyst,"['information management', 'records retention policies', 'digital imaging', 'computerized records maintenance', 'office procedures implementation', 'statistical reporting', 'records management', 'document management systems', 'compliance monitoring', 'quality control procedures', 'disaster recovery planning', 'electronic record retrieval', 'off-site records storage coordination', 'off-site records management', 'electronic tracking systems', 'data analysis', 'retention schedules development']"
Information Security Analyst,"['quality improvement analytics', 'icd coding', 'ms excel', 'ms word', 'data quality audits', 'ehr', 'data quality assessment', 'database administration', 'ms powerpoint', 'data visualization', 'pivot tables', 'relational databases', 'data mining', 'data analysis', 'electronic health records', 'database applications']"
Information Security Analyst,"['incident response', 'technology control standards', 'technology risk reporting', 'risk assessment', 'security management', 'regulatory compliance', 'control procedures', 'information security compliance']"
Information Security Analyst,"['governance requirements', 'project management strategies', 'security policies and procedures', 'security risk assessment', 'operating systems', 'networking', 'nist', 'threat assessment', 'security products', 'information security strategies', 'risk analysis', 'technical documentation', 'audit findings analysis', 'remediation strategies', 'e.g.', 'security best practice frameworks', 'cis', 'security technologies evaluation', 'security infrastructure']"
Information Security Analyst,"['endpoint security', 'malware detection', 'cisco acs', 'incident management', 'blacklisting/whitelisting', 'authentication technologies', 'network infrastructure', 'documentation', 'problem management', 'tacacs', 'change management', 'data loss prevention', 'communication skills', 'aaa', 'anti-malware', 'cisco ise']"
Information Security Analyst,"['statistical analysis', 'data processing/analysis', 'systems analysis', 'information processing']"
Information Security Analyst,"['security awareness training', 'computer systems', 'it security', 'security controls', 'data access regulation', 'continuous monitoring', 'security incidents response', 'research skills', 'information security', 'threat assessment', 'nist cybersecurity framework', 'system design', 'penetration testing', 'ms office', 'risk assessment', 'patches implementation', 'security planning', 'data loss prevention', 'audit trail analysis', 'security monitoring', 'troubleshooting', 'computer networks', 'security documentation', 'vulnerability assessment', 'federal and state compliance']"
Information Security Analyst,"['and omb standards', 'osint', 'open source intelligence', 'malware research and analysis', 'us cert', 'disassembly/reverse engineering', 'url/domain analysis', 'c/c++ and assembly language', 'reverse engineering', 'nist sp 800-61']"
Information Security Analyst,"['information security awareness', 'policy enforcement', 'policy management', 'information security policy development', 'risk management', 'data analysis']"
Information Security Analyst,"['risk reporting', 'excel', 'powerpoint', 'process improvement', 'data analysis', 'information security']"
Information Security Analyst,"['calendar management', 'logistics coordination', 'microsoft office suite proficiency', 'event planning']"
Information Security Analyst,"['incident reporting software', 'intercom systems', 'milestone', 'wave', 'business continuity processes', 'security procedures', 'stentofon', 'visual command center', 'roip', 'radio over ip', 'video management systems', 'disaster recovery', 'physical access control systems', 'mass communication systems', 'microsoft office', 'lenel', 'easylobby', 'perspective research', 'emergency procedures']"
Information Security Analyst,"['forensic processes', 'incident response', 'network security', 'security metrics', 'sarbanes-oxley 404', 'auditing', 'siem log analysis', 'iso27001', 'risk assessment', 'process standardization', 'incident detection', 'it operations', 'compliance standards', 'information protection', 'security compliance', 'cyber security']"
Information Security Analyst,"['threat and vulnerability management', 'incident response', 'firewall management', 'security awareness training', 'certificate services management', 'security event log analysis', 'policy management system implementation', 'dlp', 'digital forensics', 'active directory services', 'multi-factor authentication implementation', 'endpoint security platform management', 'data loss prevention', 'cryptography and encryption', 'security solutions implementation', 'vulnerability management solutions']"
Information Security Analyst,"['database reporting and maintenance', 'financial analysis', 'database management', 'database systems expertise', 'data-entry skills', 'proficiency in excel', 'program analysis', 'statistical analysis']"
Information Security Analyst,"['computer-based research tools', 'wysiwyg web page editors', 'workflow software', 'analytical skills', 'information resource evaluation']"
Information Security Analyst,"['databases', 'c++', 'process automation', 'ida', 'intelligence analysis', 'tool and utility creation', 'c', 'cheat engine']"
Information Security Analyst,"['incident response', 'data queries', 'data conversion', 'solution testing', 'ad-hoc queries', 'mass data analysis', 'system configuration', 'system documentation', 'application functionality', 'system analysis']"
Information Security Analyst,"['identity access management', 'and other peoplesoft tools', 'understanding sqrs', 'iam strategies development', 'peoplesoft security development', 'testing and documenting projects', 'maintenance of peoplesoft applications', 'application engine', 'demonstrating sdlc experience', 'automation of repeatable tasks']"
Information Security Analyst,"['iso27001', 'security policies and procedures', 'it risk management', 'information security governance', 'it general controls', 'audit frameworks']"
Information Security Analyst,"['vulnerability scanners', 'device control', 'information security certification', 'desktop', 'cve databases', 'sarbanes-oxley', 'siem systems', 'active directory', 'web filtering', 'encryption technologies', 'regulatory security requirements', 'forensic analysis', 'anti-virus', 'hipaa', 'ids/ips', 'common vulnerabilities and exposures', 'intrusion detection/prevention systems', 'hitech', 'and network administration', 'server']"
Information Security Analyst,"['incident response', 'security assessments coordination', 'it risk and compliance', 'security alert monitoring', 'vulnerability scans evaluation', 'security risk assessments']"
Information Security Analyst,"['project management', 'vendor risk management', 'iso 27001', 'due diligence', 'operational risk management', 'financial industry knowledge', 'microsoft office', 'control testing', 'ssae 16/ isae3402']"
Information Security Analyst,"['snort', 'network configuration and troubleshooting', 'python', 'tcp/ip', 'owasp top 10', 'networking', 'javascript', 'php', 'siem', 'anomaly detection', 'bash scripting', 'network security', 'scripting', 'aws', 'sql', 'linux systems administration', 'incident handling phases', 'network monitoring tools', 'http', 'bash', 'perl', 'ssl/tls', 'reverse proxies', 'intrusion detection system', 'google cloud', 'azure', 'ids - e.g.', 'cloud computing platforms', 'windows infrastructure', 'routing', 'soap', 'vulnerability scanning and reconnaissance']"
Information Security Analyst,"['governance', 'risk', 'grc', 'security standards', 'procedures', 'knowledge of infrastructure', 'and technologies', 'and control', 'it compliance monitoring', 'compliance', 'services', 'it policy framework development', 'security solutions deployment', 'and controls', 'security event monitoring', 'issue management', 'information security', 'metrics reporting']"
Information Security Analyst,"['sql server', 'software system implementation', 'end user support', 'report writing', 'software upgrade planning', 'software maintenance', 'ssrs reports', 'sql scripting', 'vendor facilitation', 'sql stored procedure building', 'business analysis', 'configuration setup', 'microsoft environments']"
Information Security Analyst,"['powershell', 'linux', 'information security strategy enhancement', 'python', 'security industry trends awareness', 'attack vectors and countermeasures', 'network analysis', 'scripting', 'operating systems knowledge', 'windows', 'bash', 'ruby', 'perl', 'proactive network security monitoring', 'security event monitoring', 'security controls implementation', 'information security technologies', 'compliance and audit functions', 'r', 'incident response skills', 'mac', 'security investigation documentation', 'information security regulations knowledge']"
Information Security Analyst,"['incident response', 'windows client', 'linux', 'windows server', 'analysis of data', 'information security']"
Information Security Analyst,"['security training and awareness', 'vulnerability scanners', 'programming', 'web filters', 'information security', 'malware tools', 'active directory', 'siem products', 'network technologies and protocols', 'firewalls', 'identity access management', 'vendor risk management', 'security technology implementation', 'forensic guidelines', 'threat intelligence', 'multi-factor authentication', 'vulnerability management', 'incident detection and response', 'automation', 'ids / ips', 'network devices', 'regular expressions', 'computer forensics tools']"
Information Security Analyst,"['data management software', 'economic forecasting', 'financial analysis', 'trading contracts negotiation', 'spreadsheet applications', 'energy procurement', 'auditing principles', 'database applications', 'risk analysis', 'accounting principles', 'analytical skills', 'credit analysis', 'forecasting']"
Information Security Analyst,"['e.g. sap', 'windows ad', 'as400', 'it processes', 'financial and erp applications', 'aix', 'unix', 'oracle database', 'it audit methodologies', 'risk assessments', 'it compliance', 'analytical skills', 'general is controls', 'e.g. linux', 'client/server platforms', 'process improvement', 'internal controls']"
Information Security Analyst,"['project management', 'complex it services', 'itil', 'strategic planning', 'public speaking', 'microsoft certification']"
Information Security Analyst,"['communication', 'project management', 'conflict resolution', 'policy analysis', 'data analysis']"
Information Security Analyst,"['penetration testing', 'hazard assessment', 'python', 'risk and fraud investigation', 'security vulnerabilities', 'sql', 'data analysis']"
Information Security Analyst,"['basic networking concepts', 'network vulnerability assessments', 'vulnerability assessment techniques', 'programming', 'information security', 'penetration testing methods', 'it audits', 'web development', 'database application development', 'penetration testing', 'security tools documentation', 'unix/linux command line', 'security monitoring tools', 'computer forensics', 'windows command line', 'e-discovery', 'cisco ios software', 'social engineering', 'process documentation']"
Information Security Analyst,"['report writing', 'language proficiency', 'data analysis', 'research skills', 'attention to detail']"
Information Security Analyst,"['firewall management', 'network security', 'security incident response', 'security controls', 'information security tools', 'cybersecurity', 'risk assessments', 'data loss prevention', 'intrusion detection', 'vulnerability management', 'information security']"
Information Security Analyst,"['it support', 'troubleshooting', 'software installation', 'support desk ticket system', 'network documentation', 'network administration', 'training and instruction', 'application upgrades']"
Information Security Analyst,"['information security technology knowledge', 'industry trends awareness', 'firewalls', 'risk assessments', 'information security policies development', 'network security architecture', 'seim', 'ids/ips', 'information security regulations familiarity']"
Information Security Analyst,"['and management', 'maintenance', 'networking concepts and troubleshooting', 'itil/itsm concepts', 'provisioning and troubleshooting', 'permissions', 'sla-driven task management', 'file systems structure', 'and access support', 'multi-function printers and plotters']"
Information Security Analyst,"['microsoft office suite', 'technical writing', 'sharepoint site creation', 'policy development', 'information security']"
Information Security Analyst,"['cloud strategy', 'incident response management', 'budget management', 'disaster recovery testing', 'report writing', 'compliance management', 'business impact assessment', 'database administration', 'risk analysis', 'it governance', 'it infrastructure management', 'disaster recovery planning', 'metrics reporting']"
Information Security Analyst,"['test script creation', 'financial systems', 'problem resolution', 'peoplesoft financials', 'knowledgebase management', 'business systems analysis', 'grants management systems', 'training documentation preparation', 'key performance metrics tracking', 'testing execution', 'bi/reporting systems', 'application security audits', 'relational database systems', 'issue triage']"
Information Security Analyst,"['android', 'and network proficiency', 'mobile device', 'lan and wan knowledge', 'laptop', 'help desk experience', 'operating systems: windows os', 'pc', 'network/systems support understanding', 'and ios']"
Information Security Analyst,"['system integration', 'workflow automation design', 'software testing', 'policy compliance auditing', 'cybersecurity', 'software development methodology', 'database skills', 'excel skills', 'test planning and execution', 'enterprise-level solutions design', 'information systems development', 'it contingency planning']"
Information Security Analyst,[]
Information Security Analyst,"['workflow analysis', 'epic system knowledge', 'business operations analysis', 'system optimization', 'software review', 'software testing', 'system maintenance', 'system enhancement', 'database population', 'software implementation', 'development of internal procedures', 'technical troubleshooting', 'data collection', 'data analysis', 'system tailoring']"
Information Security Analyst,"['network intrusion detection', 'security monitoring', 'security incident response', 'incident management', 'siem solutions', 'data loss prevention', 'scripting', 'ticketing systems', 'cyber security', 'host intrusion detection', 'information security']"
Information Security Analyst,"['project management', 'proficiency in ms excel', 'word', 'and powerpoint', 'strong quantitative skills']"
Information Security Analyst,"['it skills', 'networking', 'project management skills', 'analytical skills', 'pc skills']"
Information Security Analyst,"['project management', 'sharepoint', 'troubleshooting', 'technical support documentation', 'software testing', 'technical documentation', 'computer-based training', 'software environments', 'crm', 'sap', 'data analysis', 'business analysis', 'ecm']"
Information Security Analyst,"['scrum', 'process re-engineering', 'data protection', 'sdlc', 'sharepoint', 'records management', 'erp/saas implementation', 'word', 'software development life cycle', 'agile methodology', 'information management', 'root cause analysis', 'excel', 'business process integration configuration', 'testing', 'auditing', 'servicenow', 'system documentation', 'powerpoint', 'o365', 'requirements gathering', 'visio']"
Information Security Analyst,"['security policies implementation', 'iso 27001', 'grc', 'it security practices', 'isms', 'pci', 'threat modelling', 'data protection', 'risk management', 'gdpr', 'information security maturity models']"
Information Security Analyst,"['skills related to experience:', 'complex', 'enterprise security projects', 'managing multiple']"
Information Security Analyst,"['cissp', 'information security control activities', 'it security', 'it risk management', 'information risk assessment', 'nist', 'security certifications', 'grc tools', 'regulatory standards awareness', 'database knowledge', 'compliance strategies', 'risk assessments', 'cobit', 'automated grc tools', 'iso', 'risk evaluation methods', 'systems knowledge', 'network knowledge', 'security reviews', 'information security control frameworks', 'e.g.', 'crisc', 'cism', 'control monitoring', 'technical infrastructure knowledge', 'vulnerability remediation', 'rsa archer']"
Machine Learning,"['reinforcement learning', 'machine learning', 'artificial intelligence', 'probabilistic models', 'deep learning']"
Machine Learning,"['python', 'tensorflow', 'aws', 'sql', 'java', 'shell scripts', 'machine learning', 'algorithms', 'c++', 'systems software', 'perl', 'parallel computing', 'data mining methodologies', 'cloud computing platforms', 'rules-based models', 'regression', 'scripting languages', 'databases', 'google app engine', 'machine learning packages']"
Machine Learning,"['statistical techniques', 'python', 'neural network', 'ews', 'analytical techniques', 'decision trees', 'cardguard', 'fraud prevention strategies', 'determinator', 'falcon', 'analytics', 'data analysis and reporting', 'sql', 'fico', 'visa', 'lynx', 'vrm', 'detica', 'clustering techniques', 'sas', 'logistic regression', 'r', 'model governance', 'linear and logistic regression', 'fis']"
Machine Learning,"['java', 'information retrieval', 'data science', 'machine learning', 'graph analysis', 'c++', 'python', 'social network analysis', 'distributed systems', 'recommendation systems', 'scala']"
Machine Learning,"['microservices', 'public cloud technology stacks', 'jira', 'hadoop', 'javascript', 'consumer facing digital products', 'agile development', 'cloud native architecture', 'continuous integration', 'aws native data services', 'redis', 'data visualizations', 'build/test automation', 'glue', 'devops', 'microsoft azure', 'kafka', 'reactjs', 'aws', 'spring', 'emr', 'java', 'web and mobile applications', 'amazon web services', 'machine learning', 'sonar', 'distributed environment', 'blockchain technologies', 'git', 'jenkins', 'mongodb', 'software engineering best practice', 'athena', 'nosql', 'big data', 'spring boot', 'angularjs']"
Machine Learning,"['spark', 'amazon aws', 'scalability', 'quality assurance', 'machine learning', 'r', 'source control', 'python', 'hadoop', 'agile development', 'scala', 'data processing', 'data analysis', 'hg', 'svn', 'git']"
Machine Learning,"['neural program synthesis', 'deep learning', 'machine learning', 'artificial intelligence', 'natural language processing', 'algorithms', 'research abilities', 'foundations of deep learning', 'neuro-symbolic systems', 'publication record', 'multi-modal intelligence', 'reinforcement learning']"
Machine Learning,"['problem-solving', 'sales', 'customer relationship management', 'communication skills', 'strategic thinking', 'business consulting', 'data analysis']"
Machine Learning,"['written communication skills', 'automotive technology', 'verbal communication skills', 'windows software', 'testing methods', 'hand tools', 'pc hardware', 'basic programming skills', 'problem-solving abilities']"
Machine Learning,"['machine learning techniques', 'experimentation', 'scikit learn', 'machine learning pipelines', 'java or python', 'tensorflow', 'ml libraries', 'data modeling', 'unix server knowledge', 'pandas', 'nltk', 'turi']"
Machine Learning,"['normal curves', 'word', 'microsoft office', 'cognos', 'statistical concepts', 'pricing optimization solutions', 'excel', 'confidence intervals', 'etc.', 'powerpoint', 'saas products', 'business intelligence tools', 'sql', 'retail software packages', 'tableau']"
Machine Learning,"['customer support', 'ml techniques and methods', 'model development', 'advanced optimization techniques', 'api integration']"
Machine Learning,"['resource planning', 'process improvement', 'project management', 'recruiting coordination']"
Machine Learning,"['java', 'machine learning', 'artificial intelligence', 'r', 'python', 'machine learning libraries', 'data extraction', 'model deployment', 'enterprise software development', 'software development', 'software best practices', 'popular machine learning frameworks', 'data science', 'production systems', 'feature engineering', 'prototype development']"
Machine Learning,"['eda', 'opc/ret', 'unix/linux', 'machine learning', 'computational geometry', 'c++', 'python', 'scikit-learn', 'tensorflow', 'perl', 'software engineering', 'scripting languages', 'c', 'tcl/tk']"
Machine Learning,"['quantitative modeling', 'machine learning algorithms', 'optimization algorithms', 'python programming', 'big data analysis', 'c++ programming', 'statistical analysis']"
Machine Learning,"['tensorflow/caffe/theano', 'texture synthesis', 'd ml techniques', 'machine learning', 'style transfer', 'docker', 'anaconda']"
Machine Learning,"['production support', 'java', 'object oriented databases', 'ui programming concepts', 'test-driven development', 'python', 'agile techniques', 'c++', 'multi-threading/multi-processing', 'sdlc experience', 'design standards', 'object oriented programming concepts']"
Machine Learning,"['java', 'machine learning', 'c++', 'python', 'go', 'javascript', 'computer vision', 'digital signal processing']"
Machine Learning,"['audio classification', 'recommendation', 'pytorch', 'rnn/lstm/gru', 'scikit', 'calculus', 'svm', 'anomaly detection', 'knn', 'gan', 'voice user interface', 'mlp', 'tensorflow', 'python scientific tools', 'computer vision', 'pandas', 'deep learning techniques', 'traditional ml techniques', 'basic statistics', 'mathematics fundamentals', 'linear algebra', 'numpy', 'various trees', 'probability', 'caffe2', 'logistic regression', 'natural language processing', 'keras', 'cntk', 'coreml', 'cnn', 'nltk']"
Machine Learning,"['research methodology', 'machine learning', 'computational social science', 'recommender systems', 'experimental design', 'media monitoring', 'large data set handling', 'statistical modeling', 'data analysis']"
Machine Learning,"['caffe', 'linux', 'python', 'dimensionality reduction', 'bash scripting', 'unsupervised learning', 'model deployment', 'tensorflow', 'docker', 'sql', 'deep learning', 'statistical tests', 'torch', 'data pipelines', 'machine learning', 'c++', 'cassandra', 'data analysis', 'neural networks', 'r', 'scala/spark', 'supervised learning', 'data gathering and refining', 'model training']"
Machine Learning,"['crm platforms', 'content creation', 'integrations', 'microsoft', 'salesforce.com', 'crm', 'aws', 'communication/interpersonal skills', 'ibm', 'machine learning', 'search', 'cloud services', 'advanced metadata', 'mam', 'artificial intelligence services', 'artificial intelligence', 'digital media industry', 'streaming video platforms', 'cms', 'application programming interface', 'dam', 'google', 'inside sales', 'cloud platform']"
Machine Learning,"['background checks', 'interviewing', 'applicant tracking system', 'onboarding', 'training']"
Machine Learning,"['information retrieval', 'java', 'data structures', 'linux', 'machine learning', 'natural language processing', 'algorithms', 'c++', 'python', 'distributed systems', 'recommendation systems', 'profiling/optimization', 'scala', 'data science', 'large scale systems']"
Machine Learning,"['multimodal sensor data analysis', 'deep learning techniques', 'torch', 'caffe', 'cntk', 'tensorflow', 'computer vision algorithms', 'python research stack']"
Machine Learning,"['machine learning', 'benchmarking', 'data visualization', 'natural language processing', 'data collection methods', 'research synthesis', 'dashboard design', 'survey design', 'selection tool design', 'training resource development', 'data analysis']"
Machine Learning,"['spark', 'modern mapping technologies', 'machine learning', 'data visualization', 'python', 'ml tools and libraries', 'aws ecosystem', 'pandas', 'data engineering', 'building machine learning models', 'sql']"
Machine Learning,"['research and development', 'metrics development', 'python', 'forecasting', 'machine learning algorithms', 'feature selection', 'odometry', 'algorithm optimization', 'semantic segmentation', 'computer vision', 'data processing', 'object recognition', 'sensor calibration', 'software system design', 'c++', 'software architecture', 'motion analysis', 'tracking', 'data collection']"
Machine Learning,"['understanding of devops principles', 'java', 'experience with ml frameworks', 'or c++', 'caffe', 'mxnet', 'pytorch', 'tensorflow', 'experience with cuda', 'e.g.', 'proficiency in python']"
Machine Learning,"['product ownership', 'and sprinklr', 'operational excellence', 'leadership in technology platforms', 'team management and mentoring', 'custom development experience', 'vanilla', 'program management', 'communication skills', 'technology strategy development', 'development of technology standards', 'technology performance evaluation', 'stakeholder collaboration']"
Machine Learning,"['zen desk', 'microsoft office', 'six sigma', 'communication skills', 'excel proficiency', 'customer service management', 'contact center operations management', 'lean concepts', 'data analysis']"
Machine Learning,"['machine learning algorithms', 'caffe', 'artificial intelligence', 'neural network modeling', 'python', 'code repository management', 'c++', 'programming', 'pytorch', 'tensorflow', 'deep learning training', 'scientific object-oriented programming', 'julia', 'data processing', 'keras']"
Machine Learning,"['java', 'communication', 'problem-solving', 'python', 'react', 'restful api', 'teamwork', 'education-related skills: java', 'experience-related skills: sql', 'adaptability', 'sql', 'soft skills: communication']"
Machine Learning,"['mapreduce', 'debugging', 'big data technologies', 'optimization algorithms', 'hadoop', 'python', 'programming languages', 'spark', 'hive', 'system design', 'data infrastructure systems', 'go', 'web services', 'kafka', 'statistical modeling', 'experimentation platforms', 'a/b testing', 'machine learning platforms', 'java', 'cloud environment', 'data pipelines', 'algorithms', 'c++', 'scala', 'data structures', 'troubleshooting', 'apis', 'data processing pipelines']"
Machine Learning,"['recurrent neural networks', 'rnn', 'convolutional neural networks', 'python', 'matlab', 'programming', 'pytorch', 'machine learning algorithms', 'tensorflow', 'graph-based machine learning', 'deep learning', 'java', 'lstm', 'long short-term memory', 'research experience', 'optimization techniques', 'cnn', 'keras', 'reinforcement learning']"
Machine Learning,"['java/scala', 'python', 'scikit learn', 'apache spark mllib', 'pytorch', 'ml toolkits', 'programming languages', 'search/information retrieval problems', 'theano', 'nlp frameworks', 'nltk', 'gensim', 'modeling', 'tensorflow', 'deep learning', 'spacy', 'data pipelines', 'machine learning', 'algorithms', 'c++', 'linux platform', 'open source software', 'e.g.', 'neural networks', 'information retrieval', 'natural language processing', 'data science', 'keras']"
Machine Learning,"['machine learning', 'natural language processing', 'knowledge representation', 'semantics', 'textual entailment', 'question answering', 'computer vision']"
Machine Learning,"['theano', 'information retrieval', 'c/c++', 'torch', 'supervised learning', 'machine learning', 'natural language understanding', 'caffe', 'python', 'scikit-learn', 'machine learning software packages', 'tensorflow', 'knowledge extraction', 'software engineering', 'online learning', 'computer vision', 'e.g.', 'deep learning']"
Machine Learning,"['applied statistics', 'spark', 'hive', 'math', 'big data platforms', 'continuous integration', 'machine learning', 'sql-like databases', 'python programming', 'continuous delivery', 'computer science', 'impala', 'r programming', 'production services development', 'postgres']"
Machine Learning,"['lqr controller', 'real-time implementation', 'vehicle control algorithms', 'path planning algorithms', 'debugging', 'in-vehicle testing', 'performance assessment', 'data analysis', 'perception algorithms', 'optimization', 'data fitting', 'function demonstration', 'algorithm development', 'sensor fusion']"
Machine Learning,"['coding', 'c/c++', 'large-scale optimization', 'probability/statistics', 'caffe', 'linux', 'jira', 'python', 'bitbucket', 'classification', 'project management', 'confluence', 'tensorflow', 'aws', 'machine learning frameworks', 'deep learning', 'information theory', 'audio/imaging signal processing', 'agile/kanban development', 'scala', 'e.g.', 'git', 'r', 'natural language processing', 'atlassian tool suite', 'microsoft office', 'cuda', 'data science', 'fixed-point coding/hardware implementations', 'version control systems']"
Machine Learning,"['spark', 'theano', 'machine learning algorithms', 'caffe', 'ml packages', 'scikit-learn', 'pig latin', 'pytorch', 'tensorflow', 'scala', 'deep learning frameworks']"
Machine Learning,"['data standards', 'caffe', 'quality', 'python', 'analytics modeling and visualization', 'hadoop', 'matlab', 'data development and management', 'spark', 'market and consumer analytics', 'qlikview', 'word', 'sql', 'and governance', 'pattern recognition', 'apache', 'machine learning', 'tools: microsoft excel', 'sas', 'big data modeling', 'alteryx', 'tableau', 'r', 'data manipulation', 'powerpoint']"
Machine Learning,"['ordinary differential equations', 'pattern recognition', 'learning algorithms', 'hardware and software testing', 'mathematical derivation', 'statistical data analysis', 'environment exploration', 'optimization techniques', 'bayesian changepoint detection', 'neural networks']"
Machine Learning,"['computer modeling', 'data presentation', 'geospatial data organization', 'temporal data organization', 'machine-learning algorithms', 'statistical analyses', 'evolutionary theory', 'molecular techniques', 'data gathering from databases']"
Machine Learning,"['opengl', 'embedded platforms', 'prognostics and health management', 'fpga firmware development', 'artificial intelligence', 'cv/ml/digital signal processing/applied math', 'machine learning/deep learning', 'phm', 'software defined radio', 'data analytics', 'big data techniques', 'cuda', 'computer vision', 'robotics', 'digital signal processing', 'git']"
Machine Learning,"['udp', 'python', 'machine learning algorithm development', 'hla', 'pytorch', 'visual studio', 'subversion', 'modeling and simulation', 'object-oriented design', 'e.g. tensorflow', 'software integrated development environments', 'netbeans', 'e.g. ipv4/ipv6', 'rabbitmq', 'jms', 'e.g. eclipse', 'networked application development', 'activemq', 'tcp', 'internet protocols', 'linux development', 'algorithm development', 'java', 'mercurial', 'e.g. dis', 'http', 'c++', 'software configuration management tools', 'e.g. git', 'devops tool chains', 'message oriented middleware', 'e.g. zeromq']"
Machine Learning,"['postgresql', 'linux', 'python', 'javascript', 'agile methodologies', 'frontend technologies', 'continuous integration/continuous delivery methods', 'technical skills:', 'docker', 'aws', 'bower/npm', 'sql', 'java', 'scikit-learn/keras/tensorflow', 'machine learning', 'restful apis', 'git', 'grunt', 'pug', 'angularjs/angular', 'unit testing']"
Machine Learning,"['automation', 'project management', 'machine learning', 'finance technologies', 'advanced digital finance technologies', 'compliance', 'analytics', 'systems implementation', 'reporting', 'payroll', 'robotic process automation']"
Machine Learning,"['complex query development', 'data science tools', 'data parsing', 'machine learning', 'predictive analysis', 'cyber data analytics', 'elasticsearch', 'regression analysis', 'cybersecurity', 'splunk administration', 'kibana', 'kafka', 'threat analysis', 'data modeling', 'statistical analysis', 'clustering', 'force directed graphs', 'tableau']"
Machine Learning,"['quality assurance', 'operations management', 'audit', 'calibration', 'process improvement', 'training', 'data analysis']"
Machine Learning,"['trusted computing', 'supply chain optimization', 'and device bootstrapping', 'iot security and identity', 'programming and software design', 'psa', 'key exchange', 'iam', 'certificate issuance', 'platform security architectures']"
Machine Learning,"['c/c++', 'stochastic gradient descent', 'python', 'nonlinear optimization', 'classification', 'clustering', 'gan', 'vae', 'convex optimization', 'online learning', 'ml and nlp expertise', 'mcmc sampling', 'probabilistic modeling', 'variational inference', 'deep learning', 'machine learning', 'lstm', 'algorithms', 'statistical machine learning', 'data mining', 'scala', 'linear programming', 'statistics', 'regression', 'probabilistic graphical models', 'attention mechanism', 'gcn', 'data science', 'cnn']"
Machine Learning,"['statistical modeling', 'cloud environment', 'data pipelines', 'data infrastructure systems', 'model selection', 'debugging and troubleshooting skills', 'big data technologies', 'optimization algorithms', 'apis', 'experimentation platforms', 'scalable web services', 'a/b testing', 'machine learning platforms', 'data processing pipelines']"
Machine Learning,"['technical skills:', 'c/c++', 'complex statistical methods', 'software development lifecycle', 'machine learning', 'natural language processing', 'python', 'javascript', 'c/.net', 'programming languages', 'scalable solutions', 'statistical modeling']"
Machine Learning,"['data gathering', 'developer environments', 'machine learning', 'artificial intelligence', 'experimentation', 'algorithms', 'simulation', 'documentation', 'microsoft office', 'programming', 'sensor technologies', 'microcontrollers', 'fpgas']"
Machine Learning,"['project management', 'risk and issue management', 'servicenow', 'project task estimation', 'software development methods', 'resource scheduling', 'agile methodology', 'technology transformation programs management']"
Machine Learning,"['python', 'object-oriented language', 'spark', 'machine learning algorithms', 'redis', 'tensorflow', 'ml libraries', 'distributed computing systems', 'sql', 'quality control practices', 'data pipelines', 'nosql databases', 'e.g.', 'code review', 'automated testing', 'spark mllib', 'machine learning models', 'scikit-learn', 'monitoring']"
Machine Learning,"['machine learning', 'natural language processing', 'python programming', 'speech processing', 'tensorflow', 'model optimization', 'c++ programming', 'video processing', 'data collection', 'pipeline development', 'image processing']"
Machine Learning,"['data science', 'research skills', 'data analytics', 'machine learning']"
Machine Learning,"['tensorflow/keras/pytorch', 'coding', 'machine learning', 'inference', 'optimization', 'probabilistic modeling', 'data processing', 'data analysis', 'research']"
Machine Learning,"['machine learning', 'complex algorithm creation', 'advanced pattern recognition', 'exchange connectivity', 'multi-tiered applications and infrastructure', 'solving technical problems', 'developing scalable']"
Machine Learning,"['technical skills:', 'open-source technologies', 'spark', 'd3', 'linux', 'r', 'data visualization', 'python', 'theoretical machine learning', 'hadoop', 'statistical and ml methodologies', 'javascript', 'tensorflow', 'programming languages', 'statistical knowledge', 'e.g. tableau', 'machine learning expertise', 'data visualization tools']"
Machine Learning,"['ml algorithms', 'machine learning', 'scipy', 'data products', 'python', 'software development', 'pandas']"
Machine Learning,"['information management', 'publication management', 'statistical machine learning', 'knowledge management', 'spatial statistics']"
Machine Learning,"['loinc', 'ndc/rxnorm', 'relational database modeling', 'data science', 'or related fields', 'messy real-world data handling', 'data visualization', 'or python', 'matlab', 'icd9/icd10', 'pl/sql', 'research experience in statistics', 'and oracle tools', 'healthcare data analysis', 't-sql programming']"
Machine Learning,"['machine learning', 'natural language processing', 'saas software', 'compliance regulation', 'software support', 'fraud detection', 'computer vision', 'data analysis']"
Machine Learning,"['airline revenue management', 'sales strategy development', 'go-to-market planning', 'operations research', 'forecasting and optimization methods', 'competitive landscape understanding', 'business case development', 'industry knowledge', 'pricing strategies']"
Machine Learning,"['writing sops and manuals', 'writing manuscripts']"
Machine Learning,"['hive', 'r', 'machine learning', 'python', 'batch processing', 'sas', 'sql']"
Machine Learning,"['budget management', 'manufacturing operations management', 'facility development', 'engineering change process', 'kpi monitoring', 'six sigma', 'lean manufacturing', 'process engineering', 'team coordination', 'process improvement', 'quality control procedures']"
Machine Learning,"['data networking', 'av design and implementation', 'enterprise scale unix/mac/windows']"
Machine Learning,"['digital transformation', 'supply chain technology', 'machine learning', 'artificial intelligence', 'buying & merchandising', 'iot', 'digital experience', 'data science']"
Machine Learning,"['computational linguistics', 'brain imaging', 'machine learning', 'neuroscience', 'neuropsychiatry', 'computational neuroscience']"
Machine Learning,"['autonomous driving', 'linux', 'machine learning', 'python', 'c++', 'ros', 'robotics', 'reinforcement learning']"
Machine Learning,"['java machine learning libraries', 'machine learning', 'predictive analytics', 'cloud application development platforms', 'artificial intelligence', 'continuous integration/continuous deployment', 'servicenow platform', 'architecture & design']"
Machine Learning,"['technical skills:', 'working with large datasets', 'statistical techniques', 'machine learning', 'and lithium-ion batteries', 'matlab', 'solid-state lighting', 'energy technology policy', 'interdisciplinary teamwork', 'sql', 'software: r']"
Machine Learning,"['spark', 'object oriented programming', 'java', 'machine learning', 'python', 'cassandra', 'big data', 'machine learning infrastructure', 'kafka', 'bigquery', 'php', 'software development', 'scala', 'data science', 'object-oriented programming']"
Machine Learning,"['high-performance computing environment management', 'python', 'cyberinfrastructure utilization', 'numerical algorithms', 'computer algorithms development', 'c', 'computational pipelines development', 'java', 'scripting and programming', 'scientific programming', 'high-performance computing', 'c++', 'openmp', 'openacc', 'perl', 'julia', 'fortran', 'parallel computing', 'mpi', 'data analysis', 'scientific workflows development', 'networking services', 'r', 'research computation', 'cuda']"
Machine Learning,"['machine learning', 'artificial intelligence', 'statistics', 'programming', 'data analytics']"
Machine Learning,"['statistical methods', 'machine learning', 'r', 'data visualization', 'python', 'matlab', 'research experience', 'sql']"
Machine Learning,"['data structures', 'c/c++', 'circuit design', 'spice circuit simulator', 'machine learning', 'algorithms', 'eda tools', 'fastspice circuit simulator', 'gpu application']"
Machine Learning,"['detection', 'deep learning models', 'segmentation', 'caffe', 'machine learning', 'automated solutions development.', 'pytorch', 'tensorflow', 'generative adversarial networks', 'research agenda design', 'data mining', 'classification', 'computer vision']"
Machine Learning,"['stack overflow', 'open-source projects', 'programming', 'cloud-based programming', 'training delivery', 'statistics/etl/machine learning', 'python/java', 'data science']"
Machine Learning,"['deep learning', 'machine learning', 'social media', 'algorithms', 'ai frameworks', 'internet of things', 'big data', 'iot', 'web development', 'cloud computing', 'reinforcement learning']"
Machine Learning,"['embedded device interoperability', 'hardware interfacing', 'v2x policies', 'vehicle electronics integration', 'wireless communication technologies', 'cloud-based applications', 'unix', 'linux protocol development', 'mobile applications integration', 'statistical modeling', 'predictive modeling', 'algorithm development', 'cellular technology', 'machine learning', 'embedded software design', 'building wiring harnesses', 'c/c++ programming', 'system architecture', 'can bus architecture', 'autonomous environment', 'connected vehicle technologies', 'dsrc technology', 'python programming', 'ieee wave', 'wireless technologies']"
Machine Learning,"['administrative', 'coordinate work of others', 'gather data', 'google docs/spreadsheets/powerpoint', 'coordinate meetings', 'instant messaging', 'social media', 'problem identification and resolution', 'schedule appointments', 'input data', 'research information', 'verify calculations', 'arrange travel', 'clinical documentation', 'maintain filing systems', 'prioritize different projects', 'establish filing systems', 'cloud drives', 'project management tools', 'coordinate events', 'calendaring functions', 'compose letters', 'compute totals', 'microsoft office', 'use computerized spreadsheets', 'balance figures']"
Machine Learning,"['business architecture', 'solution design', 'ai/machine learning', 'regulatory compliance', 'analytics', 'process design', 'data analytics', 'risk management', 'requirements gathering']"
Machine Learning,"['c/c++', 'caffe', 'java/scala', 'python', 'matlab', 'pytorch', 'theano', 'ensemble methods', 'tensorflow', 'deep learning', 'multimodal learning', 'machine learning', 'algorithms', 'active learning', 'scalable online estimation', 'r', 'natural language processing', 'zero- or few-shot learning', 'probabilistic graphical models', 'keras', 'unsupervised feature learning', 'reinforcement learning']"
Machine Learning,"['java', 'c/c++', 'natural language understanding', 'machine learning', 'data science', 'artificial intelligence', 'python', 'matlab', 'programming languages', 'algorithmic foundations of optimization', 'data mining', 'computer vision', 'machine intelligence', 'neural networks', 'deep learning']"
Machine Learning,"['mainframe systems knowledge', 'java', 'hadoop and its eco-system', 'machine learning', 'robotics process automation', 'sql skills', 'ocr', 'uipath bot development', 'citrix', 'python', 'r programming language', 'cognitive ai', 'remote applications', 'workflow principles', 'optical character recognition', 'dbms skills', 'image vision']"
Machine Learning,"['automation', 'teradata', 'machine learning', 'natural language processing', 'text mining', 'word', 'cognos', 'data retrieval', 'excel', 'visio', 'powerpoint', 'toad', 'sql', 'voice analytics', 'tableau']"
Machine Learning,"['multimodal sensor data analysis', 'deep learning techniques', 'torch', 'algorithms implementation', 'caffe', 'python', 'numpy', 'cntk', 'human-computer interaction', 'tensorflow', 'computer vision', 'opencv', 'matplotlib', 'jupyter']"
Machine Learning,"['nlp toolkits', 'such as open nlp', 'hadoop', 'spark', 'machine learning algorithms', 'map/reduce', 'knowledge graph', 'flask', 'user-centered design methodologies', 'deep learning', 'scipy', 'open source scripting language', 'prototyping', 'statistical concepts', 'data analysis', 'natural language processing', 'python programming', 'scikit-learn', 'stanford', 'distributed data/computing tools', 'nltk']"
Machine Learning,"['java', 'high performance computing', 'functional and/or object-oriented programming', 'algorithms', 'middleware/runtime systems', 'c++', 'machine learning/deep learning', 'hardware technologies', 'software development', 'performance profiling and characterization', 'e.g.', 'computer architecture']"
Machine Learning,"['r', 'report and dashboard development', 'data visualization', 'predictive scoring modeling', 'business impact measurement', 'data extraction', 'web traffic forecasting', 'marketing budget forecasting', 'cross-selling analysis', 'sas', 'data analytics', 'statistical modeling', 'revenue growth identification', 'predictive modeling', 'online/offline data integration', 'customer journey analysis']"
Machine Learning,"['caffe', 'data visualization', 'python', 'matlab', 'hadoop', 'programming', 'tools', 'business analysis', 'forecasting', 'spark', 'qlikview', 'data acquisition and management', 'analytics models', 'data visualization techniques', 'sql', 'apache', 'machine learning', 'marketing analytics', 'mining/pattern recognition', 'sas', 'time series forecasting', 'optimization techniques', 'alteryx', 'tableau', 'risk modeling', 'r', 'big data', 'data manipulation', 'data blending']"
Machine Learning,"['microsoft suite', 'customer service', 'six sigma lean/greenbelt certification']"
Machine Learning,"['computer graphics', 'image analysis', 'machine learning', 'image synthesis', 'network architectures', 'training techniques', 'gpu programming', 'image processing']"
Machine Learning,"['advanced analytics', 'machine learning', 'algorithm optimization', 'ims technology', 'healthcare data', 'apache spark', 'big data', 'data mining', 'statistical modeling', 'distributed computing']"
Machine Learning,"['computer graphics', 'adversarial training', 'image analysis', 'machine learning', 'image synthesis', 'mathematical skills', 'network architectures', 'mathematics', 'style transfer', 'image and video super-resolution', 'image denoising', 'seq2seq', 'training techniques', 'gpu programming', 'attention models']"
Machine Learning,"['recurrent neural networks', 'convolutional neural networks', 'long short-term memory networks', 'ci', 'pytorch', 'ml models', 'source control', 'research skills', 'e.g. tensorflow', 'tdd', 'continuous integration', 'engineering skills', 'model optimization', 'online learning', 'parameter selection', 'agile methodology', 'deep learning', 'machine learning', 'lstms', 'software development', 'rnns', 'dl software frameworks', 'large-scale systems', 'data analysis', 'cnns', 'dl models', 'test-driven development', 'recommender systems', 'distributed systems', 'reinforcement learning']"
Machine Learning,"['java', 'c/c++', 'natural language understanding', 'machine learning', 'data science', 'artificial intelligence', 'python', 'matlab', 'programming', 'algorithmic foundations of optimization', 'data mining', 'computer vision', 'machine intelligence', 'neural networks', 'deep learning']"
Machine Learning,"['proficiency in microsoft office', 'forecast accuracy', 'experience with sql', 'understanding of statistical concepts', 'word', 'normal curves', 'experience with pricing', 'excel', 'tableau or cognos', 'and powerpoint', 'confidence intervals', 'and pricing optimization solutions', 'optimization', 'experience supporting saas products', 'e.g.']"
Machine Learning,"['monte carlo simulation', 'advanced econometrics', 'forecasting', 'quantitative finance', 'network analysis', 'research mindset', 'deep learning', 'pattern recognition', 'machine learning', 'game theory', 'portfolio optimization', 'time series analysis', 'economic scenario generation', 'data mining', 'optimization techniques', 'recommender systems', 'natural language processing', 'risk quantification', 'statistics', 'mechanism design']"
Machine Learning,"['supervised learning', 'video analytics', 'machine learning', 'python', 'c++', 'unsupervised learning', 'tensorflow', 'deep neural networks', 'temporal data processing', 'computer vision', 'keras', 'anomaly detection', 'multimodal data processing']"
Machine Learning,"['simulink modeling', 'control algorithms', 'embedded systems', 'engine control module', 'hil plant modeling', 'matlab scripting', 'ecm', 'powertrain controller']"
Machine Learning,"['spark', 'big data platforms', 'software engineering best practices', 'natural language processing', 'hadoop', 'deep learning']"
Machine Learning,"['hand tools usage', 'vehicle emissions testing', 'testing methods', 'basic programming skills', 'problem-solving abilities', 'strong computer skills']"
Machine Learning,"['c/c++', 'python', 'networking', 'recommendation systems', 'classification', 'targeting systems', 'ranking systems', 'java', 'pattern recognition', 'machine learning', 'data storage', 'text understanding', 'security', 'ui design', 'information retrieval', 'mobile development', 'artificial intelligence', 'natural language processing', 'large-scale system design', 'distributed computing']"
Machine Learning,"['machine learning', 'predictive analytics', 'r', 'data visualization', 'real-world data analysis', 'sample weighting', 'programming', 'study design', 'sas', 'multiple imputation', 'statistical modeling', 'statistical analysis', 'data cleaning', 'data management']"
Machine Learning,"['technical skills:', 'programming in c++', 'genomics', 'programming in python', 'bioinformatics', 'pytorch', 'tensorflow', 'version control with git', 'machine learning concepts', 'keras']"
Machine Learning,"['computational biology', 'r', 'machine learning', 'statistical software', 'data visualization', 'sas', 'statistical analysis', 'data analysis']"
Machine Learning,"['user access roles', 'microsoft office suite', 'product usage assessment', 'data-driven organization', 'analytics', 'data science', 'user list management', 'computer literate', 'training sessions', 'research']"
Machine Learning,"['search skills', 'software recruiting', 'direct sourcing expertise', 'data science recruiting', 'communication skills', 'technical recruiting', 'relationship management']"
Machine Learning,"['amazon web services', 'machine learning', 'web services', 'software development', 'large-scale machine learning services']"
Machine Learning,"['cloud', 'android', 'java', 'machine learning', 'continuous integration/continuous deployment', 'd/3d visualization', 'devops', 'test automation software', 'web services', 'data analytics', 'mobile apps', 'embedded software', 'test automation frameworks', 'ci/cd']"
Machine Learning,"['spark', 'machine learning', 'natural language processing', 'text mining', 'nosql', 'hadoop', 'r/python/scala/tensorflow', 'pig', 'optimization', 'sql']"
Machine Learning,"['research and development', 'python', 'big data technologies', 'matlab', 'intrusion detection and prevention', 'graphical user interfaces', 'systems engineering skills', 'cost estimation', 'high level programming skills', 'simulation', 'web development', 'systems/component modeling', 'and analysis', 'penetration testing', 'embedded programming', 'prototyping', 'customer interaction', 'cyber security technologies', 'r', 'c++ or java', 'diagnostics/prognostic algorithm development', 'innovation']"
Network Architect,"['customer journey mapping', 'product development', 'product alignment', 'network automation', 'software product management', 'analytics', 'product strategy', 'roadmapping', 'cloud-based products']"
Network Architect,"['acceleration libraries', 'architecture analysis', 'python', 'parallel programming models', 'profiling', 'micro-benchmarks', 'databases', 'deep learning frameworks', 'gpu computing', 'neural networks', 'data visualization tools', 'caffe/tensorflow']"
Network Architect,"['proficiency in microsoft office', 'intermediate computer skills']"
Network Architect,"['shipping and receiving procedures', 'forklift operation', 'basic computer skills', 'inventory control']"
Network Architect,"['network security', 'privileged user access management', 'sharepoint', 'designing secure systems', 'access control', 'ecommerce/customer facing experience', 'cloud-based architecture', 'service-oriented architecture', 'threat modeling', 'confluence', 'advanced web architecture', 'security operations', 'data protection', 'agile development', 'archer technology', 'secure development']"
Network Architect,"['technical skills:', 'resource monitor', 'powershell scripting', 'project planning', 'troubleshooting skills', 'event viewer', 'risk analysis', 'remote windows os administration', 'services', 'application packaging', 'system tools', 'batch scripting', 'scripting knowledge', 'remote desktop administration', 'symantec end-point protection', 'windows imaging']"
Network Architect,"['lan', 'itilv3 foundations', 'network analysis tools', 'wlan', 'network design', 'network administration', 'wan', 'wwan design and implementation']"
Network Architect,"['skills assessments', 'instructional design', 'learning program development', 'learning strategies', 'business consulting', 'industry expertise']"
Network Architect,"['cisco', 'juniper', 'tcp protocol', 'lan', 'f5', 'ip-vpns', 'ospf', 'sep', 'cwp', 'wan', 'symantec products', 'monitoring vendors', 'proxysg', 'dell', 'switching', 'linux/unix operating systems', 'aws', 'virtualization technologies', 'radware', 'infoblox', 'sciencelogic', 'network/security standards and technologies', 'bgp', 'solarwinds', 'etc.', 'wss', 'networking vendors', 'hp', 'azure', 'automation and orchestration tools', 'routing', 'public cloud environments', 'dcs', 'carrier-grade router architectures', 'vlan', '###', 'sevone']"
Network Architect,"['competitive landscape knowledge', 'consultative approach', 'technical qualification', 'sfdc navigation', 'cisco validated designs', 'technology solutions development', 'network design expertise', 'architectural impact understanding', 'post-sales engineer synchronization', 'business case development', 'fundamental network principles understanding', 'cisco product integration expertise', 'post-sales support coordination', 'solution design and presentation', 'proof of concept documentation']"
Network Architect,"['it services infrastructure', 'applications management processes', 'technology refresh cycles', 'itil foundations', 'advanced technology solutions', 'project management', 'network security', 'system design', 'wan optimization', 'reference architectures', 'intellectual property development', 'cisco networking', 'vendor relationship management', 'troubleshooting', 'test plans', 'technology lifecycle management', 'architecture design', 'wireless technologies', 'load balancing technologies', 'risk management', 'cdw operations framework', 'technology readiness assessment']"
Network Architect,"['network products', 'project management', 'cisco and juniper', 'ccna', 'switching', 'routing', 'technical documents', 'visio diagrams', 'cisco hardware', 'network architecture', 'network design', 'documentation skills', 'network implementation', 'firewalls']"
Network Architect,"['microservices', 'gradle', 'puppet it automation', 'cloud infrastructure', 'spring framework', 'junit', 'maven', 'docker container', 'cassandra', 'react', 'couchbase', 'cloud computing', 'h2', 'spring boot', 'vagrant']"
Network Architect,"['production support', 'cybersecurity policies', 'network simulation', 'network security engineering', 'network security', 'industrial computer operating systems', 'software security engineering', 'infrastructure support', 'control systems engineering', 'network analysis', 'intrusion event analysis', 'hardware and software integration', 'procedures development', 'system security designs', 'penetration testing', 'installation and commissioning', 'systems security', 'intrusion detection', 'critical infrastructure protection', 'industrial standards', 'systems design', 'firewall management', 'cybersecurity standards', 'systems engineering processes', 'field integration', 'troubleshooting', 'conflict resolution', 'systems integration', 'router configuration', 'network security architecture', 'vulnerability assessment', 'firewall configuration']"
Network Architect,"['firewall', 'and switching technologies', 'cold fusion', 'vpn with rsa', 'routing', 'vnc', 'ms iis', 'windows active directory', 'sql', 'rdp', 'remote access design']"
Network Architect,"['network security', 'cloud platforms and infrastructure', 'troubleshooting', 'python', 'tcp/ip', 'bgp', 'ospf', 'routing protocols', 'microsoft environments', 'network architecture', 'perl', 'network diagnostic tools', 'network administration', 'communication protocols', 'scripting languages', 'e.g.', 'disaster recovery']"
Network Architect,"['administering lei servers', 'administering sharepoint farm', 'documenting application design', 'communicating with ba staff', 'administering lotus domino servers', 'troubleshooting and remediating issues', 'managing lotus notes applications', 'managing domino servers']"
Network Architect,"['revit experience', 'construction documents production', 'design and documentation', 'project delivery process management', 'autocad proficiency']"
Network Architect,"['network infrastructure', 'operating systems', 'network resources', 'voip', 'servers', 'voice and video technologies', 'network systems/platforms', 'dns', 'virtualization', 'voice over internet protocol', 'network engineering', 'integration architectures', 'sdn', 'aws', 'domain name system', 'it technologies', 'amazon web services', 'identity management', 'software development', 'cyber security', 'solution architecture', 'automation', 'software-defined networking', 'software defined networking', 'lan/wan technologies', 'cloud computing', 'storage']"
Network Architect,"['net', 'application architecture', 'database management', 'micro services', 'api development', 'service orientated architecture', 'public cloud migration', 'workflow', 'servers and storage', 'policy administration systems', 'web services', 'application development', 'c', 'enterprise architecture', 'product development', 'api management', 'network design', 'commissions', 'software delivery models', 'mobile apps', 'portals']"
Network Architect,"['microsoft skype for business', 'powershell scripting', 'office 365', 'active directory', 'video bridging solutions', 'log analysis', 'lync troubleshooting', 'unified communications']"
Network Architect,"['distributed operating systems', 'systems programming', 'hardware architecture', 'network engineering', 'network programming', 'cloud and virtualization technologies', 'monitoring solutions', 'tivoli', 'systems engineering', 'hybrid cloud reference architecture', 'dynatrace', 'software development', 'system and software security', 'wily', 'splunk', 'large-scale software development']"
Network Architect,"['jd edwards experience', 'basic math skills', 'sales experience', 'strong communication skills', 'inventory management', 'preferred']"
Network Architect,"['tcp/ip', 'ospf', 'network management solutions', 'isoc engineering standards', 'wan technologies', 'lan technologies', 'security solutions', 'cvs', 'open source tools', 'eigrp', 'cacti', 'mrtg', 'vpns', 'bgp', 'routing protocols', 'tier iii support', 'ieee', 'rfc 1918', 'switches', 'lan/wan', 'rancid', 'l4-7 load balancers', 'routers']"
Network Architect,"['cisco asa', 'f5', 'junos', 'python', 'ospf', 'networking', 'emc watch4net', 'network monitoring applications', 'tcp/ip protocols', 'ansible', 'switching', 'load balancing', 'scripting', 'hsrp/vrrp', 'splunk', 'linux/unix networking', 'cacti', 'shell scripts', 'cisco ios', 'bgp', 'security', 'perl', 'wireshark', 'snmp', 'routing', 'is-is', 'ipsec']"
Network Architect,"['healthcare it infrastructure', 'project management', 'workflow analysis', 'enterprise infrastructure architecture', 'enterprise information system architectures', 'network', 'change management', 'integration and implementation', 'databases', 'process redesign', 'servers design', 'storage']"
Network Architect,"['cisco ucs', 'citrix xendesktop', 'powercli', 'netscaler', 'hyper-v', 'vmware vrealize orchestrator', 'vmware vsphere', 'microsoft azure', 'microsoft powershell', 'it automation and orchestration', 'san/nas technologies', 'cisco networking technologies']"
Network Architect,"['soap ui', 'agile', 'oracle 10g', 'pega bpm process modeling', 'prpc', 'ms visio', 'pega ui development', 'tomcat', 'pl/sql']"
Network Architect,"['network hardware installation', 'network management server configuration', 'load balancing configuration', 'intranet network infrastructure implementation', 'switch configuration', 'technical design analysis', 'network equipment maintenance', 'ip subnetting', 'ospf', 'business requirement mapping', 'internet network infrastructure implementation', 'wan design', 'vendor coordination', 'vpn implementation', 'software installation', 'eigrp', 'network electronics installation', 'bgp', 'routing protocols', 'lan design', 'solution requirement analysis', 'troubleshooting network/system problems', 'network solution maintenance', 'lan/wlan/man/wan infrastructure management', 'unified communications hardware configuration', 'network infrastructure testing', 'router configuration', 'wireless network configuration', 'osi model understanding', 'firewall configuration']"
Network Architect,"['automotive spice', 'embedded software engineering', 'iso26262', 'flexray', 'vision systems', 'software architecture design', 'uml modelling', 'c/c++ development', 'requirements management', 'mathworks toolset', 'microcontrollers', 'can', 'model-based design', 'lin networks', 'autosar architecture', 'asil', 'automotive safety standards', 'real-time operating systems']"
Network Architect,"['ccnp', 'dhcp', 'fiber zoning', 'ip communications', 'wan technologies', 'dns', 'virtualization', 'spanning tree', 'netscaler load-balancing', 'cisco voip', 'switching & routing', 'cisco prime', 'hsrp', 'ccie written', '3-tier systems', 'routing protocols', 'client/server architectures', 'high availability', 'network design', 'ccdp', 'aaa', 'cisco video technologies', 'data center industry solutions', 'network virtualization technologies', 'cisco wlcs', 'qos', 'security appliances', 'tacacs+']"
Network Architect,"['wireless infrastructure', 'cisco routers', 'firewalls', 'cisco switches', 'cisco prime infrastructure', 'cisco identity services engine']"
Network Architect,"['cisco asa', 'f5', 'junos', 'python', 'ospf', 'networking', 'emc watch4net', 'network monitoring applications', 'tcp/ip protocols', 'ansible', 'switching', 'load balancing', 'scripting', 'hsrp/vrrp', 'splunk', 'linux/unix networking', 'cacti', 'shell scripts', 'cisco ios', 'bgp', 'security', 'perl', 'snmp', 'routing', 'is-is', 'ipsec']"
Network Architect,"['project management', 'vendor relationship management', 'sales and proposal development', 'resource management', 'recruitment', 'risk management', 'software development life cycle', 'development of strategies', 'networking skills', 'software implementation and integration', 'solution-based sales cycle management', 'project planning and execution', 'business acumen']"
Network Architect,"['customer service', 'technical writing', 'product development', 'software proficiency', 'troubleshooting', 'software testing', 'knowledge management']"
Network Architect,"['java', 'intermediate web programming skills', 'and administration', 'css', 'system security policies enforcement', 'data storage systems maintenance', 'html', 'configuration', 'javascript', 'web technology system administration', 'php', 'office 365 programming', 'operating systems support', 'network authentication systems administration', 'application environments management', 'network hardware management']"
Network Architect,"['ips', 'enterprise environment design', 'network security best practices', 'bgp', 'design of security solutions', 'ngfw', 'global team collaboration', 'network security architecture', 'mpls']"
Network Architect,"['batch testing', 'claims and eligibility analysis', 'quality assurance', 'work flow management tools', 'ms office suite', 'software testing', 'excel skills', 'user education', 'process improvement', 'pharmaceutical claims adjudication systems']"
Network Architect,"['rd party connectivity', 'cisco nexus', 'network standards', 'cloud interconnection', 'troubleshooting', 'f5', 'ospf and bgp', 'datacenter equipment', 'datacenter fabric', 'asr routers', 'sdn networks', 'ip networks', 'vmware nsx', 'hld documentation', 'nokia nuage', 'high-level design', 'cisco aci', 'sdwan']"
Network Architect,"['ui architecture', 'development best practices', 'html5', 'css3', 'javascript', 'ui development', 'project leadership']"
Network Architect,"['software upgrading', 'client support', 'technical training', 'troubleshooting', 'software installation', 'configuration', 'issue resolution', 'systems analysis', 'data analysis', 'business analysis', 'product technical expertise']"
Network Architect,"['iis', 'vmware / vsphere', 'virtualization', 'vdi', 'troubleshooting', 'system enhancement', 'it infrastructure design', 'lan/wan', 'system backup and restore', 'technology evaluation', 'network design', 'staff supervision', 'dr plans']"
Network Architect,"['data governance', 'data standards development', 'business requirements analysis', 'systems analysis', 'data modeling', 'policy development', 'data migration strategies', 'togaf implementation', 'architecture development', 'sql query techniques', 'security analysis', 'architecture governance', 'information/data analysis', 'systems design', 'strategic consultation', 'enterprise information management', 'it project management', 'it strategies analysis', 'it architecture process promotion', 'metadata management']"
Network Architect,"['microsoft excel', 'project management', 'architecture', 'microsoft word', 'interior design', 'furniture design', 'specialty finishes', 'design development', 'adobe creative suite', 'art and art history', 'microsoft powerpoint']"
Network Architect,"['snort', 'application control', 'mcafee products: virusscan enterprise', 'directory management', 'netstat', 'netcat', 'siteadvisor', 'or security', 'host intrusion prevention', 'windows', 'vse for storage', 'tie', 'tcpdump', 'networks', 'atd', 'active response', 'epolicy orchestrator', 'nmap', 'nessus', 'move-av', 'nbtstat', 'siem or similar products', 'network communication protocols', 'osi/tcp-ip models', 'nslookup / dig', 'hping', 'certifications in operating systems', 'unix/linux', 'traceroute', 'wireshark', 'netscout']"
Network Architect,"['cellular network technologies', 'routing and switching', 'network hardware troubleshooting', 'acceptance testing procedures', 'f5 security products', 'network management', 'network analysis', 'project design and implementation', 'network design best practices', 'data network security', 'load balancing technologies', 'load balancing assessment', 'disaster recovery planning', 'data center design', 'test configuration scripting']"
Network Architect,"['revit', 'project management', 'budget management', 'microsoft word', 'design/architecture', 'excel', 'autocad', 'business development', 'powerpoint', 'feasibility studies', 'construction management', 'and/or bim']"
Network Architect,"['project management', 'building systems evaluation', 'engineering due diligence', 'document retention', 'contract negotiation', 'asset management', 'construction methodologies evaluation', 'environmental due diligence']"
Network Architect,"['wireless network operations', 'network security', 'cisco systems', 'switches', 'eap', 'cisco ios', 'tcp/ip', 'wireless controllers', 'access points', 'routing protocols', 'wpa/wpa2', 'routing/switching concepts', 'ieee 802.11', 'network architecture design', 'routers']"
Network Architect,"['crm software', 'educational programs development', 'customer relationship management', 'specification writing', 'assa abloy openings studio', 'd modeling software']"
Network Architect,"['iis', 'vmware / vsphere', 'virtualization', 'troubleshooting', 'security policies', 'system architecture', 'technology evaluation', 'network design', 'disaster recovery planning', 'vcp certification']"
Network Architect,"['postgresql', 'css', 'redis', 'elm', 'html', 'python/flask', 'elixir', 'circle', 'javascript', 'angular or react', 'haskell', 'docker', 'web development', 'functional programming', 'ms sql server', 'nodejs/express', 'mongodb', 'github']"
Network Architect,"['python', 'tcp/ip', 'ospf', 'wireless aps and controllers', 'puppet', 'network traffic analysis', 'network security', 'sdn', 'vlans', 'l4-7 traffic management', 'ansible', '802.11ac', 'network function virtualization', 'firewalls', 'routing & switching', 'nfv', 'bgp', 'datacenter fabric', 'network segmentation', 'perl', 'automation of networks', 'e.g.', 'programming/scripting languages', 'enterprise networking technologies', 'network infrastructure protocols', 'campus networks', 'chef', 'configuration management', 'open networking', 'software defined networking', 'network virtualization', 'mpls']"
Network Architect,"['compliance and audit environment', 'real-time data integration', 'cipp-us/cipp-eu', 'sso', 'ipaas', 'authentication and domain administration', 'network components and security', 'windows server', 'oauth', 'pii', 'active directory', 'pci', 'sqlserver', 'compliance certifications', 'cloud saas solutions', 'etc.', 'oracle exadata', 'sox/soc', 'scim specification', 'internal control frameworks', 'hipaa', 'mongodb', 'crisc', 'saml', 'coso', 'integration technologies', 'ccep', 'extract transform load', 'database platforms', 'linux administration']"
Network Architect,"['project management', 'compensation programs', 'hr/business process technologies', 'hr shared services', 'pmbok', 'six sigma/lean/green belt certification', 'customer service levels', 'hr operations processes', 'business process optimization methodologies']"
Network Architect,"['hp/dell hardware platforms', 'srm disaster recovery tool', 'vmware vcenter/esxi servers', 'vmware esxi', 'virtualization', 'vcenter', 'evc', 'p2v', 'consolidation', 'ms clustering/ad/dns', 'virtualization technologies', 'v2v', 'powershell/powercli 3.0/4.0', 'infrastructure sizing', 'san/nas/storage protocols', 'vswitch & dvswitch', 'server consolidation', 'drs', 'fc/nfs/iscsi', 'virtual networking', 'ha', 'deploying/configuring/managing vmware vsphere infrastructure', 'storage']"
Network Architect,"['network architecting', 'infra architecting', 'architecting', 'network data architecting']"
Network Architect,"['support', 'architecture', 'vendor management', 'capacity planning', 'circuit analysis', 'lifecycle management', 'cloud technologies', 'network management', 'telecom management', 'contract negotiation', 'backup connections', 'public cloud operations', 'p&l management', 'system management standards', 'planning and design', 'implementation']"
Network Architect,"['python', 'core networking principles', 'networking', 'systems administration', 'application protocols', 'javascript', 'scripting languages']"
Network Architect,"['project management', 'it infrastructure analysis', 'industrial network infrastructure maintenance', 'vmware products management', 'network performance measurement', 'sql server management', 'automation system experience', 'documentation management', 'network architecture design']"
Network Architect,"['pcie protocols', 'virtualization', 'xen', 'fd.io', 'tcp/ip', 'ovs', 'wireless protocols', 'performance analysis', 'dpdk', 'kvm', 'software defined network stacks', 'networking sw frameworks optimization', 'computer architecture']"
Network Architect,"['load balancers', 'sd-wan', 'ospf', 'arp', 'network security', 'capacity planning', 'network engineering', 'sdn', 'switching protocols', 'vlan', 'firewalls', 'ipv6', 'network monitoring tools', 'acls', 'deployment of ids/ips', 'wafs', 'bgp', 'network operations', 'routing protocols', 'vpn', 'ipv4', 'unix/linux operating systems', 'software-defined wide area networks', 'icmp', 'stp', 'network qos', 'ecmp', 'software-defined networking', 'tier-1 isp interactions', 'ip networking', 'qos', 'mpls']"
Network Architect,"['vmware for server virtualization', 'san', 'and switching technologies', 'cold fusion', 'vpn with rsa', 'routing', 'storage area networks', 'ms sql server database', 'vnc', 'ms iis', 'windows active directory', 'microsoft server operating systems', 'experience with firewall', 'hipaa', 'sql', 'rdp', 'unified communications', 'remote access design']"
Network Architect,"['device groups and templates', 'information security trends', 'security and privacy controls', 'risk assessment', 'communication of risks', 'palo alto networks panorama', 'risk management techniques', 'teamwork', 'process-oriented thinking', 'information security policies', 'palo alto networks firewalls', 'change control system']"
Network Architect,"['cybersecurity enhancement', 'configuration management', 'system architecture', 'infrastructure installation', 'information systems maintenance', 'data center solutions', 'network design', 'network implementation', 'solution architecture']"
Network Architect,"['stateflow', 'linux', 'system architecture design', 'gpb', 'tcp/ip', 'e.g. doors', 'uml and sysml modelling', '/16/32 bit microcontrollers', 'ethernet protocol', 'software architecture design', 'rpc', 'embedded operating systems', 'software modeling tools', 'technical leadership', 'c/c++ development', 'e.g. matlab', 'hmi and gui development', 'simulink', 'autosar and genivi', 'automotive spice and cmm', 'rtos', 'sysbios', 'requirements management']"
Network Architect,"['c/c++', 'v2p connectivity', 'python', 'cloud-based application systems', 'protocols development in linux', 'vehicle electronics integration', 'vehicle to infrastructure', 'v2x communication protocols', 'vehicle to pedestrian', 'ieee wave dsrc', 'vehicle to vehicle', 'v2v connectivity', 'unix', 'ecosystem architecture', 'mobile applications integration', 'statistical modeling', 'interoperability', 'predictive modeling', 'spectrum of connectivity channels', 'machine learning', 'embedded software design', 'v2g connectivity', 'embedded device messaging', 'can bus architecture', 'autonomous environment', 'algorithms development', 'vehicle to network', 'wireless technologies', 'vehicle to grid', 'autonomous vehicles connectivity', 'v2n connectivity', 'v2i connectivity']"
Network Architect,"['cross-selling opportunities', 'protocol analyzers', 'network engineering', 'project management methodology', 'tcp/ip', 'frame relay', 'lan and wan design', 'vpn', 'sdn and aci technologies', 'data center technologies', 'hardware and software troubleshooting', 'proof of concept engagements', 'deployments in different technologies', 'and mpls']"
Network Architect,"['rsvp-te', 'tcp/ip', 'ip/mpls', 'ospf', 'routing policy', 'vpls', 'segment routing', 'dc networking', 'vpws', 'vrf', 'optical', 'isis', 'bgp', 'ldp', 'mpls services', 'sdn knowledge', 'sp ip network design', 'evpn', 'qos', 'exceptional customer facing skills']"
Network Architect,"['dns', 'customer service', 'it support', 'microsoft office suite', 'antivirus software', 'troubleshooting', 'dhcp', 'documentation', 'active directory administration', 'microsoft windows os', 'kaseya and/or servicenow', 'network troubleshooting', 'managed services provider', 'microsoft servers', 'smartphones and tablets']"
Network Architect,"['cisco', 'ms', 'research and development', 'engineering', 'solution development', 'technology solutioning', 'customer workshops', 'solutions selling', 'network', 'technology and innovation insights', 'enterprise it systems', 'industry awareness', 'cross-functional collaboration', 'customer presentations', 'aws', 'datacentre', 'vmware', 'subject matter expertise']"
Network Architect,"['network load balancers', 'telecom carriers management', 'ospf', 'vtp', 'cisco wireless controllers', 'vlans', 'mpls-based technologies', 'trunking', 'checkpoint firewalls', 'eigrp', 'wlans', 'netflow', 'bgp', 'routing protocols', 'bluecoat proxy', 'cisco switches and routers', 'mpls and broadband', 'solarwinds npm', 'snmp', 'voip and sip protocols', 'network management', 'network inventory management', 'cisco unified communications manager', 'wans', 'enterprise lans']"
Network Architect,"['security and compliance expertise', 'devops', 'aws', 'cloud infrastructure platforms']"
Network Architect,"['cloud', 'system integration', 'paas', 'oss/bss', 'knowledge transfer', 'solution design', 'end-to-end technical solutions', 'hadoop', 'technical presentations', 'risk analysis', 'solution deployment', 'big data', 'business requirements analysis', 'safe agile', 'saas']"
Network Architect,"['acceleration libraries', 'architecture analysis', 'python', 'parallel programming models', 'profiling', 'micro-benchmarks', 'databases', 'deep learning frameworks', 'gpu computing', 'neural networks', 'data visualization tools', 'caffe/tensorflow']"
Network Architect,"['ovirt/nutanix hypervisors', 'automation testing', 'acls', 'middleware integration', 'runbook automation', 'oo', 'runbook development', 'perl', 'network device health checking', 'automation solution design', 'hp operation and orchestration', 'access control lists']"
Network Architect,"['java', 'sql server', 'oracle', 'security technologies', 'c++', 'tcp/ip', 'windows/linux operating systems', 'networking', 'c#', 'scripting languages', 'firewalls']"
Network Architect,"['scalability', 'telecom supplier management', 'vendor management', 'capacity planning', 'enterprise network infrastructure', 'network redesign', 'troubleshooting', 'emerging technologies', 'it management', 'network performance', 'voice of customer', 'network change management', 'security', 'architecture design', 'network administration', 'infrastructure upgrades', 'reliability']"
Network Architect,"['cloud-based application deployment architectures', '.net', 'python', 'ruby', 'php', 'objective-c', 'nodejs', 'application performance optimization', 'development proficiency in java', 'java-dalvik']"
Network Architect,"['project delivery', 'solution design', 'post-sale', 'banking solutions', 'organizational skills', 'presentation skills', 'implementation approach', 'communication skills', 'pre-sales', 'banking industry knowledge', 'solution architecture', 'governance']"
Network Architect,"['rfp/rfi process', 'project management', 'vendor management', 'building maintenance', 'safety and security systems', 'budgeting', 'compliance with regulations', 'real estate strategy', 'lease management']"
Network Architect,"['powershell', 'database management', 'virtualization', 'windows 2012r2+', 'hyper-v', 'batch files', 'troubleshooting', 'documentation', 'server platform maintenance', 'windows server administration', 'active directory management', 'load balancing', 'scripting', 'network administration', 'exchange server support', 'wsh', 'storage systems management']"
Network Architect,"['enterprise architecture', 'project management', 'application architecture', 'software product standards evaluation', 'solutions architecture', 'financial impact analysis', 'strategic technology trends', 'technology trends analysis', 'information technology strategies', 'infrastructure development', 'agile methods', 'solution governance', 'systems design', 'business capabilities analysis']"
Network Architect,"['enterprise architecture', 'project management', 'operational excellence', 'business analytics', 'sales skills', 'networking', 'integration practices', 'cyber security']"
Network Architect,"['collaborative skills', 'organizational skills', 'strong technical skills', 'analytical skills', 'soft skills:']"
Network Architect,"['wans and mans', 'network device scripting', 'technical skills:', 'multiprotocol label switching', 'core routing', 'wan interconnectivity', 'virtual routing & forwarding', 'vrf', 'cloud networking', 'border gateway protocol', 'ebgp and ibgp', 'network segmentation', 'data center interconnect technology', 'network design', 'cisco architecture', 'data center switching', 'vdoms', 'fortinet virtual domains', 'technology integration', 'mpls']"
Network Architect,"['routing table', 'and architecture', 'network protocols', 'standard network services', 'tcp/ip', 'peer-to-peer networking', 'ip configuration', 'firewalls and vpn architecture', 'project management', 'network engineering', 'ts/sci clearance', 'multi-tasking', 'lan/wan infrastructures', 'vendor management', 'network performance tools/analysis', 'brocade routing and switching', 'information security infrastructure', 'tcp/ip-based networks', 'problem-solving and troubleshooting', 'network operations', 'brocade network advisor', 'packet capture and analysis', 'switching and routing', 'multicast networking', 'interpersonal and teaming skills', 'cisc-routing and switching', 'system', 'ip addressing & subnets', 'systems integration', 'troubleshooting network connectivity', 'architecting complex network hardware', 'standards']"
Network Architect,"['technology knowledge', 'retail sales', 'microsoft office proficiency', 'product demonstrations']"
Network Architect,"['ethernet', 'infiniband', 'compute virtualization', 'network solutions architecture', 'networking hardware', 'networking software development', 'vpp', 'network processing offloading', 'networking technologies', 'ovs', 'solution definitions', 'competitive analysis', 'dpdk', 'business case development', 'network security methodologies', 'software stacks for deployments', 'l2/l3 protocols', 'solution requirements management']"
Network Architect,"['simulation', 'cam workflows', 'd design', 'visualization', 'knowledge management', 'cad tools', 'computer and network systems', 'fea tools', 'fabrication']"
Network Architect,"['ms office suite', 'basic computer terminology', 'windows os']"
Network Architect,"['security practices implementation', 'incident management', 'integration issue resolution', 'security architecture design', 'risk assessment', 'enterprise network security', 'machine learning for security', 'security controls development', '###', 'documentation skills']"
Network Architect,"['security incident response', 'it security', 'information technology', 'data security and privacy', 'application vulnerability assessments', 'operating systems', 'networking protocols', 'internet applications', 'it architect', 'security risk assessments']"
Network Architect,"['acls', 'sdn', 'aws/gcp/azure cloud services', 'cisco nexus technologies', 'lan/wan/man technologies', 'tcp/ip', 'network automation', 'qos', 'aruba/arista technologies', 'routing protocols', 'wireless security', 'network design and architecture', 'ip routing', 'vlan', 'traffic shaping', 'cisco ise', 'access control lists']"
Network Architect,"['batch testing', 'quality assurance', 'ms office suite', 'software testing', 'pharmaceutical claims adjudication systems']"
Network Architect,"['application architecture', 'technical expertise', 'manageability', 'methodologies', 'design patterns', 'reliability', 'quality optimization', 'solution development', 'architecture modeling', 'usability / reusability', 'it architecture solutions', 'scalability', 'system architecture', 'enterprise architecture approach', 'availability', 'system architecture planning', 'network architecture', 'high performance', 'data architecture', 'flexibility']"
Network Architect,"['spark', 'sharding', 'publish/subscribe platforms', 'kafka streaming', 'rest', 'stream processing platforms', 'distributed programming techniques', 'modern rpc stacks', 'real-time analytics databases', 'scaling models', 'druid', 'flink']"
Network Architect,"['collaboration', 'experience in sustainable design/leed', 'problem-solving', 'organizational skills', 'strong technical skills', 'soft skills:', 'written and verbal communication', 'attention to detail']"
Network Architect,"['project management', 'network security', 'voip services', 'linux and windows sysadmin', 'sd-wan', 'security', 'vendor contract negotiation', 'eth', 'ds-1', 'ipsec', 'inventory management', 'ip networking', 'qos', 'tdm/voip services', 'automation tools', 'mpls', 'firewalls']"
Network Architect,"['enterprise architecture', 'software configuration', 'software product evaluation', 'solution architecture', 'technology trends analysis', 'information technology strategies', 'architecture governance', 'systems analysis', 'software development', 'solutions architecture governance', 'systems design']"
Network Architect,"['software development lifecycle', 'technical leadership', 'technical requirements definition', 'microservices architecture', 'docker', 'web service development', 'sdlc processes', 'software development', 'systems analysis', 'devops practices', 'containerized applications', 'node js', 'agile environment']"
Network Architect,"['automation', 'scalability', 'data center infrastructure', 'enterprise network architecture', 'networking', 'application performance', 'systems engineering', 'open source technologies', 'infrastructure architecture', 'distributed systems', 'network solutions', 'cloud computing', 'storage']"
Network Architect,"['network security', 'command and control architecture', 'devops environments', 'vendor contract compliance', 'infrastructure architecture policies', 'service delivery management', 'network security audit', 'iaas cloud environments', 'it contract management', 'dir contracts', 'enterprise monitoring methodologies']"
Network Architect,"['technology standards', 'ip addressing', 'f5', 'ospf', 'technical analysis', 'redundant network systems design', 'satellite networks', 'technical skills:', 'dns', 'proof of concept', 'eigrp', 'cisco ucs', 'infrastructure sizing', 'wireless infrastructure', 'bgp', 'networking design', 'routing protocols', 'cisco nexus switches', 'san switches', 'tcp/udp', 'architecture', 'snmp']"
Network Architect,"['automation', 'network security', 'cloud operations', 'capacity planning', 'incident management', 'security program development', 'layer 3 connectivity', 'application understanding', 'it systems support', 'compliance regulations', 'network architecture', 'modern routing protocols', 'it project management', 'disaster recovery planning', 'leadership skills', 'system schematics', 'virtual architecture']"
Network Architect,"['authentication protocols', 'radius', 'voice infrastructure', 'routing and switching', 'tcp/ip', 'tacas+', 'bgp', 'ospf', 'cloud computing security infrastructure', 'networking protocols', 'ipsec', 'eigrp', 'dynamic routing protocols']"
Network Architect,"['metro ethernet', 'user stories', 'sd-wan', 'it management tools', 'ospf', 'nfv/sdn networking', 'business requirements', 'agile methodology', 'l2/l3vpn', 'network monitoring tools', 'netflow', 'wan/lan', 'bgp', 'solarwinds', 'e.g.', 'cisco works', 'syslog', 'ucaas', 'snmp', 'hp openview', 'infovista', 'waterfall methodology', 'qos', 'vrrp', 'netcool', 'mpls', 'service assurance', 'sevone']"
Network Architect,"['architecture decision making', 'technology strategy alignment', 'systems integration', 'financial network architecture', 'application development', 'mobile authentication', 'systems engineering', 'production issue resolution', 'security implementation', 'team leadership', 'solution architecture', 'distributed computing']"
Network Architect,"['hybrid networking', 'acls', 'network security practices', 'priority queuing', 'access control list', 'qos', 'cisco nexus technologies equipment', 'tcp / ip', 'class of service', 'wireless security', 'modern routing protocols', 'aruba/arista technologies', 'ip routing', 'vlan', 'traffic shaping', 'cisco ise']"
Network Architect,"['network performance optimization', 'network maintenance', 'vpn tunnel administration', 'ospf', 'eigrp', 'cisco wireless solutions', 'dns administration', 'wireless network administration', 'ipv6', 'hsrp', 'active directory administration', 'root cause analysis', 'bgp', 'wan administration', 'network design', 'network implementation', 'lan administration', 'network deployment', 'load balancing administration', 'dhcp administration', 'firewall administration', 'troubleshooting', 'monitoring network solutions', 'problem remediation', 'traffic optimization', 'network architecture', 'policy-based routing', 'ether-channel', 'qos', 'mpls']"
Network Architect,"['juniper platforms', 'python', 'ipv6 networks', 'switching', 'routing', 'bgp', 'ospf', 'bash', 'qos/cos', 'load balancing', 'scripting', 'ruby/erb', 'perl', 'etc.', 'f5 load balancers', 'wireless network technologies', 'mpls', 'linux/unix command line']"
Network Architect,"['network security', 'cisco routing', 'configuration changes', 'cisco firewalls', 'network management', 'performance monitoring', 'regulatory compliance', 'network troubleshooting', 'enterprise networking equipment', 'hardware replacement', 'network design', 'cisco switching', 'network scalability', 'documentation maintenance', 'firmware upgrades']"
Network Architect,"['network security', 'linux networking stack', 'optical design', 'zero touch networking', 'routing protocols', 'distributed systems analysis', 'enterprise network operations', 'software development', 'wireless technologies', 'networking protocols and technologies', 'designing networks', 'data center networking']"
Network Architect,[]
Network Architect,"['meter data management system', 'network topology', 'programming', 'operating systems', 'networking', 'business analysis', 'rdbms', 'net framework', 'security and compliance', 'systems and applications design', 'iso', 'facilitating and managing projects', 'independent system operators', 'nerc cip controls', 'iterative development life cycles', 'it methodologies and processes', 'osi soft pi', 'energy management systems', 'energy markets', 'databases', 'data architecture']"
Network Architect,"['technical skills:', 'software architecture', 'hardware architecture', 'high-performance computing', 'cryogenics', 'quantum computing', 'research development', 'experiment design', 'data analysis', 'visual object classification', 'deep learning']"
Network Architect,"['network components', 'junos', 'rest apis', 'clustering', 'cisco aci', 'hyper-v', 'load balancing', 'aws', 'logging', 'kvm', 'nsx', 'azure vm', 'firewalls', 'java', 'scalability of network infrastructure', 'availability', 'vmware', 'network virtualization technologies', 'python programming', 'monitoring', 'software defined networking']"
Network Architect,"['software architecture', 'hardware architecture', 'air traffic control simulation', 'simulation architecture', 'high fidelity simulation', 'networking', 'network simulation protocols', 'real-time systems', 'flight simulation', 'systems architecture']"
Network Architect,"['bluecoat', 'storage systems', 'voip', 'microsoft technologies', 'cisco wireless systems', 'cisco ise', 'security standards', 'vmware virtualized environments', 'exchange', 'cisco vpn systems', 'eigrp', 'windows networking', 'aws certifications', 'ccnp certification', 'networking fundamentals', 'architecting network solutions', 'bgp', 'routing protocols', 'packet capture and analysis', 'cisco networking', 'riverbed', 'vmware vdi', 'itil foundation', 'network troubleshooting', 'ad']"
Statistics,"['ms office', 'word', 'reconciliation', 'data entry', 'financial statements', 'excel', 'payroll', 'quickbooks', 'payroll taxes', 'accounting']"
Statistics,"['statistical software', 'data collection and management', 'statistical theories', 'trial design', 'statistical methodology', 'clinical trial protocol development', 'clinical trial methodology', 'data interpretation', 'regulatory support']"
Statistics,"['communication', 'electronic medical records', 'problem-solving', 'excel', 'tracking referrals', 'data analysis', 'health care knowledge', 'emr']"
Statistics,"['java', 'machine learning', 'python', 'sql', 'data analysis']"
Statistics,"['correspondence handling', 'database management', 'report and statistic maintenance', 'data entry', 'administrative support', 'document preparation']"
Statistics,"['facilities management', 'osha regulations', 'budget monitoring', 'word', 'microsoft office', 'excel', 'enterprise application software', 'financial accounting', 'project coordination', 'hazardous materials management', 'record-keeping']"
Statistics,"['and word', 'research database management', 'proficiency in excel', 'powerpoint', 'data analysis', 'data management']"
Statistics,"['customer service', 'communication skills', 'computer skills']"
Statistics,"['motivational interviewing', 'understanding of hipaa standards', 'goal setting', 'coordination of patient care', 'documentation skills']"
Statistics,"['human resource database management', 'organizational chart updating', 'ms office proficiency', 'office supply management', 'attendance reporting', 'training record management', 'payroll processing', 'employee record keeping']"
Statistics,"['service recovery tools', 'patient satisfaction trends analysis', 'qualitative analysis', 'patient relations']"
Statistics,"['python', 'deep learning frameworks', 'chat bots', 'tensorflow', 'statistical modeling', 'text modeling', 'conversational ai', 'machine learning', 'algorithms', 'speech modeling', 'neural networks', 'r', 'artificial intelligence', 'natural language processing', 'statistics', 'cntk', 'gluon', 'data science', 'keras']"
Statistics,"['related to experience:', 'basic customer service skills']"
Statistics,"['preparing shipping documentation', 'recycling operations', 'furniture and equipment maintenance', 'office moves', 'operating mail processing equipment', 'facility maintenance', 'administrative tasks', 'room set-ups', 'shipping and receiving', 'power tool operation', 'mail processing', 'safety and security operations']"
Statistics,"['metric dashboard development', 'business intelligence tools', 'data analysis', 'spreadsheet modeling']"
Statistics,"['educational pedagogy', 'and word proficiency', 'excel', 'technology-based products knowledge', 'microsoft powerpoint', 'performance data analysis']"
Statistics,"['database management', 'legal research', 'case management', 'office technology support']"
Statistics,"['project oversight', 'report writing', 'database management', 'budget administration', 'public outreach', 'program development and implementation', 'data collection', 'grant application writing', 'sustainability project implementation', 'and analysis', 'research']"
Statistics,"['patient registration', 'managed care requirements', 'financial counseling', 'medical record management', 'insurance benefits verification', 'government agency regulations', 'epic software']"
Statistics,"['monitoring patient response', 'patient testing and assessment', 'exercise therapy', 'electrocardiogram analysis', 'stress testing']"
Statistics,"['epidemiology', 'database management', 'r', 'machine learning', 'python', 'statistics', 'data analysis', 'data integration', 'sql', 'reproducible data science', 'computer programming', 'statistics models development', 'disease modeling']"
Statistics,"['economics', 'business administration', 'statistics', 'psychology']"
Statistics,"['customer service', 'software publishing/presentation programs', 'needs analysis', 'troubleshooting', 'canvas course management system', 'data analysis']"
Statistics,"['strategic planning', 'budgeting']"
Statistics,"['logistic regression', 'ms excel', 'ms word', 'data extraction', 'decision tree analysis', 'time-series analysis', 'data mining', 'ms access', 'statistical modeling', 'sas or equivalent', 'sql', 'data analysis', 'forecasting']"
Statistics,"['fraud detection', 'data interpretation']"
Statistics,"['quality assurance evaluation', 'staff training', 'compliance monitoring', 'testifying in hearings', 'data entry', 'supervisory experience', 'geriatric regulatory program experience', 'scheduling and prioritization']"
Statistics,"['maintaining records', 'database management', 'research', 'clerical duties', 'data entry', 'administrative support', 'written communication', 'verbal communication']"
Statistics,"['proficiency in microsoft office', 'process coordination', 'report generation', 'administrative support', 'data management']"
Statistics,"['java', 'c/c++', 'machine learning', 'artificial intelligence', 'statistics', 'computer science', 'programming languages', 'scala', 'data science', 'applied mathematics']"
Statistics,"['database management', 'stata', 'r', 'python', 'matlab', 'programming', 'postgres', 'statistical analysis', 'research skills', 'sql', 'data analysis']"
Statistics,"['operating equipment properly', 'cashiering', 'cleaning of service area', 'record keeping', 'servsafe', 'food safety certification']"
Statistics,"['research proposal development', 'research consulting', 'external research funding', 'budgeting', 'peer-reviewed publications', 'programming language', 'document preparation system', 'research papers writing', 'conference presentations', 'measurement', 'supervising employees', 'and statistics', 'research experience in design', 'research background in methodology', 'statistical software', 'time management', 'grant proposal development', 'latex', 'r']"
Statistics,"['data visualization', 'financial forecasting', 'financial reporting', 'analytics', 'profitability tracking', 'sql', 'data analysis', 'forecasting']"
Statistics,"['engineering', 'machine learning', 'artificial intelligence', 'mathematics', 'statistics', 'data analysis']"
Statistics,"['engineering', 'microsoft excel', 'microsoft access', 'microsoft word', 'mathematics', 'statistics', 'modeling packages', 'spreadsheet/database software', 'programming languages', 'finance', 'economics', 'microsoft powerpoint', 'sql', 'actuarial science']"
Statistics,"['product development', 'data summarization', 'database management', 'actuarial analysis', 'data extraction', 'rate adequacy analysis', 'financial reporting', 'pricing', 'excel skills']"
Statistics,"['grant writing', 'database management', 'supervision', 'event planning and execution', 'financial reporting', 'budget formulation and management', 'donor relationship management', 'fundraising strategy development']"
Statistics,"['planning skills', 'coding', 'project management', 'database management', 'statistical software', 'ms office suite', 'organizational skills', 'python', 'c++', 'ruby', 'javascript', 'spss', 'presentation software', 'data collection', 'computer programming', 'spreadsheet software', 'computer skills', 'research']"
Statistics,"['computerized registration/billing', 'hipaa and privacy guidelines', 'medical record management', 'insurance verification']"
Statistics,"['database management', 'public health practices', 'stata', 'r', 'quantitative analysis', 'data visualization', 'statistical software', 'e.g.', 'python', 'gis packages', 'population health analysis', 'sql', 'data analysis', 'tableau']"
Statistics,"['grammar', 'and punctuation', 'spelling', 'proper english usage', 'including microsoft office suite']"
Statistics,"['database management', '& powerpoint', 'basketball statistics', 'excel', 'basketball knowledge', 'proficiency in ms word', 'data management']"
Statistics,"['database management', 'research proposal development', 'r', 'mplus', 'data manipulation', 'data analysis', 'spss', 'data documentation', 'programming languages', 'sas', 'statistical analysis', 'e.g.', 'data management']"
Statistics,"['social media data analytics', 'marketing analytics', 'data interpretation', 'reporting']"
Statistics,"['proposal development', 'project management', 'financial analysis', 'access', 'application development', 'and excel', 'microsoft applications', 'especially tableau', 'data analysis', 'business process improvement']"
Statistics,"['management of sports leagues', 'promotion of sports programs', 'game statistics recording', 'online management', 'payroll tracking', 'event coordination and scheduling']"
Statistics,"['data analysis software', 'project management', 'data visualization', 'scientific writing', 'study design', 'sas/stata', 'statistical analysis', 'research methodologies', 'data interpretation', 'data management']"
Statistics,"['curriculum development', 'instructional design', 'developing training materials', 'training needs assessment', 'facilitating workshops']"
Statistics,"['microsoft office', 'data entry', 'record keeping', 'administrative support', 'report preparation', 'secretarial assistance']"
Statistics,"['data collection', 'data analysis', 'survey methods']"
Statistics,"['database experience', 'faculty coordination', 'recruitment strategies', 'interviewing', 'reporting', 'admissions program implementation']"
Statistics,"['accounting concepts', 'hyperion essbase', 'ms office', 'advanced excel', 'financial planning and analysis', 'business case development', 'oracle financials']"
Statistics,"['inventory control operations', 'forklift operation', 'warehouse functions', 'pc skills']"
Statistics,"['irb approval', 'research supervision', 'report writing', 'statistics', 'allocation of research assignments', 'advanced research', 'statistical software knowledge', 'criminal justice research', 'research methods', 'research project planning']"
Statistics,"['presentation preparation', 'customer support', 'purchase order administration', 'proficiency in software tools', 'data entry', 'report generation', 'record tracking', 'process design', 'statistical analysis', 'calendar management', 'data verification', 'data collection', 'data analysis']"
Statistics,"['organizing files', 'responding to inquiries', 'setting up for events', 'maintaining office equipment', 'excel', 'and adobe pro', 'answering telephone calls', 'knowledge of word']"
Statistics,"['database software programs', 'knowledge of medical terminology', 'spreadsheet software programs']"
Statistics,"['machine learning', 'python', 'statistics', 'tensorflow', 'data analysis']"
Statistics,"['financial support', 'database management', 'fundraising activities management', 'data entry', 'accounting software proficiency', 'reporting', 'account reconciliation']"
Statistics,"['microsoft office suite', 'call center operations', 'management', 'program development', 'process improvement', 'data analysis', 'policy development']"
Statistics,"['machine learning', 'python', 'e.g.', 'etl processes', 'sql', 'data analysis', 'data visualization tools', 'tableau']"
Statistics,"['database management and querying', 'analytics tools', 'applicant tracking systems', 'recruiting and sourcing techniques', 'data visualization', 'trend analysis', 'ats', 'sql', 'data analysis']"
Statistics,"['project management', 'especially excel', 'social media monitoring', 'translation management', 'sharepoint administration', 'recruitment activities', 'data analysis', 'microsoft office skills']"
Statistics,"['applicant tracking systems', 'database management', 'full-cycle recruitment', 'microsoft dynamics nav', 'data entry', 'interviewing and assessing candidates', 'onboarding processes']"
Statistics,"['message handling', 'orsos computer system', 'statistics maintenance', 'data retrieval', 'scheduling', 'patient check-in']"
Statistics,"['proficiency in microsoft office', 'financial analysis', 'database management', 'research support', 'market trends analysis', 'data collection', 'writing reports', 'data analysis']"
Statistics,"['trade recording', 'problem-solving', 'ad-hoc analysis', 'software testing', 'deal flow analysis', 'time management', 'commodity trading', 'p&l reporting', 'analytical skills', 'risk management', 'transactional support', 'protocol documentation', 'process improvement']"
Statistics,"['uat', 'word processing', 'graphical displays', 'user acceptance testing', 'cde', 'data manipulation', 'common data elements', 'proficient computer skills', 'spreadsheets']"
Statistics,"['knowledge of medical terminology', 'experience in surgery scheduling']"
Statistics,"['windows-based microsoft office applications', 'general mechanics', 'minor repair skills', 'hvac systems maintenance']"
Statistics,"['report creation', 'audience data interpretation', 'excel', 'powerpoint', 'focus group management', 'data analysis']"
Statistics,"['first aid', 'aed certifications', 'cpr']"
Statistics,"['customer service', 'program policy development', 'database management', 'word processing', 'desktop publishing', 'data entry', 'financial tracking', 'spreadsheet management']"
Statistics,"['safety procedures', 'reading codes', 'knowledge of sku formulas', 'gmp', 'following instructions', 'operating coder machines', 'quality control', 'basic english language proficiency', 'equipment maintenance', 'manufacturing procedures', 'good manufacturing practices']"
Statistics,"['documentation preparation', 'basic computer skills', 'data entry', 'report generation', 'pallet jack operation', 'cargo handling', 'inventory management', 'forklift operation']"
Statistics,"['typing', '35 wpm', 'data entry', 'computer skills']"
Statistics,[]
Statistics,"['microsoft excel', 'computer applications', 'spss', 'scientific literature review.', 'statistical analysis']"
Statistics,"['statistical interpretation', 'unix operating system', 'data analysis', 'quality control', 'r programming', 'statistical analysis', 'candidate-gene association studies', 'genome-wide association studies', 'data cleaning', 'epidemiological studies', 'data management']"
Statistics,[]
Statistics,"['research and development', 'food science', 'technical reporting', 'microsoft office', 'statistics', 'sensory research', 'mathematical competency', 'excel', 'data analysis']"
Statistics,"['player statistics', 'team rosters', 'website management', 'management of league regulations', 'statistical analysis', 'e.g.']"
Statistics,"['database management', 'software proficiency', 'microsoft word', 'legal knowledge', 'adobe', 'data analysis', 'excel', 'case tracking', 'case management', 'systems analysis', 'power point', 'report preparation and analysis', 'case scheduling']"
Statistics,"['software proficiency', 'data entry', 'sports knowledge', 'real-time stat tracking', 'game statistics validation']"
Statistics,"['dewey decimal classification system', 'polaris library systems', 'microsoft office 2010']"
Statistics,"['data entry', 'communication skills', 'monitoring live events', 'event statistics review', 'attention to detail']"
Statistics,"['provider relations', 'network management']"
Statistics,"['report writing', 'program administration', 'data collection and tracking', 'drafting meeting minutes', 'data entry', 'travel coordination', 'administrative support']"
Statistics,"['ms excel', 'cognos', 'salesforce', 'powerpoint', 'sql', 'tableau']"
Statistics,"['in situ hybridization', 'bioinformatics', 'statistics', 'rna-seq', 'molecular biology', 'r programming', 'quantitative rt-pcr']"
Statistics,"['volunteer program software', 'budgeting', 'program management knowledge', 'purchasing process', 'hr software', 'donations management']"
Statistics,"['pattern recognition', 'math skills', 'player behavior analysis', 'game analytics', 'balancing', 'linear algebra', 'statistics', 'excel', 'communication skills', 'calculus', 'data analysis', 'systems design']"
Statistics,"['filing', 'database management', 'data input', 'typing', 'record keeping', 'report sorting and distribution', 'office support', 'inventory management', 'mail handling', 'telephone handling']"
Statistics,"['payment processing', 'collection work', 'report review', 'negotiation', 'liens filing', 'customer assistance', 'financial reconciliation', 'site visits', 'data analysis', 'record-keeping']"
Statistics,"['technical skills:', 'grant writing', 'epidemiology', 'database management', 'literature review', 'program evaluation', 'disease surveillance', 'public health program development', 'data collection and analysis', 'scientific and clinical advice']"
Statistics,"['report writing', 'demographic analysis', 'statistical analysis', 'policy analysis', 'feasibility studies', 'surveying', 'performance measurement', 'data analysis', 'computer skills', 'research']"
Statistics,"['ewarrant', 'criminal justice', 'zuercher/letg', 'outlook', 'ecitation', 'minnesota justice information systems', 'ms word', 'cad', 'public safety', 'echarging', 'mnjis', 'law enforcement', 'mga', 'excel', 'minnesota crash reports', 'minnesota offense coding', 'computer aided dispatch', 'records management systems', 'minnesota government access', 'rms', 'uniform crime reporting', 'chrms', 'mncrash', 'police record/dispatch', 'microsoft office', 'powerpoint']"
Statistics,"['conducting research', 'preparing educational packages', 'establishing and maintaining logs']"
Statistics,"['fact-checking', 'news reporting', 'content production', 'interviewing', 'writing', 'research skills']"
Statistics,"['vba', '@risk', 'actuarial exams', 'r', 'access', 'mathematics', 'word', 'statistics', 'excel', 'sas', 'powerpoint', 'databases', 'quantitative coursework', 'actuarial science', 'spreadsheets']"
Statistics,"['mathematics', 'statistics', 'math education']"
Statistics,"['content review', 'investigation', 'measurement & reporting', 'policy creation', 'process optimization', 'metrics analysis', 'verification', 'sql', 'data analysis', 'business analysis', 'research']"
Statistics,"['filing', 'operating office machines', 'data entry', 'ordering and maintaining supplies', 'answering telephones', 'microsoft applications', 'mail distribution', 'payroll processing']"
Statistics,['research skills']
Statistics,"['microsoft excel', 'ticket management', 'microsoft word', 'database management', 'services management software', 'worqs/servicenow']"
Statistics,"['customer service', 'microsoft office suite', 'information retrieval', 'database management', 'basic reference services', 'typing/keyboarding', 'basic bibliographic searches', 'clerical work', 'cash handling', 'technology and library/internet resources', 'library automation systems']"
Statistics,"['compliance reporting', 'customer service', 'safety procedures', 'childcare']"
Statistics,"['games and activities planning', 'recreation program facilitation', 'microsoft office proficiency', 'data tracking']"
Statistics,['expertise']
Statistics,"['conducting focus groups', 'interaction script development', 'user research', 'instructional design', 'quantitative data analysis', 'academic research', 'conducting observations', 'qualitative data analysis', 'conducting interviews', 'mandarin and english', 'interaction scenario prototyping', 'translation', 'research literature reviews', 'conducting surveys']"
Statistics,"['strategic planning', 'budget management', 'data analysis', 'recruitment program development']"
Statistics,"['microsoft excel', 'visual presentations', 'microsoft word', 'spreadsheet creation', 'expense forms processing', 'meeting scheduling', 'office equipment maintenance', 'microsoft outlook', 'document preparation', 'report-writing', 'calendar management', 'filing systems', 'data collection', 'microsoft powerpoint', 'travel arrangements', 'invoice processing']"
Statistics,"['stats experience', 'communication skills', 'data input']"
Statistics,"['computer operations', 'word', 'outlook', 'software utilization', 'data logging and reporting', 'excel', 'texas electronic registrar', 'technical troubleshooting', 'windows']"
Statistics,"['proficiency in microsoft office', 'excellent computer skills', 'access', 'automated scheduling software experience', 'word', 'strong attention to detail', 'excel', 'powerpoint']"
Statistics,"['internet search', 'advertising', 'ethnography', 'surveys', 'conducting primary research', 'survey design', 'statistics and experimental design', 'usability testing', 'logs analysis', 'field visits']"
Statistics,"['contract law understanding', 'word', 'microsoft office', 'data analysis', 'excel', 'time management', 'share point experience', 'statistical analysis', 'contract management', 'powerpoint', 'report preparation']"
Statistics,"['email communication', 'customer service', 'recordkeeping', 'data analysis', 'computer skills', 'telephone communication']"
Statistics,"['microsoft excel', 'microsoft word', 'time management skills', 'internet explorer skills', 'microsoft powerpoint', 'basic email skills']"
Technical Operations,"['dvd/bluray/vhs players', 'ms word and excel', 'digital media-based audio recorders', 'projectors', 'adobe creative suite', 'google apps for education', 'ilife apps', 'flat screen lcd monitors']"
Technical Operations,"['sourcing', 'recruitment strategy', 'direct sourcing expertise', 'candidate qualification', 'talent market data analysis']"
Technical Operations,"['android', 'communication', 'software and hardware support', 'troubleshooting', 'exchange', 'iphone', 'task management', 'mac', 'email setup', 'inventory management', 'audiovisual troubleshooting', 'windows', 'imaging laptops', 'computer helpdesk support', 'mobile device setup']"
Technical Operations,"['word processing', 'data entry', 'filing system management', 'spreadsheet proficiency', 'basic computer applications', 'operating standard office equipment']"
Technical Operations,"['and customer service', 'dispatch office', 'coordinating with pilots', 'marshaling', 'loading and unloading luggage', 'servicing aircraft lavatories', 'security functions']"
Technical Operations,"['internet research', 'microsoft office suite', 'database management']"
Technical Operations,"['technical sales', 'chemical engineering', 'chemistry', 'paper science', 'biology', 'water treatment chemicals', 'water resources', 'industrial sales', 'mechanical engineering']"
Technical Operations,"['pc hardware troubleshooting', 'ticket/queue management', 'operating systems support', 'device imaging', 'problem-solving techniques', 'access points', 'sccm', 'remote support tools', 'windows 7', 'itil foundation knowledge', 'software applications support', 'apple', 'android', 'switches', 'microsoft office', 'remote management tools', 'active directory management', 'mobile device support', 'network device support', 'routers']"
Technical Operations,"['strong customer service skills', 'computer and technology proficiency', 'fluent in spanish', 'keyboard skills']"
Technical Operations,"['case file review', 'legal document processing', 'court procedures', 'electronic document scanning', 'data entry', 'financial transactions processing', 'document scanning and indexing', 'microsoft office proficiency', 'court calendaring', 'court document preparation']"
Technical Operations,"['arcgis', 'field investigations', 'ms office', 'cctv monitoring', 'data entry', 'time lapse cameras deployment', 'autocad', 'street inventories', 'field inspection reporting', 'roadway measurements', 'data collection', 'highway transportation studies', 'traffic conditions analysis']"
Technical Operations,"['project management', 'investment lifecycle understanding', 'custody and reconciliation', 'securities settlement', 'middle/back-office operations', 'windows server environments', 'learning new technical tools', 'relational databases', 'file-based integrations', 'data integrations', 'financial services knowledge']"
Technical Operations,"['talent scouting', 'compensation knowledge', 'workday experience', 'full-cycle recruiting']"
Technical Operations,"['word processing', 'currency exchange knowledge', 'payment processing', 'epayment requests', 'vendor communication', 'database software proficiency', 'invoicing', 'data processing procedures', 'spreadsheet management']"
Technical Operations,"['time management', 'problem-solving and critical thinking', 'especially excel', 'identifying gaps in data']"
Technical Operations,"['project management', 'training program administration', 'broadcast equipment knowledge', 'digital video systems knowledge', 'broadcast operations management', 'standard operating procedures development', 'it systems collaboration', 'testing and drills coordination', 'technical staff scheduling']"
Technical Operations,"['product knowledge', 'visual merchandising', 'cashiering', 'inventory management']"
Technical Operations,"['project management', 'event planning', 'cts certification', 'iptv systems', 'digital signage solutions']"
Technical Operations,"['email', 'experience with myob', 'knowledge of internet services/circuits', 'experience with salesforce.com', 'word', 'customer service skills', 'excel', 'experience with web browsing', 'power point', 'experience with ms windows']"
Technical Operations,"['saas industry knowledge', 'salesforce experience', 'troubleshooting', 'documentation', 'customer support metrics', 'api knowledge', 'software integration']"
Technical Operations,"['technical skills:', 'general office practices', 'word processing', 'typing/keyboarding', 'software applications', 'operating standard office equipment', 'basic mathematics']"
Technical Operations,"['information technology analysis', 'technical support', 'troubleshooting', 'process documentation']"
Technical Operations,"['application design', 'incident management', 'troubleshooting', 'pre-sales support', 'network operations', 'knowledge management', 'product support', 'bug tracking']"
Technical Operations,"['technical skills:', 'technical writing', 'microsoft word', 'policy and procedure writing', 'ms office suite proficiency', 'revision control', 'microsoft outlook', 'workflow diagram creation', 'document management', 'report preparation']"
Technical Operations,"['google administration', 'microsoft administration', 'network administration']"
Technical Operations,"['database management', 'study management tools', 'irb application', 'ms word', 'acrobat', 'data extraction', 'document preparation']"
Technical Operations,"['progress reports preparation', 'literature review', 'research data verification', 'human subjects applications preparation', 'data entry', 'data organization', 'microsoft word proficiency', 'inventory management', 'data collection', 'consent forms preparation', 'microsoft excel proficiency']"
Technical Operations,"['reporting tools', 'data visualization', 'trend identification', 'sales program analysis', 'data extraction', 'analytics', 'revenue performance analysis', 'process improvement', 'sql', 'data analysis']"
Technical Operations,"['cable terminations', 'testing and diagnostic procedures', 'fiber splicing']"
Technical Operations,"['customer service', 'social media platforms', 'online research', 'microsoft office', 'sheets', 'docs', 'etc', 'google suite', 'verbal and written communication']"
Technical Operations,"['process improvement', 'testing equipment operation', 'data entry', 'mechanical assembly']"
Technical Operations,"['safety procedures & regulations', 'aircraft maintenance', 'federal aviation regulations', 'pneumatic systems', 'fault isolation procedures', 'turnaround procedures', 'preparation of technical reports', 'cmc fault isolation procedures', 'ground support equipment', 'aircraft systems', 'compliance with safety policies', 'powerplant systems', 'hydraulic systems', 'digital/analog avionics', 'part 121', 'aircraft ramp handling', 'maintenance documentation', 'aircraft bite systems', 'glass cockpit systems', 'troubleshooting', 'airframe systems', 'embraer e170', 'e190']"
Technical Operations,"['arbortext xml editor', 'ms office suite', 'adobe acrobat', 'mil-std style guides']"
Technical Operations,"['microsoft office suite', 'fluency', 'medicalis', 'epic', 'smartsheet', 'symed', 'replicon', 'workday', 'isite']"
Technical Operations,"['product knowledge', 'cashiering', 'integrated store operations', 'inventory management', 'iso compliance']"
Technical Operations,"['software applications/databases navigation', 'alarm monitoring', 'radio systems', 'microsoft word', 'electronic communications', 'computer-aided dispatch', 'security system monitoring', 'cad systems', 'troubleshooting', 'system issues reporting', 'multi-line telephone console operation', 'microsoft outlook', 'multi-channel radio operation']"
Technical Operations,"['aims', 'office practices and procedures', 'operating standard office equipment']"
Technical Operations,"['email', 'microsoft word', 'access', 'excel', 'bookkeeping', 'powerpoint', 'windows']"
Technical Operations,"['learning and development', 'financial management', 'technology implementation', 'operations management', 'succession planning', 'human resources management', 'strategic planning', 'systems and procedures development', 'process improvement', 'performance management']"
Technical Operations,"['technical support', 'industrial environment knowledge', 'root cause analysis', 'configuration and property management', 'technical documentation', 'nonconforming material review process', 'contractor furnished data reports', 'audit/evaluation support']"
Technical Operations,"['eu-mdr documentation', 'iso13485: 2016', 'iso14971', 'regulatory compliance', 'eumdd/eumdr', 'technical file development']"
Technical Operations,"['application', 'troubleshooting system', 'and hardware issues', 'it solutions delivery', 'systems administration', 'basic technical certification', 'windows file restores', 'ticket tracking system management']"
Technical Operations,"['training development', 'customer service', 'financial systems', 'project management', 'software design and implementation', 'procurement systems', 'communication skills', 'lean methodology', 'system testing', 'process improvement']"
Technical Operations,"['quality assurance', 'hardware/software design change', 'test operations', 'failure analysis', 'eco implementation', 'esd regulations', 'test efficiency', 'root cause failure analysis', 'continuous improvement']"
Technical Operations,"['plumbing', 'electrical/mechanical system monitoring', 'pneumatic system maintenance', 'building maintenance', 'vehicle maintenance', 'inventory database maintenance', 'carpentry', 'automated dispensing system repair']"
Technical Operations,"['production automation', 'coding', 'robotic camera operation', 'graphics play out', 'galaxy/dalet editing', 'production switcher operation']"
Technical Operations,"['dns', 'ssl', 'wordpress plugins and themes', 'typing speed', 'troubleshooting', 'wordpress', '50-60 wpm', 'ftp', 'network fundamentals', 'linux command line']"
Technical Operations,"['data entry', 'scheduling', 'typing', 'bookkeeping', 'financial accounting', 'record keeping', 'inventory management']"
Technical Operations,"['product knowledge', 'project management', 'problem solving', 'technical support', 'operations support', 'data analysis', 'process improvement', 'business acumen', 'workflow implementation']"
Technical Operations,"['database management', 'web content management', 'recruitment', 'curriculum management', 'microsoft office proficiency', 'technical troubleshooting', 'social media coordination']"
Technical Operations,"['scripting', 'unix', 'programming languages', 'sql']"
Technical Operations,"['fabrication skills', 'instrumentation measurement systems', 'lab procedures compliance', 'calibration and maintenance adherence', 'ms office proficiency', 'automation test scripts', 'troubleshooting skills', 'signal monitoring', 'test samples preparation', 'basic instrumentation knowledge', 'safety procedures compliance', 'laboratory test experience']"
Technical Operations,"['iso processes', 'needs analysis', 'solutions selling', 'basic computer operations', 'sales lead generation', 'issue resolution', 'inventory management', 'product quotations']"
Technical Operations,"['product knowledge', 'customer support', 'banking regulations', 'troubleshooting', 'software installation']"
Technical Operations,"['microsoft excel', 'web-based applications', 'relational database concepts', 'net applications', 'visual studio', 'sql']"
Technical Operations,"['windows-based environment', 'software navigation', 'problem-solving', 'computer proficiency', 'data entry', 'confidentiality', 'keyboarding', 'multi-tasking']"
Technical Operations,"['salesforce crm', 'social media', 'excel', 'analytics', 'online advertising', 'data analysis']"
Technical Operations,"['product knowledge', 'iso', 'cashiering', 'visual merchandising standards', 'integrated store operations', 'vms', 'loss prevention procedures', 'inventory management']"
Technical Operations,"['removing rims from oven', 'sweep oven', 'loading rims', 'filling out paperwork properly', 'handling rims', 'turning oven on', 'blasting and painting']"
Technical Operations,"['capacity planning', 'staffing processes', 'lifecycle management', 'resource management', 'reporting solutions', 'engineering experience', 'process improvement', 'demand forecasting', 'powerbi']"
Technical Operations,"['filing', 'minute-taking', 'access', 'data compilation using excel', 'faxing', 'typing', 'google', 'copying', 'and mde websites']"
Technical Operations,"['customer service', 'cashiering', 'personal computer skills', 'general office tasks', 'microsoft office', 'e-commerce systems', 'outlook email', 'point-of-sale', 'pos systems']"
Technical Operations,"['travel booking', 'project management', 'event planning', 'calendar management']"
Technical Operations,"['back office administration', 'job quoting/estimating', 'logistical coordination', 'word', 'microsoft office', 'outlook', 'fleet/vehicle management', 'excel', 'warehouse management', 'inventory management', 'parts ordering & control', 'forklift operation']"
Technical Operations,"['critical thinking', 'problem-solving', 'automotive diagnostics', 'computer skills']"
Technical Operations,"['programmatic', 'digital media', 'insertion orders', 'traffic sheets', 'data integrity', 'viewability tracking', 'word', 'google campaign manager', 'excel', 'planning', 'verification tracking', 'qa', 'web interfaces', 'powerpoint', 'ad ops']"
Technical Operations,"['library equipment usage', 'acquisition', 'integrated library system', 'clerical tasks', 'cataloging', 'computer processing', 'computer software proficiency', 'ils', 'oclc', 'e.g.', 'automated cataloging resources']"
Technical Operations,"['training module development', 'claims processing', 'program research', 'benefit charging', 'automated system capabilities', 'analysis of programming requirements', 'payment processing', 'webinar presentation', 'ins activities', 'program evaluation', 'adjudication', 'develop new processes', 'written and oral communication', 'ibis claims analysis']"
Technical Operations,"['business performance analyst', 'in-vehicle applications', 'technical product analyst', 'marketing coordinator', 'marketing analyst', 'loyalty analyst', 'customer care & aftersales', 'sales and dealer coordinator', 'sales & marketing', 'voice of customer analyst', 'customer relationship marketing', 'member engagement', 'commercial operations', 'competitive intelligence']"
Technical Operations,"['continuity testing', 'conduit installation', 'basic wiring', 'wiring operations', 'measurement devices', 'circuit tracing', 'wire cutting and installation', 'electrical assembly', 'equipment mounting', 'reading wiring diagrams']"
Technical Operations,"['technical skills:', 'distillation process control', 'quality standards implementation', 'cryogenic plant operation', 'compressor operation', 'distributed control system operation', 'troubleshooting', 'process optimization', 'preventative maintenance', 'dcs', 'utility systems operation', 'safety practices', 'analyzer operation']"
Technical Operations,"['windows server infrastructure', 'infrastructure monitoring', 'it web pages maintenance', 'multi-platform print processing', 'troubleshooting', 'server administration', 'itil knowledge', 'monitoring tools', 'mainframe operations']"
Technical Operations,"['basic maintenance', 'understanding safety protocols', 'general warehouse cleaning']"
Technical Operations,"['cleaning and sanitation practices', 'specimen handling and storage', 'morgue maintenance', 'arranging x-rays and photographs', 'autopsy procedures']"
Technical Operations,"['cash management', 'fed wire transactions', 'microsoft excel', 'microsoft word', 'securities processing', 'ach transactions', 'trust systems', 'basic business processes', 'sec', 'nscc', 'quality control', 'wire system operations']"
Technical Operations,"['excellent verbal communication skills', 'ability to troubleshoot solutions']"
Technical Operations,"['it', 'accounts payable/accounts receivable', 'ms office suite', 'finance', 'accounting']"
Technical Operations,"['life sciences operations', 'business intelligence', 'manufacturing processes', 'drug development', 'strategic planning', 'commercial strategy', 'supply chain management', 'data analysis', 'financial modeling']"
Technical Operations,"['automated scheduling systems', 'project management', 'equipment qualification.', 'capacity planning', 'inventory analysis', 'root cause analysis', 'six sigma', 'production control', 'lean manufacturing', 'capital investment analysis', 'industrial engineering', 'semiconductor manufacturing', 'data analysis', 'real-time dispatching']"
Technical Operations,"['incident management', 'information technology infrastructure library', 'continuity of operations', 'problem management', 'itil', 'disaster recovery']"
Technical Operations,"['cleaning solvents handling', 'dusting', 'disinfecting', 'vacuuming', 'operating commercial vehicles', 'sweeping', 'safe driving']"
Technical Operations,"['preparing', 'and advanced appliances', 'designing', 'processing', 'fabricating unilaterals', 'building up', 'setting up', 'modelling', 'contouring', 'fabricating basic', 'glazing', 'scanning appliances into database', 'waxing', 'metal conditioning and opaquing', 'using articulators and micrometers', 'casting and recovery', 'rx bonding', 'test appliance conformance', 'intermediate', 'finishing']"
Technical Operations,"['resource planning', 'training and development', 'incident management', 'operations management', 'task execution verification', 'data analysis', 'performance measurement', 'problem solving', 'policy formulation']"
Technical Operations,"['site tagging implementation', 'traffic campaigns', 'digital marketing', 'alteryx data blending tool', 'ad server functionality', 'ad operations', 'key performance indicators', 'display campaigns', 'qa testing', 'creative trafficking', 'kpis', 'campaign reporting']"
Technical Operations,"['implementing security best practices', 'dns', 'backup and restore processes', 'troubleshooting end-user devices', 'remote desktop', 'jira', 'lan and wireless', 'experience with documentation tools', 'dhcp', 'jamf', 'knowledge of tcp', 'vpn', 'confluence', 'active directory', 'network troubleshooting', 'e.g.']"
Technical Operations,"['policies', 'project management', 'problem-solving methodologies', 'knowledge of technologies']"
Technical Operations,"['reconciliation skills', 'accounting experience']"
Technical Operations,"['project management', 'video and graphics technologies', 'vendor management', 'it operations and support', 'cad software', 'network infrastructure assessment', 'set design', 'audio conferencing', 'video conferencing', 'audiovisual support', 'event production']"
Technical Operations,"['technical writing', 'end-user documentation', 'systems expertise', 'oral communication skills', 'strong grammar skills']"
Technical Operations,"['microsoft office suite', 'quick guides creation', 'knowledge base documentation', 'technology training needs assessment', 'learning management system', 'training curriculum development']"
Technical Operations,"['technical skills:', 'security automation measures design', 'security work deliverables review', 'security technologies research', 'adherence to security standards', 'security controls testing', 'secure coding practices advocacy', 'security planning for projects', 'security architecture artifact creation', 'security engineering practices development', 'security technologies evaluation']"
Technical Operations,"['project management', 'knowledge of web-based technology', 'data analysis', 'understanding of sop writing']"
Technical Operations,"['technical skills:', 'report writing', 'word', 'microsoft office', 'excel', 'g suite', 'powerpoint', 'sap']"
Technical Operations,"['budget management', 'compliance management', 'technical purchasing', 'reliability program development', 'federal aviation administration liaison', 'inventory management', 'fleet technical management', 'regulatory knowledge', 'maintenance contractor oversight', 'maintenance program development']"
Technical Operations,"['network security', 'enterprise-level hardware maintenance', 'virtualization', 'unix/linux-based operating systems', 'layer 1 telephony troubleshooting', 'project management', 'windows-based operating systems', 'backup methodologies', 'data center operations', 'san environments', 'systems administration', 'network administration', 'microsoft office applications', 'lan/wan technologies', 'cloud services']"
Technical Operations,"['analytics tools', 'project management', 'ms office suite', 'strategic insights', 'continuous improvement programs', 'process design', 'lean/six sigma/kaizen/total quality management', 'operational recommendations', 'sipoc']"
Technical Operations,"['data mapping and importing', 'tax reporting experience', 'transmittal file creation', 'print file creation', 'microsoft excel skills']"
Technical Operations,"['automation', 'project management', 'technical sales', 'managing and customizing services', 'troubleshooting', 'online sponsorships', 'working in online systems', 'online advertising industry', 'digital ad operations', 'communicating complex technical concepts']"
Technical Operations,"['access', 'power point', 'outlook']"
Technical Operations,"['training development', 'information management', 'technical writing', 'content management', 'microsoft office suite', 'adobe applications', 'it skills', 'information technology', 'graphic design', 'etc.', 'peoplesoft', 'sql', 'database query', 'software knowledge: sql developer']"
Technical Operations,"['using forklifts', 'interpreting technical reference manuals', 'operating computers', 'two-way radio']"
Technical Operations,"['injection machine operation', 'injection mold dis-assembly', 'injection molding', 'mechanical and electrical repairs', 'spc data collection', 'preventive maintenance', 'mold cleaning and polishing', 'material handling systems troubleshooting', 'nwa software navigation', 'mold conversion', 'electrical troubleshooting', 'color concentrate management', 'color change procedures', 'qa inspection']"
Technical Operations,"['maintenance and repair', 'problem resolution', 'user access provisioning', 'peripheral equipment operations', 'software support', 'change management', 'data center logistics', 'inventory control', 'metric reporting', 'monitoring systems']"
Technical Operations,"['budget management', 'vendor management', 'art direction', 'creative asset library management', 'project management tools', 'contracting', 'user-generated content management', 'social media management', 'digital asset management', 'photo shoot coordination', 'event management']"
Technical Operations,"['test automation', 'testing of technical issues', 'building test plans', 'qa testing coordination', 'qa testing efficiency improvement', 'technical expertise in whatsapp']"
Technical Operations,"['financial modeling', 'budgeting', 'business objects', 'general analysis', 'hyperion planning/essbase', 'excel proficiency', 'data mining', 'powerpoint proficiency', 'tableau', 'e.g.', 'visualization tools']"
Technical Operations,"[') performance management', ') operations management', ') time management', ') problem-solving', ') training and development', ') customer service', ') leadership', ') communication skills', ') data analysis']"
Technical Operations,"['excel', 'project management', 'sql', 'data analysis']"
Technical Operations,"['customer service', 'pharmaceutical inventory management', 'data entry', 'microsoft office suite']"
Technical Operations,"['technical skills:', 'hvac', 'fls experience', 'project management', 'generators', 'asset inventory', 'power distribution', 'maintenance program implementation', 'ups']"
Technical Operations,"['continuous improvement systems', 'basic math skills', 'total production management', 'tpm', 'data entry and documentation']"
Technical Operations,"['database software', 'microsoft excel', 'microsoft word', 'immigration processing', 'internet applications', 'microsoft outlook', 'microsoft powerpoint']"
Technical Operations,"['experience related skills:', 'customer service experience']"
Technical Operations,"['project management', 'data center programs management', 'infrastructure disciplines', 'stakeholder management', 'written and verbal communication', 'it program management']"
Technical Operations,"['building management', 'it support', 'vendor management', 'office supplies management', 'equipment tracking', 'facility maintenance', 'financial reconciliation', 'inventory management', 'contract management', 'google suite proficiency']"
Technical Operations,"['rakes', 'cleaning headstones', 'transplanting shrubs', 'digging graves', 'and applying fertilizer', 'loading and unloading materials', 'cutting and removing sod', 'pruning shrubs', 'digging and squaring graves', 'using power trimmers', 'leveling dirt', 'removing snow and ice', 'mulching', 'axes', 'shovels', 'blowers', 'aligning headstones', 'chainsaws', 'vacuums', 'weeding']"
Technical Operations,"['captivate proficiency', 'instructional design', 'learning management systems', 'facilitation', 'curriculum editing']"
Technical Operations,"['technical support', 'task management', 'macos support', 'windows support', 'mobile device support', 'data analysis', 'event management']"
Technical Operations,"['criminal justice', 'electronic fraud', 'online banking systems', 'evidence gathering', 'root cause analysis', 'risk management', 'risk analysis', 'regulatory compliance', 'fraud prevention', 'financial crime investigation', 'investigation reporting', 'fraud investigation', '###']"
Technical Operations,"['talent evaluation', 'data integrity', 'deal structuring', 'sourcing techniques', 'full cycle staffing', 'pipelining management']"
Technology Integration,"['hazmat handling', 'cleanroom environment protocols', 'chemical waste disposal', 'equipment and process calibration', 'metrology tools operation', 'semiconductor/mems fab experience']"
Technology Integration,"['wireless communications equipment installation', 'electronics troubleshooting', 'electrical bring-up', 'circuit design', 'knowledge of rf components', 'pcb inspection and rework', 'assembly skills', 'system testing', 'antenna pattern measurements', 'rf testing', 'cable harness fabrication']"
Technology Integration,"['ar/vr', 'artificial intelligence', 'due diligence', 'valuation analysis', 'business case modeling', 'cybersecurity', 'iot', 'data analytics', 'financial modeling']"
Technology Integration,"['unified messaging', 'automatic call distribution', 'acd', 'high-speed dedicated data link', 'voice mail applications', 'call center solutions', 'audio teleconferencing', 'avaya communication manager', 'voip', 'video conferencing', 'high-speed internet access', 'computer/telephone integration', 'wireless', 'digital pbx']"
Technology Integration,"['excel', 'word', 'powerpoint', 'proficient in microsoft office']"
Technology Integration,"['knowledge of microsoft applications', 'multi-tasking', 'operation of computers', 'computer maintenance']"
Technology Integration,"['experience in technology support', 'graphics', 'experience in budget preparation', 'ability to create flowcharts', 'knowledge of security procedures', 'computer skills']"
Technology Integration,"['project management', 'budget management', 'problem resolution', 'project planning', 'quality assurance', 'project status reporting', 'risk assessment', 'communication planning', 'program management', 'marketing database management', 'crm management', 'business case development', 'business requirements tracking', 'customer data management', 'risk mitigation', 'pm standards compliance', 'business analysis']"
Technology Integration,"['and legacy consoles', 'knowledge of xbox', 'esports', 'gaming industry knowledge', 'play station', 'pc gaming']"
Technology Integration,"['email support', 'problem-solving', 'technical support', 'integration', 'phone support', 'software knowledge']"
Technology Integration,"['familiarity with xml', 'web application testing', 'reporting testing status', 'user acceptance testing', 'regression testing', 'integration testing', 'web services', 'relational databases/sql', 'automated testing tools', 'system testing', 'scripting', 'managing testing activities', 'learning new technologies', 'unit testing', 'developing test scripts', 'maintaining testing documentation', 'executing test scripts']"
Technology Integration,"['s', 'mobile device management', 'asset management system', 'microsoft office and o365', 'microsoft word', 'active directory integration', 'internet navigation', 'ios devices', 'outlook', 'technical documentation', 'excel', 'android devices', 'dep', 'mdm application', 'powerpoint', 'apple device enrollment program']"
Technology Integration,"['software engineering best practices', 'python', 'javascript', 'source control', 'sqlalchemy or django orm', 'coding standards', 'pandas', 'sql', 'operations', 'e.g. django', 'heroku', 'postgres', 'git', 'testing', 'unix/linux', 'orm', 'build processes', 'jquery', 'web frameworks', 'sftp/ssh', 'extract transform load']"
Technology Integration,"['contract negotiation', 'provider relations']"
Technology Integration,"['maintenance', 'systems deployment', 'electronic records management system', 'asset management and inventory', 'technical support and training', 'troubleshooting and problem-solving', 'and support', 'hardware and software configuration', 'network infrastructure management']"
Technology Integration,"['quality assurance', 'troubleshooting', 'data entry', 'customer relationship management', 'application processing', 'data integration', 'crm', 'document imaging']"
Technology Integration,"['networking concepts', 'infrastructure design', 'sql server 2012 administration', 'security implementation', 'disaster recovery planning']"
Technology Integration,"['pneumatics circuits', 'knowledge of labview', 'vacuum leak detector', 'and powerpoint proficiency', 'ms-word', 'excel', 'assembly of electronic circuits', 'cables', 'particle sniffer test equipment']"
Technology Integration,"['java', 'technical data conversion', 'data modeling concepts', 'advanced reports development', 'xml / xslt', 'etl software', 'programming', 'web services', 'integrations design and delivery', 'reporting and analytics design', 'e.g.', 'c']"
Technology Integration,"['technology deployment strategy alignment', 'pmo oversight', 'budget preparation', 'systems security', 'information technology provisioning', 'strategic planning', 'communications and networking', 'program management office', 'enterprise-level technology standards implementation']"
Technology Integration,"['crm systems', 'data integrity', 'dashboard reporting', 'systems integration', 'data entry', 'software services', 'reporting', 'data processing']"
Technology Integration,"['project management', 'meter data management system', 'system design', 'transmission operators', 'it methodologies', 'cisco network equipment', 'renewable energy systems', 'technical documentation', 'communication protocols', 'osi soft pi', 'energy management systems', 'scada systems', 'energy markets', 'technical drawings', 'it/ot network management', 'independent system operators', 'nerc cip controls', 'system deployment']"
Technology Integration,"['systems integration', 'wms', 'software development methodology', 'wcs', 'tms']"
Technology Integration,"['project management', 'technical integration', 'vendor management', 'sla definition', 'operations management', 'process management', 'software development project management', 'software development']"
Technology Integration,"['system integration', 'microsoft dynamics 365', 'cots implementation', 'legacy systems replacement', 'contact centers', 'test case development', 'telephony', 'agile practices', 'knowledge management', 'case management', 'use case development', 'requirements gathering', 'chat', 'global crm']"
Technology Integration,"['business scorecard', 'agile', 'business-to-consumer', 'agile plm', 'business control center']"
Technology Integration,"['data entry', 'payment processing', 'internal controls', 'product integrations']"
Technology Integration,"['system imaging', 'mobility device management', 'troubleshooting', 'security of equipment', 'technical support', 'desktop user support', 'mdm systems', 'asset management', 'repair of technology systems', 'application installs and integration', 'inventory management', 'enterprise management systems', 'audio/visual set-up']"
Technology Integration,"['adult education instruction', 'adherence to sops', 'interpretation of program policies', 'law enforcement training', 'firearms training', 'tsa regulations compliance']"
Technology Integration,"['system design', 'test planning', 'troubleshooting', 'component fabrication', 'test documentation', 'test fixture assembly', 'calibration', 'test execution', 'data analysis']"
Technology Integration,"['defect management', 'test planning', 'use case creation', 'test data analysis', 'test director', 'worksoft', 'test documentation', 'software testing', 'qa methodologies', 'cucumber', 'verification and validation', 'test script development', 'hpqc', 'selenium', 'load runner']"
Technology Integration,"['mcafee antivirus applications', 'and acrobat reader', 'microsoft office', 'acrobat', 'windows server/advanced server', 'servers', 'detailed knowledge of networks', 'experience with windows 10', 'scanners', 'and backup devices', 'and desktop applications']"
Technology Integration,"['workflow development', 'documentation', 'configuration', 'itsm', 'servicenow', 'customization', 'user-training', 'design', 'integrations with backend systems', 'requirements analysis', 'testing']"
Technology Integration,"['ieel lustre', 'high performance computing', 'linux', 'hpc technologies', 'unix', 'hadoop', 'hortonworks', 'red hat', 'scality', '###']"
Technology Integration,"['repair', 'integration', 'consumer electronics delivery', 'network', 'inventory management']"
Technology Integration,"['d/3d packaging and assembly', 'tsvs', 'cu pillars', 'advanced high density packaging', 'c4 bumping', 'process characterization', 'solder materials', 'process integration', 'materials expertise']"
Technology Integration,"['telecommunications', 'utility billing', 'business systems', 'contract administration', 'data analytics', 'servers', 'urban planning', 'information security', 'procurement', 'internet self-service', 'graphic design', 'general information requests', 'finance', 'budget/fiscal management', 'geographic information systems', 'email customer contact center', 'political science', 'hr/payroll', 'integrated billing information technology', 'core network infrastructure', 'human resources', 'public administration', 'financial management systems', 'desktop support', 'information technology', 'database administration', 'accounting', '###']"
Technology Integration,"['technical skills:', 'system architecture design', 'information technology', 'bioinformatics', 'salesforce health applications', 'clinical informatics', 'data integration', 'quality assurance testing', 'health informatics']"
Technology Integration,"['requirements engineering', 'technical writing', 'software development life cycle', 'hardware/software engineering', 'systems engineering', 'network design', 'system test', 'sdlc']"
Technology Integration,"['data center cabling design', 'project management', 'data center technologies']"
Technology Integration,"['network performance monitoring', 'it security principles', 'it help desk support', 'pc maintenance', 'network protocols knowledge', 'network hardware knowledge', 'mobile device management', 'network infrastructure management', 'cisco voip phone support', 'software application support', 'microsoft windows server administration', 'microsoft exchange administration', 'it hardware maintenance', 'server administration', 'active directory management', 'printer maintenance', 'network security management', 'firewall configuration', 'vpn tunnel configuration']"
Technology Integration,"['customer service', 'email support', 'crm software', 'problem-solving', 'helpdesk software', 'phone support', 'live support', 'slack', 'written and verbal communication', 'google apps', 'salesforce', 'chat support', 'zendesk', 'internal tools', 'customer needs analysis', 'time management', 'intercom', 'lever admin', 'chrome console', 'technology proficiency', 'new tool adoption']"
Technology Integration,"['project management', 'vendor management', 'consultative advice', 'network improvements', 'quality standards.', 'analytical skills', 'relationship management', 'structured project management methodology']"
Technology Integration,"['xbox', 'gaming market knowledge', 'playstation', 'pc gaming knowledge', 'esports knowledge', 'legacy console knowledge']"
Technology Integration,"['computer software integration', 'extron controlled systems', 'streaming technology', 'classroom support', 'audio video equipment maintenance', 'media workflow improvement', 'av systems knowledge', 'industry conference participation', 'training material development', 'technology research', 'media technology integration', 'a/v integration', 'pc troubleshooting']"
Technology Integration,"['semiconductor process technology', 'metrology', 'dielectric deposition', 'device physics', 'process and device simulation', 'thin films', 'mems process technology', 'cmp', 'metal deposition', 'electrical-test data evaluation', 'photolithography', 'advanced semiconductor processing', 'device design', 'wet-etch', 'dry-etch']"
Technology Integration,"['disaster recovery/backup procedures', 'it support strategy', 'business intelligence', 'technology management', 'information security policy', 'access control structures', 'data science', 'software integrations']"
Technology Integration,"['troubleshooting', 'tape management', 'month-end process scheduling', 'high availability mirroring', 'iseries technology monitoring', 'sap operational support', 'systems backup management', 'iseries architecture experience', 'high availability experience', 'system resource utilization tracking', 'microsoft office suite proficiency', 'mimix or similar software', 'network printer troubleshooting', 'data analysis']"
Technology Integration,"['cgmp adherence', 'manufacturing process improvement', 'root cause analysis', 'process supervision', 'process validation', 'technology transfer', 'process integration', 'data management and analysis', 'process scalability']"
Technology Integration,"['salesforce crm', 'xslt', 'xsd', 'node.js', 'xml', 'xpath', 'javascript', 'kafka', 'rest web service integrations', 'soap web service integrations', 'react.js', 'sap s4 hana', 'json']"
Technology Integration,"['production support', 'coding', 'application design', 'knowledge of ezview', 'debugging', 'cl', 'basic knowledge of unix', 'hawkeye', 'rpgsql', 'technical design', 'functional specification', 'sql', 'programming languages: rpgle', 'db2', 'basic project management', 'documentation', 'systems analysis and programming', 'prototyping', 'software development', 'dds', 'testing', 'implementation', 'rpg/400', 'software design methodology', 'rpg iii', 'development standards', 'implementer', 'system integration testing', 'requirements gathering']"
Technology Integration,"['iot integrations', 'systems selection', 'data analytics', 'technology platform selection', 'efficiency studies', 'trend analysis', 'presentation software', 'iwms', 'corporate real estate technologies', 'business intelligence', 'smart workplace technologies', 'it strategy', 'contract negotiation', 'process improvement', 'mergers and acquisitions integration', 'point solutions', 'operational assessments', 'cloud technologies', 'big data', 'strategic planning']"
Technology Integration,"['production support', 'endpoint solutions', 'deployment', 'error resolution', 'incident resolution', 'infrastructure management', 'infrastructure support', 'documentation', 'systems administration', 'marimba components', 'scripting', 'software installs', 'deployment practices', 'global system support', 'monitoring applications']"
Technology Integration,"['unix', 'pl/sql', 'oracle performance tuning', '###']"
Technology Integration,"['customer support', 'troubleshooting', 'service level agreements', 'xml', 'knowledge of hcm', 'development collaboration', 'knowledge of erp applications', 'issue resolution', 'soap', 'wsdl', 'payroll', 'application integration', 'issue management', 'problem solving', 'or financials systems', 'testing']"
Technology Integration,"['internet search', 'medication management', 'typing', 'clinical record keeping', 'rehabilitation counseling', 'case management', 'microsoft office applications', '40 wpm', 'documentation management', 'data collection', 'first aid', 'crisis intervention']"
Technology Integration,"['automation', 'access management tools', 'database management', 'linux', 'infrastructure configuration', 'troubleshooting', 'customization of vendor products', 'system monitoring', 'application support', 'product evaluation', 'issue resolution', 'experience with windows']"
Technology Integration,"['vulnerability scanning', 'security assessments', 'risk analysis', 'threat modeling', 'web services', 'security testing', 'service oriented architectures', 'mobile application security', 'mobile application development']"
Technology Integration,"['r', 'data visualization', 'experimental design', 'causal inference', 'biomarker data analysis', 'statistical computing', 'genetic data analysis', 'statistical analysis', 'data analysis']"
Technology Integration,"['java', 'windows server', 'xml', 'visual basic', 'tcp/ip', 'html', 'microsoft sql', 'javascript', 'nt scripts', 'visio', 'hl7']"
Technology Integration,"['linux', 'jira', 'client-facing web application architecture', 'client/server web frameworks', 'rest services', 'cross-functional leadership', 'database design', 'mac osx', 'software engineering', 'aws', 'web technologies', 'template libraries', 'amazon web services', 'operating systems: windows', 'mortgage industry knowledge', 'wordpress', 'technology platforms', 'git', 'application development & deployment']"
Technology Integration,"['web-based collaboration tools', 'diagnosing technical issues', 'troubleshooting', 'integration', 'software testing', 'knowledge of internet technology', 'pc and network configuration', 'application setup']"
Technology Integration,"['entrepreneurial/start-up experience', 'experimentation', 'hypothesis driven', 'experience with ""outside-in-innovation""', 'design of experiments', 'multi-faceted technology development experience', 'intellectual property']"
Technology Integration,"['salesforce.com', 'and microsoft office']"
Technology Integration,"['strategic planning and analysis', 'industry trend analysis', 'acquisition integration', 'project planning', 'm&a evaluation', 'due diligence', 'relationship management']"
Technology Integration,"['citrix apex desktop environment', 'desktop', 'web', 'aka imagenow', 'eforms', 'administration of ecm system', 'iscripts', 'ecm training', 'and mobile client access', 'security policies maintenance', 'javascript', 'script maintenance', 'hyland’s perceptive content server', 'user replication policies']"
Technology Integration,"['project management', 'microsoft word', 'process mapping', 'project', 'sap hcm', 'software development life cycle', 'continuous improvement methodologies', 'excel', 'successfactors', 'system configuration', 'power point', 'visio', 'business process improvement']"
Technology Integration,"['strategy development', 'protocols development', 'performance monitoring', 'care pathways development', 'program development', 'clinical program content development', 'program evaluation', 'policy & procedures development', 'service delivery planning', 'evidence-based clinical research', 'process improvement', 'regulatory standards compliance']"
Technology Integration,"['acoustic doppler current profiler', 'field investigations', 'data dissemination', 'hydraulic data compilation', 'data collection', 'equipment upkeep', 'property accountability', 'equipment maintenance', 'safety practices', 'hydrology', 'hydraulics']"
Technology Integration,"['document control', 'front desk reception', 'environmental reporting', 'access', 'word', 'microsoft office', 'data entry', 'excel', 'file cataloging', 'sharepoint management', 'administrative assistance', 'online portal management', 'iso compliance']"
Technology Integration,"['telecom systems drafting', 'telecom infrastructure design', 'electronic security design', 'tia/eia standards', 'construction documents', 'revit 3d views', 'interior elevations', 'building & electrical codes', 'autocad', 'audiovisual design', 'technical details drafting', 'bicsi tddm', 'its fundamentals', 'revit mep']"
Technology Integration,"['model n-dataflow', 'model n-configuration', 'model n-data model', 'oracle-ls']"
Technology Integration,"['end-to-end testing', 'black box testing', 'integration testing', 'javascript', 'scalability testing', 'apache activemq', 'qa engineering', 'regression testing', 'performance testing', 'ui and ux testing', 'software quality assurance', 'java', 'apache jmeter', 'api testing', 'postman', 'back-end / database testing', 'white box testing', 'mongodb', 'soapui', 'load testing']"
Technology Integration,"['customer service', 'consumer electronics sales', 'technology solutions sales', 'metrics-driven sales', 'retail sales', 'technology/product/software teaching']"
Technology Integration,"['xbox', 'customer service', 'gaming market knowledge', 'event participation measurement', 'pc gaming knowledge', 'esports', 'networking with gaming communities', 'microsoft product knowledge', 'play station', 'retail sales']"
Technology Integration,"['cisco', 'microsoft technologies', 'network imaging', 'sla management', 'microsoft office suite', 'dell', 'vmware implementation', 'windows 10', 'ccna certification', 'apple technologies', 'macos', 'windows 7', 'acsp certification', 'enterprise-level networks', 'microsoft active directory', 'ios', 'mcse certification', 'windows server implementation', 'android operating systems', 'hp', 'lenovo', 'pxe']"
Technology Integration,"['powershell', 'unix shell scripting', 'beanshell']"
Technology Integration,"['smt process experience', 'smt processes development', 'thermal and mechanical analysis', 'packaging specifications', 'automotive manufacturing practices', 'solder alloys', 'cfd and fea', 'semiconductor packaging engineering']"
Technology Integration,"['applicant tracking systems', 'project management', 'vendor management', 'report and dashboard creation', 'integrations support', 'data reporting requirements', 'documentation', 'web analytics', 'system audit reports', 'system configuration', 'reporting', 'problem solving', 'system upgrades and maintenance']"
Technology Integration,"['technical skills:', 'precision optics', 'scanning electron microscopes', 'thermal systems', 'advanced software diagnostics', 'high/low pressure systems', 'computers and networking', 'hydraulics', ""dvm's"", 'lasers', 'robotics', 'pneumatic controls', 'high vacuum', 'oscilloscopes', 'advanced control software']"
Technology Integration,"['dsps and dmps operation', 'fighting ad fraud', 'quality assurance processes', 'resolving reporting discrepancies', 'ad server management', 'vvf tech familiarity', 'trafficking digital ad campaigns']"
Technology Integration,"['paid social channels', 'social media monitoring', 'content marketing', 'multi-channel marketing technologies', 'audience segmentation', 'social media marketing', 'influencer marketing']"
Technology Integration,"['financial analysis', 'investment analysis', 'due diligence', 'presentation skills', 'valuation', 'strategic analysis', 'data modeling', 'm&a process', 'technology integration', 'market research']"
Technology Integration,"['security methodologies', 'open-source software', 'enterprise technology architectures', 'analytical capabilities', 'itil best practices methodology', 'business intelligence', 'business data synthesis', 'it infrastructure', 'data analytics', 'web-based systems', 'strategic thinking', 'windows environments', 'meraki environments', 'integration and strategic planning', 'systems design and development']"
Technology Integration,"['remote access', 'service desk management software', 'knowledge of personal computers', 'technical troubleshooting and repair', 'ms windows and office', 'vpn', 'incident management tool', 'security management', 'anti-virus software', 'basis software management', 'software fundamentals', 'account administration', 'asset management', 'system backup/recovery']"
Technology Integration,"['system design', 'benching', 'asset tracking', 'un-benching', 'hardware installation', 'rack and stack', 'labeling', 'boxing', 'asset management', 'cable management', 'security compliance', 'data collection', 'process improvement']"
Technology Integration,"['gap closure plans', 'strikedeck', 'technology documentation standards', 'transaction integrations', 'technical specifications', 'netsuite', 'software configuration', 'access control', 'information systems performance measurement', 'system configuration', 'enterprise services', 'documentation tools', 'hubspot', 'technology skills', 'production environment configuration', 'data assessment', 'process skills', 'run books', 'operational guides']"
Technology Integration,"['linux', 'oracle', 'database structures', 'programming languages', 'web application servers', 'bash scripting', 'unix', 'operational protocols', 'python scripting', 'perl scripting', 'sql', 'windows', 'sql server', 'software patterns and concepts', 'mysql', 'postgres', 'network/systems architecture', 'xml configuration', 'tomcat', 'jboss']"
Technology Integration,"['instructional design', 'documentation writing', 'title integration software', 'educational strategies', 'softpro', 'ramquest', 'microsoft office applications', 'technical instruction', 'e.g.']"
Technology Integration,"['app installation', 'network and printer configuration', 'microsoft windows 7', 'word', 'e.g. hard drives', 'outlook', 'microsoft office', 'memory', 'android and iphone support', 'excel', 'network configuration', 'desktop systems troubleshooting', 'hardware replacements']"
Technology Integration,"['electronic data interchange', 'oracle', 'server operating systems', 'data transformation', 'mssql', 'database invocation', 'port architecture', 'security standards', 'java extensibility', 'data encryption & decryption', 'eai concepts', 'industry communication protocols', 'edi', 'file archiving', 'ibm business-to-business products', 'db2', 'managed file transfer', 'system architecture', 'vmware', 'content identification', 'data translation', 'virtualized servers', 'enterprise software', 'mft concepts', 'syncrofy', 'data routing', 'integration technologies', 'it applications', 'communication protocols', 'managed file transfer products', 'compliance standards', 'industry standards', 'databases']"
Technology Integration,"['development', 'software development lifecycle', 'workflow', 'change control best practices', 'intranet', 'sdlc', 'microsoft enterprise applications', 'dynamics gp/solver bi360', 'maintenance', 'project management', 'deployment', 'sharepoint', 'accounting/reporting system', 'resource allocation', 'project scheduling', 'crm', 'document management', 'k2 blackpearl/smart forms', 'staff management', 'solution implementation', 'workflow analysis', 'supervisory responsibilities', 'integration', 'administration', 'implementation', 'budget development', 'servicenow', 'operational integrity', 'architecture design', 'dynamics crm', 'laserfiche', 'itil - service desk']"
Technology Integration,"['advanced analytics', 'project management', 'marketing strategy', 'media measurement tools', 'reporting and analysis', 'programmatic audience buying', 'media buying', 'analytics', 'measurement plans', 'technology practices', 'kpi development', 'quantitative skills', 'data-driven insights', 'consulting skills', 'ms office skills']"
Technology Integration,"['reading prints', 'rework skills', 'rf sub-assemblies', 'j-std and ipc610-c/d standards', 'surface mount technology', 'hand soldering', 'smt', 'through-hole components']"
Technology Integration,"['coding', 'mobile development', 'security guidelines', 'integration', 'api documentation', 'technical documentation', 'software engineering', 'web development', 'github', 'paymentwall apis']"
Technology Integration,"['storage knowledge', 'scalability', 'server knowledge', 'benchmarking', 'containerization technologies', 'emerging standards knowledge', 'networking knowledge', 'database design', 'high availability', 'security', 'public/private cloud expertise', 'application integration', 'secure deployments', 'system management', 'third-party software integration', 'disaster recovery']"
Technology Integration,"['project management', 'troubleshooting equipment/system problems', 'wiring and cabling', 'distributed video system setup', 'leadership', 'electronic systems testing', 'dsp audio system setup', 'rack building/modification', 'retrofitting']"
Technology Integration,"['database concepts', 'pl/sql scripting', 'oracle', 'sap hana knowledge', 'software development life cycle', 'supply chain data models', 'systems infrastructure', 'systems development', 'jda applications integration']"
Technology Integration,"['software development lifecycle', 'problem-solving', 'item management', 'enhancement prioritization', 'agile development', 'sql databases', 'project management', 'itil processes', 'legacy system support', 'agile development methodology', 'code reviews', 'net web applications', 'integration development', 'application design and development', 'receiving', 'budget management', 'financial management', 'ordering', 'architecture design']"
Technology Integration,"['it budgeting', 'project management', 'system implementation', 'business continuity planning', 'it solutions', 'business process integration', 'data analysis', 'disaster recovery']"
Technology Integration,"['it knowledge for communication', 'desired', 'microsoft certified professional', 'troubleshooting desktop issues', 'desktop computing environment administration', 'security+ certification', 'microsoft office suite proficiency', 'mcp designation', 'network+ certification', 'mcdst certification', 'dod secret clearance']"
Technology Integration,"['egate', 'ensemble', 'cache', 'oracle', 'epic emr', 'bridges', 'computer programming languages', 'capsule', 'orion rhapsody', 'bridges certification', 'interface engines', 'mumps', 'engine', 'hl7']"
Technology Integration,[]
Technology Integration,"['spring core', 'java server faces', 'xml', 'java design patterns', 'servlets', 'flex', 'ansi sql', 'web services', 'java message service', 'ajax', 'rest web services', 'struts', 'spring mvc', 'jdbc', 'core java']"
Technology Integration,"['integrated master schedule development', 'internal and external audits', 'program planning', 'resource management', 'ms project 2013/2016', 'earned value management', 'ms project server']"
Technology Integration,"['curriculum development', 'network technology', 'chromebooks', 'information literacy', 'and windows operating systems', 'assistive technology', 'mac os', 'hardware and software troubleshooting', 'knowledge of ios', 'technology integration']"
Technology Integration,"['equipment operation', 'troubleshooting', 'workflow knowledge', 'technology proficiency', 'understanding of complex information', 'quality control procedures']"
Technology Integration,"['advanced systems concepts', 'network security', 'messaging systems', 'technology evaluation', 'active directory', 'systems infrastructure', 'new technology evaluation', 'cost/benefit analysis', 'data analysis']"
Technology Integration,"['project management', 'professional/technical expertise', 'server / database management', 'training', 'telecommunications administration', 'network management', 'software development', 'security administration']"
Technology Integration,"['microsoft excel', 'microsoft word', 'microsoft outlook', 'lean manufacturing', 'sap', 'sap inventory software']"
Technology Integration,"['cms supervisor', 'contact center technology', 'engagement designer', 'ivr', 'breeze', 'software administration', 'voicemail', 'cti', 'dialers', 'omni channels', 'call recording', 'avaya cms', 'attribute-based skill routing', 'interactive voice response', 'computer-telephony integration', 'vectoring', 'intelligent call routing', 'troubleshooting', 'oceana', 'phone systems']"
Technology Integration,"['secure sdlc', 'soap/rest web services', 'event hubs', 'azure integration services', 'logic apps', 'j2ee based web applications', 'design patterns', 'jms', 'spring framework', 'xpath', 'cxf', 'raml', 'open api development', 'xslt', 'soa concepts', 'xsl/t', 'esb', 'git', 'json', 'java programming', 'asp.net', 'tfs', 'wcf', 'service bus']"
Technology Integration,"['packaging and onboarding', 'technical writing', 'database management', 'configuration management', 'risk management', 'software asset management', 'application maintenance', 'sam', 'application testing', 'license optimization', 'configuration policies', 'support tracking', 'scripting and automation', 'upgrade planning']"
Technology Integration,"['maintenance', 'and data integration', 'end user support', 'setup', 'basic web tools', 'integrated library system', 'specialized academic software', 'spss', 'scripting', 'mathematica', 'arc gis', 'e.g.']"
Technology Integration,"['press material writing', 'content creation', 'event support', 'social media reporting', 'social media strategy', 'online customer service', 'blog and article writing', 'email campaign management', 'proofreading', 'writing and editing', 'public relations activities']"
Technology Integration,"['service oriented architecture', 'ldap', 'application troubleshooting', 'design requirements', 'test protocol development', 'active directory integration', 'it infrastructure maintenance', 'java/j2ee', 'tibco business works', 'ibm mq', 'it applications development', 'cargowise one', 'sql databases', 'application deployment', 'soa', 'quality assurance testing', 'data integrity analysis']"
Technology Integration,"['cmos technology', 'device physics', 'mosfets', 'semiconductor materials', 'characterizing fet devices', 'semiconductor processing', 'semiconductor integration']"
Technology Integration,"['agile framework development', 'third-party application suites', 'microsoft sqlserver: query writing', 'database structure design', 'ss integration services', 'performance tuning']"
Technology Integration,"['project management', 'high availability architectures', 'solution integration', 'documentation', 'web services', 'communication skills', 'salesforce', 'software development', 'testing', 'tableau']"
Technology Integration,"['java', 'video or audio codecs', 'http', 'xml', 'python', 'sql queries', 'html', 'unix/linux systems', 'digital rights management', 'javascript', 'php', 'scripting languages', 'live streaming', 'data analysis', '/vr', 'drm solutions']"
